[2026-08-14 09:40:02.206] [INFO] [ExcelBatchGenerator.MainWindow] 程序启动
[2026-08-14 09:40:02.466] [INFO] [ExcelBatchGenerator.MainWindow] 开始执行自动化任务
[2026-08-14 09:40:02.469] [INFO] [ExcelBatchGenerator.MainWindow] products_str: '23036_N24四方管,W-12010_V1&V2', products: ['23036_N24四方管', 'W-12010_V1&V2']
[2026-08-14 09:40:02.472] [INFO] [ExcelBatchGenerator.AutoScheduler] 今日任务: 0 个产品
[2026-08-14 09:40:02.472] [INFO] [ExcelBatchGenerator.MainWindow] tasks 结果: {}
[2026-08-14 09:40:02.472] [INFO] [ExcelBatchGenerator.MainWindow] 今日无任务
[2026-08-14 09:40:02.473] [INFO] [ExcelBatchGenerator.MainWindow] 无界面模式，退出程序
[2026-08-14 10:35:45.138] [INFO] [ExcelBatchGenerator.MainWindow] 程序启动
[2026-08-14 10:36:12.772] [INFO] [ExcelBatchGenerator.MainWindow] 加载模板: 19069_8代滤镜框首件检验表模板.xlsx
[2026-08-14 10:36:13.941] [INFO] [ExcelBatchGenerator.MainWindow] 加载配置: 19069_8代滤镜框 - 首件
[2026-08-14 10:36:13.942] [INFO] [ExcelBatchGenerator.MainWindow] 模板路径已保存: E:/test-shenzhen/文档模板/8代滤镜框/19069/首件检验表/19069_8代滤镜框首件检验表模板.xlsx
[2026-08-14 10:37:23.229] [INFO] [ExcelBatchGenerator.MainWindow] 添加规则: 98c93b3b
[2026-08-14 10:37:54.388] [INFO] [ExcelBatchGenerator.MainWindow] 添加规则: 24a07a84
[2026-08-14 10:38:12.162] [INFO] [ExcelBatchGenerator.MainWindow] 添加规则: aba51561
[2026-08-14 10:38:46.290] [INFO] [ExcelBatchGenerator.MainWindow] 添加规则: fa7782fa
[2026-08-14 10:38:55.453] [INFO] [ExcelBatchGenerator.MainWindow] 添加规则: 92942224
[2026-08-14 10:39:10.929] [INFO] [ExcelBatchGenerator.MainWindow] 添加规则: 08e41663
[2026-08-14 10:39:21.265] [INFO] [ExcelBatchGenerator.MainWindow] 添加规则: 2d44a51b
[2026-08-14 10:39:35.968] [INFO] [ExcelBatchGenerator.MainWindow] 添加规则: 82bfa764
[2026-08-14 10:40:16.619] [INFO] [ExcelBatchGenerator.MainWindow] 添加规则: 2b0ec7b9
[2026-08-14 10:41:44.407] [INFO] [ExcelBatchGenerator.MainWindow] 加载模板: 19069_8代滤镜框过程检验表模板.xlsx
[2026-08-14 10:41:44.407] [INFO] [ExcelBatchGenerator.MainWindow] 加载配置: 19069_8代滤镜框 - 过程
[2026-08-14 10:41:44.529] [INFO] [ExcelBatchGenerator.MainWindow] 加载配置: 19069_8代滤镜框 - 过程
[2026-08-14 10:41:44.530] [INFO] [ExcelBatchGenerator.MainWindow] 模板路径已保存: E:/test-shenzhen/文档模板/8代滤镜框/19069/过程检验表/19069_8代滤镜框过程检验表模板.xlsx
[2026-08-14 10:42:17.278] [INFO] [ExcelBatchGenerator.MainWindow] 加载模板: 19069_8代滤镜框过程检验表模板.xlsx
[2026-08-14 10:42:18.478] [INFO] [ExcelBatchGenerator.MainWindow] 加载配置: 19069_8代滤镜框 - 过程
[2026-08-14 10:42:18.481] [INFO] [ExcelBatchGenerator.MainWindow] 模板路径已保存: E:/test-shenzhen/文档模板/8代滤镜框/19069/过程检验表/19069_8代滤镜框过程检验表模板.xlsx
[2026-08-14 10:45:35.517] [INFO] [ExcelBatchGenerator.MainWindow] 添加规则: 6041f3eb
[2026-08-14 10:45:51.712] [INFO] [ExcelBatchGenerator.MainWindow] 加载模板: 19069_8代滤镜框成品检验表模板.xlsx
[2026-08-14 10:45:51.712] [INFO] [ExcelBatchGenerator.MainWindow] 加载配置: 19069_8代滤镜框 - 成品
[2026-08-14 10:45:51.829] [INFO] [ExcelBatchGenerator.MainWindow] 加载配置: 19069_8代滤镜框 - 成品
[2026-08-14 10:45:51.830] [INFO] [ExcelBatchGenerator.MainWindow] 模板路径已保存: E:/test-shenzhen/文档模板/8代滤镜框/19069/成品检验表/19069_8代滤镜框成品检验表模板.xlsx
[2026-08-14 10:48:12.652] [INFO] [ExcelBatchGenerator.MainWindow] 加载模板: 2012-055_W-97B镜片首件检验表模板.xlsx
[2026-08-14 10:48:12.653] [INFO] [ExcelBatchGenerator.MainWindow] 加载配置: 2012-055_W-97B镜片 - 首件
[2026-08-14 10:48:12.984] [INFO] [ExcelBatchGenerator.MainWindow] 加载配置: 2012-055_W-97B镜片 - 首件
[2026-08-14 10:48:12.985] [INFO] [ExcelBatchGenerator.MainWindow] 模板路径已保存: E:/test-shenzhen/文档模板/97B/2012-055-W-97B镜片/首件检验表/2012-055_W-97B镜片首件检验表模板.xlsx
[2026-08-14 10:51:05.045] [INFO] [ExcelBatchGenerator.MainWindow] 添加规则: 35d0f9b2
[2026-08-14 10:51:21.835] [INFO] [ExcelBatchGenerator.MainWindow] 添加规则: 27c379c1
[2026-08-14 10:51:34.563] [INFO] [ExcelBatchGenerator.MainWindow] 导出规则: E:/test-shenzhen/文档模板/首件通用.json
[2026-08-14 10:51:56.930] [INFO] [ExcelBatchGenerator.MainWindow] 添加规则: 06fd0396
[2026-08-14 10:52:10.455] [INFO] [ExcelBatchGenerator.MainWindow] 添加规则: 6cbee71b
[2026-08-14 10:52:20.749] [INFO] [ExcelBatchGenerator.MainWindow] 添加规则: 2cff9b3e
[2026-08-14 10:52:31.495] [INFO] [ExcelBatchGenerator.MainWindow] 添加规则: a09d05d2
[2026-08-14 10:52:54.982] [INFO] [ExcelBatchGenerator.MainWindow] 加载模板: 2012-055_W-97B镜片过程检验表模板.xlsx
[2026-08-14 10:52:54.982] [INFO] [ExcelBatchGenerator.MainWindow] 加载配置: 2012-055_W-97B镜片 - 过程
[2026-08-14 10:52:55.104] [INFO] [ExcelBatchGenerator.MainWindow] 加载配置: 2012-055_W-97B镜片 - 过程
[2026-08-14 10:52:55.105] [INFO] [ExcelBatchGenerator.MainWindow] 模板路径已保存: E:/test-shenzhen/文档模板/97B/2012-055-W-97B镜片/过程检验表/2012-055_W-97B镜片过程检验表模板.xlsx
[2026-08-14 10:54:59.946] [INFO] [ExcelBatchGenerator.MainWindow] 添加规则: 5abbcc93
[2026-08-14 10:55:08.688] [INFO] [ExcelBatchGenerator.MainWindow] 加载模板: 2012-055_W-97B镜片成品检验表模板.xlsx
[2026-08-14 10:55:08.689] [INFO] [ExcelBatchGenerator.MainWindow] 加载配置: 2012-055_W-97B镜片 - 成品
[2026-08-14 10:55:08.808] [INFO] [ExcelBatchGenerator.MainWindow] 加载配置: 2012-055_W-97B镜片 - 成品
[2026-08-14 10:55:08.809] [INFO] [ExcelBatchGenerator.MainWindow] 模板路径已保存: E:/test-shenzhen/文档模板/97B/2012-055-W-97B镜片/成品检验表/2012-055_W-97B镜片成品检验表模板.xlsx
[2026-08-14 10:59:24.725] [INFO] [ExcelBatchGenerator.MainWindow] 加载模板: 25039_W-97B面底壳首件检验表模板.xlsx
[2026-08-14 10:59:24.726] [INFO] [ExcelBatchGenerator.MainWindow] 加载配置: 25039_W-97B面底壳 - 首件
[2026-08-14 10:59:25.069] [INFO] [ExcelBatchGenerator.MainWindow] 加载配置: 25039_W-97B面底壳 - 首件
[2026-08-14 10:59:25.069] [INFO] [ExcelBatchGenerator.MainWindow] 模板路径已保存: E:/test-shenzhen/文档模板/97B/25039-97B主体/首件检验表/25039_W-97B面底壳首件检验表模板.xlsx
[2026-08-14 11:01:36.256] [INFO] [ExcelBatchGenerator.MainWindow] 添加规则: 0d007f57
[2026-08-14 11:01:57.770] [INFO] [ExcelBatchGenerator.MainWindow] 添加规则: cf142da0
[2026-08-14 11:02:23.582] [INFO] [ExcelBatchGenerator.MainWindow] 添加规则: 549a071e
[2026-08-14 11:02:47.630] [INFO] [ExcelBatchGenerator.MainWindow] 添加规则: 880042e1
[2026-08-14 11:03:00.508] [INFO] [ExcelBatchGenerator.MainWindow] 添加规则: e1755df7
[2026-08-14 11:03:11.775] [INFO] [ExcelBatchGenerator.MainWindow] 添加规则: a6ae475e
[2026-08-14 11:03:25.293] [INFO] [ExcelBatchGenerator.MainWindow] 添加规则: 1dc55760
[2026-08-14 11:03:36.460] [INFO] [ExcelBatchGenerator.MainWindow] 添加规则: f75f763f
[2026-08-14 11:03:45.941] [INFO] [ExcelBatchGenerator.MainWindow] 添加规则: 4480233f
[2026-08-14 11:03:56.752] [INFO] [ExcelBatchGenerator.MainWindow] 添加规则: 15a79a9d
[2026-08-14 11:04:13.678] [INFO] [ExcelBatchGenerator.MainWindow] 添加规则: 56d88acc
[2026-08-14 11:04:25.918] [INFO] [ExcelBatchGenerator.MainWindow] 添加规则: 755889da
[2026-08-14 11:04:37.942] [INFO] [ExcelBatchGenerator.MainWindow] 添加规则: 804741d1
[2026-08-14 11:04:51.790] [INFO] [ExcelBatchGenerator.MainWindow] 添加规则: 303c0cad
[2026-08-14 11:05:04.028] [INFO] [ExcelBatchGenerator.MainWindow] 添加规则: a321131b
[2026-08-14 11:05:26.438] [INFO] [ExcelBatchGenerator.MainWindow] 添加规则: dbcdf719
[2026-08-14 11:05:41.012] [INFO] [ExcelBatchGenerator.MainWindow] 添加规则: 049605d0
[2026-08-14 11:05:51.068] [INFO] [ExcelBatchGenerator.MainWindow] 添加规则: 04d44482
[2026-08-14 11:06:03.671] [INFO] [ExcelBatchGenerator.MainWindow] 添加规则: b5b15f6a
[2026-08-14 11:06:15.094] [INFO] [ExcelBatchGenerator.MainWindow] 添加规则: cd4031ea
[2026-08-14 11:07:03.965] [INFO] [ExcelBatchGenerator.MainWindow] 加载模板: 25039_W-97B面底壳过程检验表模板.xlsx
[2026-08-14 11:07:03.966] [INFO] [ExcelBatchGenerator.MainWindow] 加载配置: 25039_W-97B面底壳 - 过程
[2026-08-14 11:07:06.924] [INFO] [ExcelBatchGenerator.MainWindow] 加载配置: 25039_W-97B面底壳 - 过程
[2026-08-14 11:07:06.925] [INFO] [ExcelBatchGenerator.MainWindow] 模板路径已保存: E:/test-shenzhen/文档模板/97B/25039-97B主体/过程检验表/25039_W-97B面底壳过程检验表模板.xlsx
[2026-08-14 11:12:43.334] [INFO] [ExcelBatchGenerator.MainWindow] 添加规则: f2ce7d91
[2026-08-14 11:12:51.059] [INFO] [ExcelBatchGenerator.MainWindow] 添加规则: fe4df52c
[2026-08-14 11:12:59.259] [INFO] [ExcelBatchGenerator.MainWindow] 添加规则: 62c40111
[2026-08-14 11:13:18.874] [INFO] [ExcelBatchGenerator.MainWindow] 加载模板: 25039_W-97B面底壳成品检验表模板.xlsx
[2026-08-14 11:13:18.875] [INFO] [ExcelBatchGenerator.MainWindow] 加载配置: 25039_W-97B面底壳 - 成品
[2026-08-14 11:13:19.023] [INFO] [ExcelBatchGenerator.MainWindow] 加载配置: 25039_W-97B面底壳 - 成品
[2026-08-14 11:13:19.024] [INFO] [ExcelBatchGenerator.MainWindow] 模板路径已保存: E:/test-shenzhen/文档模板/97B/25039-97B主体/成品检验表/25039_W-97B面底壳成品检验表模板.xlsx
[2026-08-14 11:21:24.727] [INFO] [ExcelBatchGenerator.MainWindow] 加载模板: 25040_W-97B配件首件检验表模板.xlsx
[2026-08-14 11:21:24.728] [INFO] [ExcelBatchGenerator.MainWindow] 加载配置: 25040_W-97B配件 - 首件
[2026-08-14 11:21:27.047] [INFO] [ExcelBatchGenerator.MainWindow] 加载配置: 25040_W-97B配件 - 首件
[2026-08-14 11:21:27.048] [INFO] [ExcelBatchGenerator.MainWindow] 模板路径已保存: E:/test-shenzhen/文档模板/97B/25040-97B配件/首件检验表/25040_W-97B配件首件检验表模板.xlsx
[2026-08-14 11:29:40.851] [INFO] [ExcelBatchGenerator.MainWindow] 添加规则: 035aedb3
[2026-08-14 11:30:03.414] [INFO] [ExcelBatchGenerator.MainWindow] 添加规则: 0080949b
[2026-08-14 11:30:25.777] [INFO] [ExcelBatchGenerator.MainWindow] 添加规则: 0dc90557
[2026-08-14 11:30:35.378] [INFO] [ExcelBatchGenerator.MainWindow] 添加规则: ebd787fa
[2026-08-14 11:30:45.455] [INFO] [ExcelBatchGenerator.MainWindow] 添加规则: cc4acd04
[2026-08-14 11:30:58.851] [INFO] [ExcelBatchGenerator.MainWindow] 添加规则: 812ea2b8
[2026-08-14 11:31:14.068] [INFO] [ExcelBatchGenerator.MainWindow] 添加规则: fd03cc90
[2026-08-14 11:31:23.690] [INFO] [ExcelBatchGenerator.MainWindow] 添加规则: 123bf358
[2026-08-14 11:31:41.089] [INFO] [ExcelBatchGenerator.MainWindow] 添加规则: dcfa3dd6
[2026-08-14 11:31:55.626] [INFO] [ExcelBatchGenerator.MainWindow] 添加规则: 83467b80
[2026-08-14 11:32:06.051] [INFO] [ExcelBatchGenerator.MainWindow] 添加规则: 5d708195
[2026-08-14 11:32:19.755] [INFO] [ExcelBatchGenerator.MainWindow] 添加规则: 0c131421
[2026-08-14 11:32:28.642] [INFO] [ExcelBatchGenerator.MainWindow] 添加规则: 6e910370
[2026-08-14 11:32:39.386] [INFO] [ExcelBatchGenerator.MainWindow] 添加规则: 723ba53f
[2026-08-14 11:32:48.562] [INFO] [ExcelBatchGenerator.MainWindow] 添加规则: eb93f824
[2026-08-14 11:33:04.242] [INFO] [ExcelBatchGenerator.MainWindow] 添加规则: 9ee06846
[2026-08-14 11:33:14.109] [INFO] [ExcelBatchGenerator.MainWindow] 添加规则: 9b149e89
[2026-08-14 11:35:04.492] [INFO] [ExcelBatchGenerator.MainWindow] 加载模板: 25040_W-97B配件过程检验表模板.xlsx
[2026-08-14 11:35:04.492] [INFO] [ExcelBatchGenerator.MainWindow] 加载配置: 25040_W-97B配件 - 过程
[2026-08-14 11:35:05.727] [INFO] [ExcelBatchGenerator.MainWindow] 加载配置: 25040_W-97B配件 - 过程
[2026-08-14 11:35:05.728] [INFO] [ExcelBatchGenerator.MainWindow] 模板路径已保存: E:/test-shenzhen/文档模板/97B/25040-97B配件/过程检验表/25040_W-97B配件过程检验表模板.xlsx
[2026-08-14 11:43:44.964] [INFO] [ExcelBatchGenerator.MainWindow] 添加规则: 1f191861
[2026-08-14 11:43:55.151] [INFO] [ExcelBatchGenerator.MainWindow] 加载模板: 25040_W-97B配件成品检验表模板.xlsx
[2026-08-14 11:43:55.152] [INFO] [ExcelBatchGenerator.MainWindow] 加载配置: 25040_W-97B配件 - 成品
[2026-08-14 11:43:57.216] [INFO] [ExcelBatchGenerator.MainWindow] 加载配置: 25040_W-97B配件 - 成品
[2026-08-14 11:43:57.218] [INFO] [ExcelBatchGenerator.MainWindow] 模板路径已保存: E:/test-shenzhen/文档模板/97B/25040-97B配件/成品检验表/25040_W-97B配件成品检验表模板.xlsx
[2026-08-14 11:46:22.641] [INFO] [ExcelBatchGenerator.MainWindow] 加载模板: 25039_W-97B面底壳成品检验表模板.xlsx
[2026-08-14 11:46:22.771] [INFO] [ExcelBatchGenerator.MainWindow] 加载配置: 25039_W-97B面底壳 - 成品
[2026-08-14 11:46:22.772] [INFO] [ExcelBatchGenerator.MainWindow] 模板路径已保存: E:/test-shenzhen/文档模板/97B/25039-97B主体/成品检验表/25039_W-97B面底壳成品检验表模板.xlsx
[2026-08-14 17:20:57.512] [INFO] [ExcelBatchGenerator.MainWindow] 程序启动
[2026-08-14 17:21:09.082] [INFO] [ExcelBatchGenerator.MainWindow] 加载模板: 日历.xlsx
[2026-08-14 17:21:09.083] [INFO] [ExcelBatchGenerator.MainWindow] 加载配置: 日历 - 过程
[2026-08-14 17:21:09.187] [INFO] [ExcelBatchGenerator.MainWindow] 加载配置: 日历 - 过程
[2026-08-14 17:21:09.188] [INFO] [ExcelBatchGenerator.MainWindow] 模板路径已保存: E:/test-shenzhen/日历.xlsx
[2026-08-14 17:21:21.484] [INFO] [ExcelBatchGenerator.MainWindow] 加载模板: 7004_W-06镜片首件检验表模板.xlsx
[2026-08-14 17:21:21.485] [INFO] [ExcelBatchGenerator.MainWindow] 加载配置: 7004_W-06镜片 - 首件
[2026-08-14 17:21:22.614] [INFO] [ExcelBatchGenerator.MainWindow] 加载配置: 7004_W-06镜片 - 首件
[2026-08-14 17:21:22.615] [INFO] [ExcelBatchGenerator.MainWindow] 模板路径已保存: E:/test-shenzhen/文档模板/W-06镜片/7004/首件检验表/7004_W-06镜片首件检验表模板.xlsx
[2026-08-14 17:22:20.185] [INFO] [ExcelBatchGenerator.MainWindow] 添加规则: 64d93f6d
[2026-08-14 17:22:32.749] [INFO] [ExcelBatchGenerator.MainWindow] 添加规则: 52784954
[2026-08-14 17:23:13.053] [INFO] [ExcelBatchGenerator.MainWindow] 添加规则: cea51712
[2026-08-14 17:23:25.901] [INFO] [ExcelBatchGenerator.MainWindow] 添加规则: 10469bcc
[2026-08-14 17:23:47.238] [INFO] [ExcelBatchGenerator.MainWindow] 添加规则: 1b2676c7
[2026-08-14 17:24:00.878] [INFO] [ExcelBatchGenerator.MainWindow] 添加规则: f8e0eae5
[2026-08-14 17:24:14.249] [INFO] [ExcelBatchGenerator.MainWindow] 添加规则: d8a247b3
[2026-08-14 17:24:25.558] [INFO] [ExcelBatchGenerator.MainWindow] 添加规则: 54ce6df5
[2026-08-14 17:24:35.438] [INFO] [ExcelBatchGenerator.MainWindow] 添加规则: e604286f
[2026-08-14 17:24:44.887] [INFO] [ExcelBatchGenerator.MainWindow] 添加规则: dc396285
[2026-08-14 17:25:47.904] [INFO] [ExcelBatchGenerator.MainWindow] 输出目录已记录: E:/惠州需求-确定版/首件、成品、过程/W-06镜片/7004/首件检验表
[2026-08-14 17:25:47.913] [INFO] [ExcelBatchGenerator.MainWindow] 开始生成，类型: 首件，共 2 个文件
[2026-08-14 17:25:47.915] [INFO] [ExcelBatchGenerator.GenerateThread] 开始生成，类型: 首件，共 2 个文件
[2026-08-14 17:25:48.094] [INFO] [ExcelBatchGenerator.GenerateThread] ✓ 已生成: 7004_W-06镜片_首件检验表_20260611.xlsx
[2026-08-14 17:25:49.680] [INFO] [ExcelBatchGenerator.GenerateThread] ✓ 已生成: 7004_W-06镜片_首件检验表_20260615.xlsx
[2026-08-14 17:25:49.680] [INFO] [ExcelBatchGenerator.GenerateThread] 生成完成，成功 2/2
[2026-08-14 17:25:49.683] [INFO] [ExcelBatchGenerator.MainWindow] 生成完成，成功 2/2
[2026-08-14 17:28:04.940] [INFO] [ExcelBatchGenerator.MainWindow] 加载模板: 7004_W-06镜片过程检验表模板.xlsx
[2026-08-14 17:28:04.940] [INFO] [ExcelBatchGenerator.MainWindow] 加载配置: 7004_W-06镜片 - 过程
[2026-08-14 17:28:06.116] [INFO] [ExcelBatchGenerator.MainWindow] 加载配置: 7004_W-06镜片 - 过程
[2026-08-14 17:28:06.117] [INFO] [ExcelBatchGenerator.MainWindow] 模板路径已保存: E:/test-shenzhen/文档模板/W-06镜片/7004/过程检验表/7004_W-06镜片过程检验表模板.xlsx
[2026-08-14 17:30:15.020] [INFO] [ExcelBatchGenerator.MainWindow] 添加规则: 98b6b313
[2026-08-14 17:30:21.743] [INFO] [ExcelBatchGenerator.MainWindow] 输出目录已记录: E:/惠州需求-确定版/首件、成品、过程/W-06镜片/7004/过程检验表
[2026-08-14 17:30:21.749] [INFO] [ExcelBatchGenerator.MainWindow] 开始生成，类型: 过程，共 6 个文件
[2026-08-14 17:30:21.750] [INFO] [ExcelBatchGenerator.GenerateThread] 开始生成，类型: 过程，共 6 个文件
[2026-08-14 17:30:22.353] [INFO] [ExcelBatchGenerator.GenerateThread] ✓ 已生成: 7004_W-06镜片_过程检验表_20260611.xlsx
[2026-08-14 17:30:23.708] [INFO] [ExcelBatchGenerator.GenerateThread] ✓ 已生成: 7004_W-06镜片_过程检验表_20260612.xlsx
[2026-08-14 17:30:24.935] [INFO] [ExcelBatchGenerator.GenerateThread] ✓ 已生成: 7004_W-06镜片_过程检验表_20260613.xlsx
[2026-08-14 17:30:26.050] [INFO] [ExcelBatchGenerator.GenerateThread] ✓ 已生成: 7004_W-06镜片_过程检验表_20260615.xlsx
[2026-08-14 17:30:27.520] [INFO] [ExcelBatchGenerator.GenerateThread] ✓ 已生成: 7004_W-06镜片_过程检验表_20260616.xlsx
[2026-08-14 17:30:28.759] [INFO] [ExcelBatchGenerator.GenerateThread] ✓ 已生成: 7004_W-06镜片_过程检验表_20260617.xlsx
[2026-08-14 17:30:28.760] [INFO] [ExcelBatchGenerator.GenerateThread] 生成完成，成功 6/6
[2026-08-14 17:30:28.764] [INFO] [ExcelBatchGenerator.MainWindow] 生成完成，成功 6/6
[2026-08-14 17:31:15.973] [INFO] [ExcelBatchGenerator.MainWindow] 输出目录已记录: E:/惠州需求-确定版/首件、成品、过程/W-06镜片/7004/过程检验表
[2026-08-14 17:31:15.977] [INFO] [ExcelBatchGenerator.MainWindow] 开始生成，类型: 过程，共 6 个文件
[2026-08-14 17:31:15.978] [INFO] [ExcelBatchGenerator.GenerateThread] 开始生成，类型: 过程，共 6 个文件
[2026-08-14 17:31:17.193] [INFO] [ExcelBatchGenerator.GenerateThread] ✓ 已生成: 7004_W-06镜片_过程检验表_20260611.xlsx
[2026-08-14 17:31:18.461] [INFO] [ExcelBatchGenerator.GenerateThread] ✓ 已生成: 7004_W-06镜片_过程检验表_20260612.xlsx
[2026-08-14 17:31:19.689] [INFO] [ExcelBatchGenerator.GenerateThread] ✓ 已生成: 7004_W-06镜片_过程检验表_20260613.xlsx
[2026-08-14 17:31:20.821] [INFO] [ExcelBatchGenerator.GenerateThread] ✓ 已生成: 7004_W-06镜片_过程检验表_20260615.xlsx
[2026-08-14 17:31:22.039] [INFO] [ExcelBatchGenerator.GenerateThread] ✓ 已生成: 7004_W-06镜片_过程检验表_20260616.xlsx
[2026-08-14 17:31:23.383] [INFO] [ExcelBatchGenerator.GenerateThread] ✓ 已生成: 7004_W-06镜片_过程检验表_20260617.xlsx
[2026-08-14 17:31:23.384] [INFO] [ExcelBatchGenerator.GenerateThread] 生成完成，成功 6/6
[2026-08-14 17:31:23.386] [INFO] [ExcelBatchGenerator.MainWindow] 生成完成，成功 6/6
[2026-08-14 18:33:29.703] [INFO] [ExcelBatchGenerator.MainWindow] 加载模板: 7004_W-06镜片成品检验表模板.xlsx
[2026-08-14 18:33:29.703] [INFO] [ExcelBatchGenerator.MainWindow] 加载配置: 7004_W-06镜片 - 成品
[2026-08-14 18:33:29.792] [INFO] [ExcelBatchGenerator.MainWindow] 加载配置: 7004_W-06镜片 - 成品
[2026-08-14 18:33:29.793] [INFO] [ExcelBatchGenerator.MainWindow] 模板路径已保存: E:/test-shenzhen/文档模板/W-06镜片/7004/成品检验表/7004_W-06镜片成品检验表模板.xlsx
[2026-08-14 18:35:43.939] [INFO] [ExcelBatchGenerator.MainWindow] 输出目录已记录: E:/惠州需求-确定版/首件、成品、过程/W-06镜片/7004/成品检验表
[2026-08-14 18:35:43.943] [INFO] [ExcelBatchGenerator.MainWindow] 开始生成，类型: 成品，共 2 个文件
[2026-08-14 18:35:43.944] [INFO] [ExcelBatchGenerator.GenerateThread] 开始生成，类型: 成品，共 2 个文件
[2026-08-14 18:35:44.227] [INFO] [ExcelBatchGenerator.GenerateThread] ✓ 已生成: 7004_W-06镜片_成品检验表_20260613.xlsx
[2026-08-14 18:35:45.888] [INFO] [ExcelBatchGenerator.GenerateThread] ✓ 已生成: 7004_W-06镜片_成品检验表_20260617.xlsx
[2026-08-14 18:35:45.888] [INFO] [ExcelBatchGenerator.GenerateThread] 生成完成，成功 2/2
[2026-08-14 18:35:45.889] [INFO] [ExcelBatchGenerator.MainWindow] 生成完成，成功 2/2
[2026-08-14 18:37:26.394] [INFO] [ExcelBatchGenerator.MainWindow] 加载模板: 21056_97B插地管首件检验表模板.xlsx
[2026-08-14 18:37:26.395] [INFO] [ExcelBatchGenerator.MainWindow] 加载配置: 21056_97B插地管 - 首件
[2026-08-14 18:37:27.523] [INFO] [ExcelBatchGenerator.MainWindow] 加载配置: 21056_97B插地管 - 首件
[2026-08-14 18:37:27.524] [INFO] [ExcelBatchGenerator.MainWindow] 模板路径已保存: E:/test-shenzhen/文档模板/97B插地管/首件检验表/21056_97B插地管首件检验表模板.xlsx
[2026-08-14 18:39:57.827] [INFO] [ExcelBatchGenerator.MainWindow] 加载模板: 24081_夹子硬胶首件检验表模板.xlsx
[2026-08-14 18:39:58.809] [INFO] [ExcelBatchGenerator.MainWindow] 加载配置: 24081_夹子硬胶 - 首件
[2026-08-14 18:39:58.810] [INFO] [ExcelBatchGenerator.MainWindow] 模板路径已保存: E:/test-shenzhen/文档模板/夹子硬胶/24081/首件检验表/24081_夹子硬胶首件检验表模板.xlsx
[2026-08-14 18:42:13.097] [INFO] [ExcelBatchGenerator.MainWindow] 添加规则: 6f55d436
[2026-08-14 18:42:23.512] [INFO] [ExcelBatchGenerator.MainWindow] 添加规则: 9b3b5c25
[2026-08-14 18:42:39.989] [INFO] [ExcelBatchGenerator.MainWindow] 添加规则: 7da0a3de
[2026-08-14 18:43:00.646] [INFO] [ExcelBatchGenerator.MainWindow] 添加规则: 27bac5ac
[2026-08-14 18:43:27.365] [INFO] [ExcelBatchGenerator.MainWindow] 添加规则: e45bbd45
[2026-08-14 18:43:46.116] [INFO] [ExcelBatchGenerator.MainWindow] 添加规则: 459bbc11
[2026-08-14 18:43:57.421] [INFO] [ExcelBatchGenerator.MainWindow] 删除规则: 459bbc11
[2026-08-14 18:44:11.439] [INFO] [ExcelBatchGenerator.MainWindow] 添加规则: 692a0a8b
[2026-08-14 18:44:34.254] [INFO] [ExcelBatchGenerator.MainWindow] 添加规则: ec576c36
[2026-08-14 18:44:46.848] [INFO] [ExcelBatchGenerator.MainWindow] 添加规则: 7edd9de4
[2026-08-14 18:45:05.072] [INFO] [ExcelBatchGenerator.MainWindow] 输出目录已记录: E:/test-shenzhen/文档模板/夹子硬胶/24081/首件检验表
[2026-08-14 18:45:05.077] [INFO] [ExcelBatchGenerator.MainWindow] 开始生成，类型: 首件，共 2 个文件
[2026-08-14 18:45:05.078] [INFO] [ExcelBatchGenerator.GenerateThread] 开始生成，类型: 首件，共 2 个文件
[2026-08-14 18:45:06.305] [INFO] [ExcelBatchGenerator.GenerateThread] ✓ 已生成: 24081_夹子硬胶_首件检验表_20260806.xlsx
[2026-08-14 18:45:07.446] [INFO] [ExcelBatchGenerator.GenerateThread] ✓ 已生成: 24081_夹子硬胶_首件检验表_20260810.xlsx
[2026-08-14 18:45:07.447] [INFO] [ExcelBatchGenerator.GenerateThread] 生成完成，成功 2/2
[2026-08-14 18:45:07.448] [INFO] [ExcelBatchGenerator.MainWindow] 生成完成，成功 2/2
[2026-08-14 18:47:33.547] [INFO] [ExcelBatchGenerator.MainWindow] 加载模板: 24081_夹子硬胶过程检验表模板.xlsx
[2026-08-14 18:47:33.547] [INFO] [ExcelBatchGenerator.MainWindow] 加载配置: 24081_夹子硬胶 - 过程
[2026-08-14 18:47:34.619] [INFO] [ExcelBatchGenerator.MainWindow] 加载配置: 24081_夹子硬胶 - 过程
[2026-08-14 18:47:34.620] [INFO] [ExcelBatchGenerator.MainWindow] 模板路径已保存: E:/test-shenzhen/文档模板/夹子硬胶/24081/过程检验表/24081_夹子硬胶过程检验表模板.xlsx
[2026-08-14 18:50:55.422] [INFO] [ExcelBatchGenerator.MainWindow] 添加规则: 1ba92c2f
[2026-08-14 18:51:09.175] [INFO] [ExcelBatchGenerator.MainWindow] 添加规则: 825f84eb
[2026-08-14 18:51:31.330] [INFO] [ExcelBatchGenerator.MainWindow] 输出目录已记录: E:/惠州需求-确定版/首件、成品、过程/夹子硬胶/24081/过程检验表
[2026-08-14 18:51:31.334] [INFO] [ExcelBatchGenerator.MainWindow] 开始生成，类型: 过程，共 7 个文件
[2026-08-14 18:51:31.335] [INFO] [ExcelBatchGenerator.GenerateThread] 开始生成，类型: 过程，共 7 个文件
[2026-08-14 18:51:32.494] [INFO] [ExcelBatchGenerator.GenerateThread] ✓ 已生成: 24081_夹子硬胶_过程检验表_20260806.xlsx
[2026-08-14 18:51:33.873] [INFO] [ExcelBatchGenerator.GenerateThread] ✓ 已生成: 24081_夹子硬胶_过程检验表_20260807.xlsx
[2026-08-14 18:51:34.954] [INFO] [ExcelBatchGenerator.GenerateThread] ✓ 已生成: 24081_夹子硬胶_过程检验表_20260808.xlsx
[2026-08-14 18:51:36.177] [INFO] [ExcelBatchGenerator.GenerateThread] ✓ 已生成: 24081_夹子硬胶_过程检验表_20260810.xlsx
[2026-08-14 18:51:37.529] [INFO] [ExcelBatchGenerator.GenerateThread] ✓ 已生成: 24081_夹子硬胶_过程检验表_20260811.xlsx
[2026-08-14 18:51:38.757] [INFO] [ExcelBatchGenerator.GenerateThread] ✓ 已生成: 24081_夹子硬胶_过程检验表_20260812.xlsx
[2026-08-14 18:51:39.864] [INFO] [ExcelBatchGenerator.GenerateThread] ✓ 已生成: 24081_夹子硬胶_过程检验表_20260813.xlsx
[2026-08-14 18:51:39.864] [INFO] [ExcelBatchGenerator.GenerateThread] 生成完成，成功 7/7
[2026-08-14 18:51:39.866] [INFO] [ExcelBatchGenerator.MainWindow] 生成完成，成功 7/7
[2026-08-14 18:52:00.097] [INFO] [ExcelBatchGenerator.MainWindow] 加载模板: 24081_夹子硬胶成品检验表模板.xlsx
[2026-08-14 18:52:00.098] [INFO] [ExcelBatchGenerator.MainWindow] 加载配置: 24081_夹子硬胶 - 成品
[2026-08-14 18:52:00.957] [INFO] [ExcelBatchGenerator.MainWindow] 加载配置: 24081_夹子硬胶 - 成品
[2026-08-14 18:52:00.958] [INFO] [ExcelBatchGenerator.MainWindow] 模板路径已保存: E:/test-shenzhen/文档模板/夹子硬胶/24081/成品检验表/24081_夹子硬胶成品检验表模板.xlsx
[2026-08-14 18:53:39.532] [INFO] [ExcelBatchGenerator.MainWindow] 添加规则: 3f220208
[2026-08-14 18:53:56.826] [INFO] [ExcelBatchGenerator.MainWindow] 输出目录已记录: E:/惠州需求-确定版/首件、成品、过程/夹子硬胶/24081/成品检验表
[2026-08-14 18:53:56.830] [INFO] [ExcelBatchGenerator.MainWindow] 开始生成，类型: 成品，共 2 个文件
[2026-08-14 18:53:56.831] [INFO] [ExcelBatchGenerator.GenerateThread] 开始生成，类型: 成品，共 2 个文件
[2026-08-14 18:53:57.936] [INFO] [ExcelBatchGenerator.GenerateThread] ✓ 已生成: 24081_夹子硬胶_成品检验表_20260808.xlsx
[2026-08-14 18:53:58.926] [INFO] [ExcelBatchGenerator.GenerateThread] ✓ 已生成: 24081_夹子硬胶_成品检验表_20260813.xlsx
[2026-08-14 18:53:58.926] [INFO] [ExcelBatchGenerator.GenerateThread] 生成完成，成功 2/2
[2026-08-14 18:53:58.928] [INFO] [ExcelBatchGenerator.MainWindow] 生成完成，成功 2/2
[2026-08-14 18:54:35.273] [INFO] [ExcelBatchGenerator.MainWindow] 加载模板: 24081_夹子硬胶首件检验表模板.xlsx
[2026-08-14 18:54:35.273] [INFO] [ExcelBatchGenerator.MainWindow] 加载配置: 24081_夹子硬胶 - 首件
[2026-08-14 18:54:35.360] [INFO] [ExcelBatchGenerator.MainWindow] 加载配置: 24081_夹子硬胶 - 首件
[2026-08-14 18:54:35.360] [INFO] [ExcelBatchGenerator.MainWindow] 模板路径已保存: E:/test-shenzhen/文档模板/夹子硬胶/24081/首件检验表/24081_夹子硬胶首件检验表模板.xlsx
[2026-08-14 18:55:13.581] [INFO] [ExcelBatchGenerator.MainWindow] 输出目录已记录: E:/test-shenzhen/文档模板/夹子硬胶/24081/首件检验表
[2026-08-14 18:55:13.584] [INFO] [ExcelBatchGenerator.MainWindow] 开始生成，类型: 首件，共 2 个文件
[2026-08-14 18:55:13.585] [INFO] [ExcelBatchGenerator.GenerateThread] 开始生成，类型: 首件，共 2 个文件
[2026-08-14 18:55:14.307] [INFO] [ExcelBatchGenerator.GenerateThread] ✓ 已生成: 24081_夹子硬胶_首件检验表_20260806.xlsx
[2026-08-14 18:55:15.483] [INFO] [ExcelBatchGenerator.GenerateThread] ✓ 已生成: 24081_夹子硬胶_首件检验表_20260810.xlsx
[2026-08-14 18:55:15.483] [INFO] [ExcelBatchGenerator.GenerateThread] 生成完成，成功 2/2
[2026-08-14 18:55:15.485] [INFO] [ExcelBatchGenerator.MainWindow] 生成完成，成功 2/2
[2026-08-14 18:56:15.399] [INFO] [ExcelBatchGenerator.MainWindow] 加载模板: W-12010_3T1&3T2首件检验表模板.xlsx
[2026-08-14 18:56:15.486] [INFO] [ExcelBatchGenerator.MainWindow] 加载配置: W-12010_3T1&3T2 - 首件
[2026-08-14 18:56:15.486] [INFO] [ExcelBatchGenerator.MainWindow] 模板路径已保存: E:/test-shenzhen/文档模板/W-12010/3T1&3T2/首件检验表/W-12010_3T1&3T2首件检验表模板.xlsx
[2026-08-14 18:57:51.970] [INFO] [ExcelBatchGenerator.MainWindow] 程序启动
[2026-08-14 18:58:10.494] [INFO] [ExcelBatchGenerator.MainWindow] 加载模板: W-12010_3T1&3T2首件检验表模板.xlsx
[2026-08-14 18:58:11.669] [INFO] [ExcelBatchGenerator.MainWindow] 加载配置: W-12010_3T1&3T2 - 首件
[2026-08-14 18:58:11.669] [INFO] [ExcelBatchGenerator.MainWindow] 模板路径已保存: E:/test-shenzhen/文档模板/W-12010/3T1&3T2/首件检验表/W-12010_3T1&3T2首件检验表模板.xlsx
[2026-08-14 19:05:42.609] [INFO] [ExcelBatchGenerator.MainWindow] 程序启动
[2026-08-14 19:05:58.412] [INFO] [ExcelBatchGenerator.MainWindow] 加载模板: W-12010_3T1&3T2首件检验表模板.xlsx
[2026-08-14 19:05:59.626] [INFO] [ExcelBatchGenerator.MainWindow] 加载配置: W-12010_3T1&3T2 - 首件
[2026-08-14 19:05:59.627] [INFO] [ExcelBatchGenerator.MainWindow] 模板路径已保存: E:/test-shenzhen/文档模板/W-12010/3T1&3T2/首件检验表/W-12010_3T1&3T2首件检验表模板.xlsx
[2026-08-14 19:07:22.554] [INFO] [ExcelBatchGenerator.MainWindow] 输出目录已记录: E:/惠州需求-确定版/首件、成品、过程/W-12010/3T1&3T2/首件检验表
[2026-08-14 19:07:22.559] [INFO] [ExcelBatchGenerator.MainWindow] 开始生成，类型: 首件，共 15 个文件
[2026-08-14 19:07:22.560] [INFO] [ExcelBatchGenerator.GenerateThread] 开始生成，类型: 首件，共 15 个文件
[2026-08-14 19:07:23.653] [INFO] [ExcelBatchGenerator.GenerateThread] ✓ 已生成: W-12010_3T1&3T2_首件检验表_20260503.xlsx
[2026-08-14 19:07:25.017] [INFO] [ExcelBatchGenerator.GenerateThread] ✓ 已生成: W-12010_3T1&3T2_首件检验表_20260511.xlsx
[2026-08-14 19:07:26.242] [INFO] [ExcelBatchGenerator.GenerateThread] ✓ 已生成: W-12010_3T1&3T2_首件检验表_20260518.xlsx
[2026-08-14 19:07:27.545] [INFO] [ExcelBatchGenerator.GenerateThread] ✓ 已生成: W-12010_3T1&3T2_首件检验表_20260525.xlsx
[2026-08-14 19:07:28.864] [INFO] [ExcelBatchGenerator.GenerateThread] ✓ 已生成: W-12010_3T1&3T2_首件检验表_20260601.xlsx
[2026-08-14 19:07:30.200] [INFO] [ExcelBatchGenerator.GenerateThread] ✓ 已生成: W-12010_3T1&3T2_首件检验表_20260608.xlsx
[2026-08-14 19:07:31.445] [INFO] [ExcelBatchGenerator.GenerateThread] ✓ 已生成: W-12010_3T1&3T2_首件检验表_20260615.xlsx
[2026-08-14 19:07:32.662] [INFO] [ExcelBatchGenerator.GenerateThread] ✓ 已生成: W-12010_3T1&3T2_首件检验表_20260621.xlsx
[2026-08-14 19:07:33.756] [INFO] [ExcelBatchGenerator.GenerateThread] ✓ 已生成: W-12010_3T1&3T2_首件检验表_20260629.xlsx
[2026-08-14 19:07:35.186] [INFO] [ExcelBatchGenerator.GenerateThread] ✓ 已生成: W-12010_3T1&3T2_首件检验表_20260706.xlsx
[2026-08-14 19:07:36.402] [INFO] [ExcelBatchGenerator.GenerateThread] ✓ 已生成: W-12010_3T1&3T2_首件检验表_20260712.xlsx
[2026-08-14 19:07:37.492] [INFO] [ExcelBatchGenerator.GenerateThread] ✓ 已生成: W-12010_3T1&3T2_首件检验表_20260720.xlsx
[2026-08-14 19:07:38.898] [INFO] [ExcelBatchGenerator.GenerateThread] ✓ 已生成: W-12010_3T1&3T2_首件检验表_20260727.xlsx
[2026-08-14 19:07:40.135] [INFO] [ExcelBatchGenerator.GenerateThread] ✓ 已生成: W-12010_3T1&3T2_首件检验表_20260803.xlsx
[2026-08-14 19:07:41.232] [INFO] [ExcelBatchGenerator.GenerateThread] ✓ 已生成: W-12010_3T1&3T2_首件检验表_20260810.xlsx
[2026-08-14 19:07:41.232] [INFO] [ExcelBatchGenerator.GenerateThread] 生成完成，成功 15/15
[2026-08-14 19:07:41.235] [INFO] [ExcelBatchGenerator.MainWindow] 生成完成，成功 15/15
[2026-08-14 19:08:26.853] [INFO] [ExcelBatchGenerator.MainWindow] 加载模板: W-12010_3T1&3T2过程检验表模板.xlsx
[2026-08-14 19:08:26.854] [INFO] [ExcelBatchGenerator.MainWindow] 加载配置: W-12010_3T1&3T2 - 过程
[2026-08-14 19:08:27.968] [INFO] [ExcelBatchGenerator.MainWindow] 加载配置: W-12010_3T1&3T2 - 过程
[2026-08-14 19:08:27.969] [INFO] [ExcelBatchGenerator.MainWindow] 模板路径已保存: E:/test-shenzhen/文档模板/W-12010/3T1&3T2/过程检验表/W-12010_3T1&3T2过程检验表模板.xlsx
[2026-08-14 19:08:58.866] [INFO] [ExcelBatchGenerator.MainWindow] 输出目录已记录: E:/惠州需求-确定版/首件、成品、过程/W-12010/3T1&3T2/过程检验表
[2026-08-14 19:08:58.870] [INFO] [ExcelBatchGenerator.MainWindow] 开始生成，类型: 过程，共 87 个文件
[2026-08-14 19:08:58.871] [INFO] [ExcelBatchGenerator.GenerateThread] 开始生成，类型: 过程，共 87 个文件
[2026-08-14 19:09:00.147] [INFO] [ExcelBatchGenerator.GenerateThread] ✓ 已生成: W-12010_3T1&3T2_过程检验表_20260503.xlsx
[2026-08-14 19:09:01.454] [INFO] [ExcelBatchGenerator.GenerateThread] ✓ 已生成: W-12010_3T1&3T2_过程检验表_20260504.xlsx
[2026-08-14 19:09:02.743] [INFO] [ExcelBatchGenerator.GenerateThread] ✓ 已生成: W-12010_3T1&3T2_过程检验表_20260505.xlsx
[2026-08-14 19:09:03.886] [INFO] [ExcelBatchGenerator.GenerateThread] ✓ 已生成: W-12010_3T1&3T2_过程检验表_20260506.xlsx
[2026-08-14 19:09:05.298] [INFO] [ExcelBatchGenerator.GenerateThread] ✓ 已生成: W-12010_3T1&3T2_过程检验表_20260507.xlsx
[2026-08-14 19:09:06.565] [INFO] [ExcelBatchGenerator.GenerateThread] ✓ 已生成: W-12010_3T1&3T2_过程检验表_20260508.xlsx
[2026-08-14 19:09:07.883] [INFO] [ExcelBatchGenerator.GenerateThread] ✓ 已生成: W-12010_3T1&3T2_过程检验表_20260509.xlsx
[2026-08-14 19:09:09.244] [INFO] [ExcelBatchGenerator.GenerateThread] ✓ 已生成: W-12010_3T1&3T2_过程检验表_20260511.xlsx
[2026-08-14 19:09:10.530] [INFO] [ExcelBatchGenerator.GenerateThread] ✓ 已生成: W-12010_3T1&3T2_过程检验表_20260512.xlsx
[2026-08-14 19:09:11.784] [INFO] [ExcelBatchGenerator.GenerateThread] ✓ 已生成: W-12010_3T1&3T2_过程检验表_20260513.xlsx
[2026-08-14 19:09:13.061] [INFO] [ExcelBatchGenerator.GenerateThread] ✓ 已生成: W-12010_3T1&3T2_过程检验表_20260514.xlsx
[2026-08-14 19:09:14.315] [INFO] [ExcelBatchGenerator.GenerateThread] ✓ 已生成: W-12010_3T1&3T2_过程检验表_20260515.xlsx
[2026-08-14 19:09:15.572] [INFO] [ExcelBatchGenerator.GenerateThread] ✓ 已生成: W-12010_3T1&3T2_过程检验表_20260516.xlsx
[2026-08-14 19:09:16.895] [INFO] [ExcelBatchGenerator.GenerateThread] ✓ 已生成: W-12010_3T1&3T2_过程检验表_20260518.xlsx
[2026-08-14 19:09:18.021] [INFO] [ExcelBatchGenerator.GenerateThread] ✓ 已生成: W-12010_3T1&3T2_过程检验表_20260519.xlsx
[2026-08-14 19:09:19.394] [INFO] [ExcelBatchGenerator.GenerateThread] ✓ 已生成: W-12010_3T1&3T2_过程检验表_20260520.xlsx
[2026-08-14 19:09:20.662] [INFO] [ExcelBatchGenerator.GenerateThread] ✓ 已生成: W-12010_3T1&3T2_过程检验表_20260521.xlsx
[2026-08-14 19:09:21.911] [INFO] [ExcelBatchGenerator.GenerateThread] ✓ 已生成: W-12010_3T1&3T2_过程检验表_20260522.xlsx
[2026-08-14 19:09:23.159] [INFO] [ExcelBatchGenerator.GenerateThread] ✓ 已生成: W-12010_3T1&3T2_过程检验表_20260523.xlsx
[2026-08-14 19:09:24.423] [INFO] [ExcelBatchGenerator.GenerateThread] ✓ 已生成: W-12010_3T1&3T2_过程检验表_20260525.xlsx
[2026-08-14 19:09:25.714] [INFO] [ExcelBatchGenerator.GenerateThread] ✓ 已生成: W-12010_3T1&3T2_过程检验表_20260526.xlsx
[2026-08-14 19:09:27.003] [INFO] [ExcelBatchGenerator.GenerateThread] ✓ 已生成: W-12010_3T1&3T2_过程检验表_20260527.xlsx
[2026-08-14 19:09:28.140] [INFO] [ExcelBatchGenerator.GenerateThread] ✓ 已生成: W-12010_3T1&3T2_过程检验表_20260528.xlsx
[2026-08-14 19:09:29.565] [INFO] [ExcelBatchGenerator.GenerateThread] ✓ 已生成: W-12010_3T1&3T2_过程检验表_20260529.xlsx
[2026-08-14 19:09:30.851] [INFO] [ExcelBatchGenerator.GenerateThread] ✓ 已生成: W-12010_3T1&3T2_过程检验表_20260530.xlsx
[2026-08-14 19:09:32.120] [INFO] [ExcelBatchGenerator.GenerateThread] ✓ 已生成: W-12010_3T1&3T2_过程检验表_20260601.xlsx
[2026-08-14 19:09:33.427] [INFO] [ExcelBatchGenerator.GenerateThread] ✓ 已生成: W-12010_3T1&3T2_过程检验表_20260602.xlsx
[2026-08-14 19:09:34.678] [INFO] [ExcelBatchGenerator.GenerateThread] ✓ 已生成: W-12010_3T1&3T2_过程检验表_20260603.xlsx
[2026-08-14 19:09:35.814] [INFO] [ExcelBatchGenerator.GenerateThread] ✓ 已生成: W-12010_3T1&3T2_过程检验表_20260604.xlsx
[2026-08-14 19:09:37.236] [INFO] [ExcelBatchGenerator.GenerateThread] ✓ 已生成: W-12010_3T1&3T2_过程检验表_20260605.xlsx
[2026-08-14 19:09:38.552] [INFO] [ExcelBatchGenerator.GenerateThread] ✓ 已生成: W-12010_3T1&3T2_过程检验表_20260606.xlsx
[2026-08-14 19:09:39.866] [INFO] [ExcelBatchGenerator.GenerateThread] ✓ 已生成: W-12010_3T1&3T2_过程检验表_20260608.xlsx
[2026-08-14 19:09:41.006] [INFO] [ExcelBatchGenerator.GenerateThread] ✓ 已生成: W-12010_3T1&3T2_过程检验表_20260609.xlsx
[2026-08-14 19:09:42.406] [INFO] [ExcelBatchGenerator.GenerateThread] ✓ 已生成: W-12010_3T1&3T2_过程检验表_20260610.xlsx
[2026-08-14 19:09:43.701] [INFO] [ExcelBatchGenerator.GenerateThread] ✓ 已生成: W-12010_3T1&3T2_过程检验表_20260611.xlsx
[2026-08-14 19:09:44.981] [INFO] [ExcelBatchGenerator.GenerateThread] ✓ 已生成: W-12010_3T1&3T2_过程检验表_20260612.xlsx
[2026-08-14 19:09:46.227] [INFO] [ExcelBatchGenerator.GenerateThread] ✓ 已生成: W-12010_3T1&3T2_过程检验表_20260613.xlsx
[2026-08-14 19:09:47.384] [INFO] [ExcelBatchGenerator.GenerateThread] ✓ 已生成: W-12010_3T1&3T2_过程检验表_20260615.xlsx
[2026-08-14 19:09:48.623] [INFO] [ExcelBatchGenerator.GenerateThread] ✓ 已生成: W-12010_3T1&3T2_过程检验表_20260616.xlsx
[2026-08-14 19:09:50.072] [INFO] [ExcelBatchGenerator.GenerateThread] ✓ 已生成: W-12010_3T1&3T2_过程检验表_20260617.xlsx
[2026-08-14 19:09:51.422] [INFO] [ExcelBatchGenerator.GenerateThread] ✓ 已生成: W-12010_3T1&3T2_过程检验表_20260618.xlsx
[2026-08-14 19:09:52.729] [INFO] [ExcelBatchGenerator.GenerateThread] ✓ 已生成: W-12010_3T1&3T2_过程检验表_20260621.xlsx
[2026-08-14 19:09:54.018] [INFO] [ExcelBatchGenerator.GenerateThread] ✓ 已生成: W-12010_3T1&3T2_过程检验表_20260622.xlsx
[2026-08-14 19:09:55.307] [INFO] [ExcelBatchGenerator.GenerateThread] ✓ 已生成: W-12010_3T1&3T2_过程检验表_20260623.xlsx
[2026-08-14 19:09:56.647] [INFO] [ExcelBatchGenerator.GenerateThread] ✓ 已生成: W-12010_3T1&3T2_过程检验表_20260624.xlsx
[2026-08-14 19:09:57.930] [INFO] [ExcelBatchGenerator.GenerateThread] ✓ 已生成: W-12010_3T1&3T2_过程检验表_20260625.xlsx
[2026-08-14 19:09:59.155] [INFO] [ExcelBatchGenerator.GenerateThread] ✓ 已生成: W-12010_3T1&3T2_过程检验表_20260626.xlsx
[2026-08-14 19:10:00.265] [INFO] [ExcelBatchGenerator.GenerateThread] ✓ 已生成: W-12010_3T1&3T2_过程检验表_20260627.xlsx
[2026-08-14 19:10:01.541] [INFO] [ExcelBatchGenerator.GenerateThread] ✓ 已生成: W-12010_3T1&3T2_过程检验表_20260629.xlsx
[2026-08-14 19:10:02.913] [INFO] [ExcelBatchGenerator.GenerateThread] ✓ 已生成: W-12010_3T1&3T2_过程检验表_20260630.xlsx
[2026-08-14 19:10:04.032] [INFO] [ExcelBatchGenerator.GenerateThread] ✓ 已生成: W-12010_3T1&3T2_过程检验表_20260701.xlsx
[2026-08-14 19:10:05.468] [INFO] [ExcelBatchGenerator.GenerateThread] ✓ 已生成: W-12010_3T1&3T2_过程检验表_20260702.xlsx
[2026-08-14 19:10:06.714] [INFO] [ExcelBatchGenerator.GenerateThread] ✓ 已生成: W-12010_3T1&3T2_过程检验表_20260703.xlsx
[2026-08-14 19:10:07.979] [INFO] [ExcelBatchGenerator.GenerateThread] ✓ 已生成: W-12010_3T1&3T2_过程检验表_20260704.xlsx
[2026-08-14 19:10:09.153] [INFO] [ExcelBatchGenerator.GenerateThread] ✓ 已生成: W-12010_3T1&3T2_过程检验表_20260706.xlsx
[2026-08-14 19:10:10.461] [INFO] [ExcelBatchGenerator.GenerateThread] ✓ 已生成: W-12010_3T1&3T2_过程检验表_20260707.xlsx
[2026-08-14 19:10:11.904] [INFO] [ExcelBatchGenerator.GenerateThread] ✓ 已生成: W-12010_3T1&3T2_过程检验表_20260708.xlsx
[2026-08-14 19:10:13.182] [INFO] [ExcelBatchGenerator.GenerateThread] ✓ 已生成: W-12010_3T1&3T2_过程检验表_20260709.xlsx
[2026-08-14 19:10:14.328] [INFO] [ExcelBatchGenerator.GenerateThread] ✓ 已生成: W-12010_3T1&3T2_过程检验表_20260712.xlsx
[2026-08-14 19:10:15.736] [INFO] [ExcelBatchGenerator.GenerateThread] ✓ 已生成: W-12010_3T1&3T2_过程检验表_20260713.xlsx
[2026-08-14 19:10:17.015] [INFO] [ExcelBatchGenerator.GenerateThread] ✓ 已生成: W-12010_3T1&3T2_过程检验表_20260714.xlsx
[2026-08-14 19:10:18.310] [INFO] [ExcelBatchGenerator.GenerateThread] ✓ 已生成: W-12010_3T1&3T2_过程检验表_20260715.xlsx
[2026-08-14 19:10:19.571] [INFO] [ExcelBatchGenerator.GenerateThread] ✓ 已生成: W-12010_3T1&3T2_过程检验表_20260716.xlsx
[2026-08-14 19:10:20.846] [INFO] [ExcelBatchGenerator.GenerateThread] ✓ 已生成: W-12010_3T1&3T2_过程检验表_20260717.xlsx
[2026-08-14 19:10:21.986] [INFO] [ExcelBatchGenerator.GenerateThread] ✓ 已生成: W-12010_3T1&3T2_过程检验表_20260718.xlsx
[2026-08-14 19:10:23.365] [INFO] [ExcelBatchGenerator.GenerateThread] ✓ 已生成: W-12010_3T1&3T2_过程检验表_20260720.xlsx
[2026-08-14 19:10:24.667] [INFO] [ExcelBatchGenerator.GenerateThread] ✓ 已生成: W-12010_3T1&3T2_过程检验表_20260721.xlsx
[2026-08-14 19:10:25.929] [INFO] [ExcelBatchGenerator.GenerateThread] ✓ 已生成: W-12010_3T1&3T2_过程检验表_20260722.xlsx
[2026-08-14 19:10:27.245] [INFO] [ExcelBatchGenerator.GenerateThread] ✓ 已生成: W-12010_3T1&3T2_过程检验表_20260723.xlsx
[2026-08-14 19:10:28.490] [INFO] [ExcelBatchGenerator.GenerateThread] ✓ 已生成: W-12010_3T1&3T2_过程检验表_20260724.xlsx
[2026-08-14 19:10:29.750] [INFO] [ExcelBatchGenerator.GenerateThread] ✓ 已生成: W-12010_3T1&3T2_过程检验表_20260725.xlsx
[2026-08-14 19:10:31.001] [INFO] [ExcelBatchGenerator.GenerateThread] ✓ 已生成: W-12010_3T1&3T2_过程检验表_20260727.xlsx
[2026-08-14 19:10:32.256] [INFO] [ExcelBatchGenerator.GenerateThread] ✓ 已生成: W-12010_3T1&3T2_过程检验表_20260728.xlsx
[2026-08-14 19:10:33.520] [INFO] [ExcelBatchGenerator.GenerateThread] ✓ 已生成: W-12010_3T1&3T2_过程检验表_20260729.xlsx
[2026-08-14 19:10:34.656] [INFO] [ExcelBatchGenerator.GenerateThread] ✓ 已生成: W-12010_3T1&3T2_过程检验表_20260730.xlsx
[2026-08-14 19:10:36.058] [INFO] [ExcelBatchGenerator.GenerateThread] ✓ 已生成: W-12010_3T1&3T2_过程检验表_20260731.xlsx
[2026-08-14 19:10:37.156] [INFO] [ExcelBatchGenerator.GenerateThread] ✓ 已生成: W-12010_3T1&3T2_过程检验表_20260801.xlsx
[2026-08-14 19:10:38.600] [INFO] [ExcelBatchGenerator.GenerateThread] ✓ 已生成: W-12010_3T1&3T2_过程检验表_20260803.xlsx
[2026-08-14 19:10:39.885] [INFO] [ExcelBatchGenerator.GenerateThread] ✓ 已生成: W-12010_3T1&3T2_过程检验表_20260804.xlsx
[2026-08-14 19:10:41.127] [INFO] [ExcelBatchGenerator.GenerateThread] ✓ 已生成: W-12010_3T1&3T2_过程检验表_20260805.xlsx
[2026-08-14 19:10:42.416] [INFO] [ExcelBatchGenerator.GenerateThread] ✓ 已生成: W-12010_3T1&3T2_过程检验表_20260806.xlsx
[2026-08-14 19:10:43.655] [INFO] [ExcelBatchGenerator.GenerateThread] ✓ 已生成: W-12010_3T1&3T2_过程检验表_20260807.xlsx
[2026-08-14 19:10:44.772] [INFO] [ExcelBatchGenerator.GenerateThread] ✓ 已生成: W-12010_3T1&3T2_过程检验表_20260808.xlsx
[2026-08-14 19:10:46.066] [INFO] [ExcelBatchGenerator.GenerateThread] ✓ 已生成: W-12010_3T1&3T2_过程检验表_20260810.xlsx
[2026-08-14 19:10:47.504] [INFO] [ExcelBatchGenerator.GenerateThread] ✓ 已生成: W-12010_3T1&3T2_过程检验表_20260811.xlsx
[2026-08-14 19:10:48.738] [INFO] [ExcelBatchGenerator.GenerateThread] ✓ 已生成: W-12010_3T1&3T2_过程检验表_20260812.xlsx
[2026-08-14 19:10:50.004] [INFO] [ExcelBatchGenerator.GenerateThread] ✓ 已生成: W-12010_3T1&3T2_过程检验表_20260813.xlsx
[2026-08-14 19:10:50.004] [INFO] [ExcelBatchGenerator.GenerateThread] 生成完成，成功 87/87
[2026-08-14 19:10:50.007] [INFO] [ExcelBatchGenerator.MainWindow] 生成完成，成功 87/87
[2026-08-14 19:12:20.223] [INFO] [ExcelBatchGenerator.MainWindow] 输出目录已记录: E:/惠州需求-确定版/首件、成品、过程/W-12010/3T1&3T2/过程检验表
[2026-08-14 19:12:20.227] [INFO] [ExcelBatchGenerator.MainWindow] 开始生成，类型: 过程，共 87 个文件
[2026-08-14 19:12:20.228] [INFO] [ExcelBatchGenerator.GenerateThread] 开始生成，类型: 过程，共 87 个文件
[2026-08-14 19:12:21.575] [INFO] [ExcelBatchGenerator.GenerateThread] ✓ 已生成: W-12010_3T1&3T2_过程检验表_20260503.xlsx
[2026-08-14 19:12:22.831] [INFO] [ExcelBatchGenerator.GenerateThread] ✓ 已生成: W-12010_3T1&3T2_过程检验表_20260504.xlsx
[2026-08-14 19:12:24.070] [INFO] [ExcelBatchGenerator.GenerateThread] ✓ 已生成: W-12010_3T1&3T2_过程检验表_20260505.xlsx
[2026-08-14 19:12:25.341] [INFO] [ExcelBatchGenerator.GenerateThread] ✓ 已生成: W-12010_3T1&3T2_过程检验表_20260506.xlsx
[2026-08-14 19:12:26.589] [INFO] [ExcelBatchGenerator.GenerateThread] ✓ 已生成: W-12010_3T1&3T2_过程检验表_20260507.xlsx
[2026-08-14 19:12:27.677] [INFO] [ExcelBatchGenerator.GenerateThread] ✓ 已生成: W-12010_3T1&3T2_过程检验表_20260508.xlsx
[2026-08-14 19:12:29.080] [INFO] [ExcelBatchGenerator.GenerateThread] ✓ 已生成: W-12010_3T1&3T2_过程检验表_20260509.xlsx
[2026-08-14 19:12:30.318] [INFO] [ExcelBatchGenerator.GenerateThread] ✓ 已生成: W-12010_3T1&3T2_过程检验表_20260511.xlsx
[2026-08-14 19:12:31.567] [INFO] [ExcelBatchGenerator.GenerateThread] ✓ 已生成: W-12010_3T1&3T2_过程检验表_20260512.xlsx
[2026-08-14 19:12:32.704] [INFO] [ExcelBatchGenerator.GenerateThread] ✓ 已生成: W-12010_3T1&3T2_过程检验表_20260513.xlsx
[2026-08-14 19:12:34.061] [INFO] [ExcelBatchGenerator.GenerateThread] ✓ 已生成: W-12010_3T1&3T2_过程检验表_20260514.xlsx
[2026-08-14 19:12:35.301] [INFO] [ExcelBatchGenerator.GenerateThread] ✓ 已生成: W-12010_3T1&3T2_过程检验表_20260515.xlsx
[2026-08-14 19:12:36.581] [INFO] [ExcelBatchGenerator.GenerateThread] ✓ 已生成: W-12010_3T1&3T2_过程检验表_20260516.xlsx
[2026-08-14 19:12:37.820] [INFO] [ExcelBatchGenerator.GenerateThread] ✓ 已生成: W-12010_3T1&3T2_过程检验表_20260518.xlsx
[2026-08-14 19:12:39.029] [INFO] [ExcelBatchGenerator.GenerateThread] ✓ 已生成: W-12010_3T1&3T2_过程检验表_20260519.xlsx
[2026-08-14 19:12:40.278] [INFO] [ExcelBatchGenerator.GenerateThread] ✓ 已生成: W-12010_3T1&3T2_过程检验表_20260520.xlsx
[2026-08-14 19:12:41.505] [INFO] [ExcelBatchGenerator.GenerateThread] ✓ 已生成: W-12010_3T1&3T2_过程检验表_20260521.xlsx
[2026-08-14 19:12:42.722] [INFO] [ExcelBatchGenerator.GenerateThread] ✓ 已生成: W-12010_3T1&3T2_过程检验表_20260522.xlsx
[2026-08-14 19:12:43.976] [INFO] [ExcelBatchGenerator.GenerateThread] ✓ 已生成: W-12010_3T1&3T2_过程检验表_20260523.xlsx
[2026-08-14 19:12:45.209] [INFO] [ExcelBatchGenerator.GenerateThread] ✓ 已生成: W-12010_3T1&3T2_过程检验表_20260525.xlsx
[2026-08-14 19:12:46.404] [INFO] [ExcelBatchGenerator.GenerateThread] ✓ 已生成: W-12010_3T1&3T2_过程检验表_20260526.xlsx
[2026-08-14 19:12:47.655] [INFO] [ExcelBatchGenerator.GenerateThread] ✓ 已生成: W-12010_3T1&3T2_过程检验表_20260527.xlsx
[2026-08-14 19:12:48.894] [INFO] [ExcelBatchGenerator.GenerateThread] ✓ 已生成: W-12010_3T1&3T2_过程检验表_20260528.xlsx
[2026-08-14 19:12:49.994] [INFO] [ExcelBatchGenerator.GenerateThread] ✓ 已生成: W-12010_3T1&3T2_过程检验表_20260529.xlsx
[2026-08-14 19:12:51.378] [INFO] [ExcelBatchGenerator.GenerateThread] ✓ 已生成: W-12010_3T1&3T2_过程检验表_20260530.xlsx
[2026-08-14 19:12:52.633] [INFO] [ExcelBatchGenerator.GenerateThread] ✓ 已生成: W-12010_3T1&3T2_过程检验表_20260601.xlsx
[2026-08-14 19:12:53.866] [INFO] [ExcelBatchGenerator.GenerateThread] ✓ 已生成: W-12010_3T1&3T2_过程检验表_20260602.xlsx
[2026-08-14 19:12:55.128] [INFO] [ExcelBatchGenerator.GenerateThread] ✓ 已生成: W-12010_3T1&3T2_过程检验表_20260603.xlsx
[2026-08-14 19:12:56.212] [INFO] [ExcelBatchGenerator.GenerateThread] ✓ 已生成: W-12010_3T1&3T2_过程检验表_20260604.xlsx
[2026-08-14 19:12:57.610] [INFO] [ExcelBatchGenerator.GenerateThread] ✓ 已生成: W-12010_3T1&3T2_过程检验表_20260605.xlsx
[2026-08-14 19:12:58.825] [INFO] [ExcelBatchGenerator.GenerateThread] ✓ 已生成: W-12010_3T1&3T2_过程检验表_20260606.xlsx
[2026-08-14 19:13:00.061] [INFO] [ExcelBatchGenerator.GenerateThread] ✓ 已生成: W-12010_3T1&3T2_过程检验表_20260608.xlsx
[2026-08-14 19:13:01.311] [INFO] [ExcelBatchGenerator.GenerateThread] ✓ 已生成: W-12010_3T1&3T2_过程检验表_20260609.xlsx
[2026-08-14 19:13:02.600] [INFO] [ExcelBatchGenerator.GenerateThread] ✓ 已生成: W-12010_3T1&3T2_过程检验表_20260610.xlsx
[2026-08-14 19:13:03.834] [INFO] [ExcelBatchGenerator.GenerateThread] ✓ 已生成: W-12010_3T1&3T2_过程检验表_20260611.xlsx
[2026-08-14 19:13:05.131] [INFO] [ExcelBatchGenerator.GenerateThread] ✓ 已生成: W-12010_3T1&3T2_过程检验表_20260612.xlsx
[2026-08-14 19:13:06.410] [INFO] [ExcelBatchGenerator.GenerateThread] ✓ 已生成: W-12010_3T1&3T2_过程检验表_20260613.xlsx
[2026-08-14 19:13:07.659] [INFO] [ExcelBatchGenerator.GenerateThread] ✓ 已生成: W-12010_3T1&3T2_过程检验表_20260615.xlsx
[2026-08-14 19:13:08.901] [INFO] [ExcelBatchGenerator.GenerateThread] ✓ 已生成: W-12010_3T1&3T2_过程检验表_20260616.xlsx
[2026-08-14 19:13:10.171] [INFO] [ExcelBatchGenerator.GenerateThread] ✓ 已生成: W-12010_3T1&3T2_过程检验表_20260617.xlsx
[2026-08-14 19:13:11.392] [INFO] [ExcelBatchGenerator.GenerateThread] ✓ 已生成: W-12010_3T1&3T2_过程检验表_20260618.xlsx
[2026-08-14 19:13:12.610] [INFO] [ExcelBatchGenerator.GenerateThread] ✓ 已生成: W-12010_3T1&3T2_过程检验表_20260621.xlsx
[2026-08-14 19:13:13.918] [INFO] [ExcelBatchGenerator.GenerateThread] ✓ 已生成: W-12010_3T1&3T2_过程检验表_20260622.xlsx
[2026-08-14 19:13:15.166] [INFO] [ExcelBatchGenerator.GenerateThread] ✓ 已生成: W-12010_3T1&3T2_过程检验表_20260623.xlsx
[2026-08-14 19:13:16.390] [INFO] [ExcelBatchGenerator.GenerateThread] ✓ 已生成: W-12010_3T1&3T2_过程检验表_20260624.xlsx
[2026-08-14 19:13:17.678] [INFO] [ExcelBatchGenerator.GenerateThread] ✓ 已生成: W-12010_3T1&3T2_过程检验表_20260625.xlsx
[2026-08-14 19:13:18.927] [INFO] [ExcelBatchGenerator.GenerateThread] ✓ 已生成: W-12010_3T1&3T2_过程检验表_20260626.xlsx
[2026-08-14 19:13:20.148] [INFO] [ExcelBatchGenerator.GenerateThread] ✓ 已生成: W-12010_3T1&3T2_过程检验表_20260627.xlsx
[2026-08-14 19:13:21.417] [INFO] [ExcelBatchGenerator.GenerateThread] ✓ 已生成: W-12010_3T1&3T2_过程检验表_20260629.xlsx
[2026-08-14 19:13:22.651] [INFO] [ExcelBatchGenerator.GenerateThread] ✓ 已生成: W-12010_3T1&3T2_过程检验表_20260630.xlsx
[2026-08-14 19:13:23.893] [INFO] [ExcelBatchGenerator.GenerateThread] ✓ 已生成: W-12010_3T1&3T2_过程检验表_20260701.xlsx
[2026-08-14 19:13:25.194] [INFO] [ExcelBatchGenerator.GenerateThread] ✓ 已生成: W-12010_3T1&3T2_过程检验表_20260702.xlsx
[2026-08-14 19:13:26.403] [INFO] [ExcelBatchGenerator.GenerateThread] ✓ 已生成: W-12010_3T1&3T2_过程检验表_20260703.xlsx
[2026-08-14 19:13:27.673] [INFO] [ExcelBatchGenerator.GenerateThread] ✓ 已生成: W-12010_3T1&3T2_过程检验表_20260704.xlsx
[2026-08-14 19:13:28.955] [INFO] [ExcelBatchGenerator.GenerateThread] ✓ 已生成: W-12010_3T1&3T2_过程检验表_20260706.xlsx
[2026-08-14 19:13:30.180] [INFO] [ExcelBatchGenerator.GenerateThread] ✓ 已生成: W-12010_3T1&3T2_过程检验表_20260707.xlsx
[2026-08-14 19:13:31.288] [INFO] [ExcelBatchGenerator.GenerateThread] ✓ 已生成: W-12010_3T1&3T2_过程检验表_20260708.xlsx
[2026-08-14 19:13:32.695] [INFO] [ExcelBatchGenerator.GenerateThread] ✓ 已生成: W-12010_3T1&3T2_过程检验表_20260709.xlsx
[2026-08-14 19:13:33.931] [INFO] [ExcelBatchGenerator.GenerateThread] ✓ 已生成: W-12010_3T1&3T2_过程检验表_20260712.xlsx
[2026-08-14 19:13:35.171] [INFO] [ExcelBatchGenerator.GenerateThread] ✓ 已生成: W-12010_3T1&3T2_过程检验表_20260713.xlsx
[2026-08-14 19:13:36.435] [INFO] [ExcelBatchGenerator.GenerateThread] ✓ 已生成: W-12010_3T1&3T2_过程检验表_20260714.xlsx
[2026-08-14 19:13:37.689] [INFO] [ExcelBatchGenerator.GenerateThread] ✓ 已生成: W-12010_3T1&3T2_过程检验表_20260715.xlsx
[2026-08-14 19:13:38.995] [INFO] [ExcelBatchGenerator.GenerateThread] ✓ 已生成: W-12010_3T1&3T2_过程检验表_20260716.xlsx
[2026-08-14 19:13:40.304] [INFO] [ExcelBatchGenerator.GenerateThread] ✓ 已生成: W-12010_3T1&3T2_过程检验表_20260717.xlsx
[2026-08-14 19:13:41.548] [INFO] [ExcelBatchGenerator.GenerateThread] ✓ 已生成: W-12010_3T1&3T2_过程检验表_20260718.xlsx
[2026-08-14 19:13:42.793] [INFO] [ExcelBatchGenerator.GenerateThread] ✓ 已生成: W-12010_3T1&3T2_过程检验表_20260720.xlsx
[2026-08-14 19:13:44.088] [INFO] [ExcelBatchGenerator.GenerateThread] ✓ 已生成: W-12010_3T1&3T2_过程检验表_20260721.xlsx
[2026-08-14 19:13:45.330] [INFO] [ExcelBatchGenerator.GenerateThread] ✓ 已生成: W-12010_3T1&3T2_过程检验表_20260722.xlsx
[2026-08-14 19:13:46.555] [INFO] [ExcelBatchGenerator.GenerateThread] ✓ 已生成: W-12010_3T1&3T2_过程检验表_20260723.xlsx
[2026-08-14 19:13:47.822] [INFO] [ExcelBatchGenerator.GenerateThread] ✓ 已生成: W-12010_3T1&3T2_过程检验表_20260724.xlsx
[2026-08-14 19:13:49.091] [INFO] [ExcelBatchGenerator.GenerateThread] ✓ 已生成: W-12010_3T1&3T2_过程检验表_20260725.xlsx
[2026-08-14 19:13:50.329] [INFO] [ExcelBatchGenerator.GenerateThread] ✓ 已生成: W-12010_3T1&3T2_过程检验表_20260727.xlsx
[2026-08-14 19:13:51.579] [INFO] [ExcelBatchGenerator.GenerateThread] ✓ 已生成: W-12010_3T1&3T2_过程检验表_20260728.xlsx
[2026-08-14 19:13:52.818] [INFO] [ExcelBatchGenerator.GenerateThread] ✓ 已生成: W-12010_3T1&3T2_过程检验表_20260729.xlsx
[2026-08-14 19:13:53.911] [INFO] [ExcelBatchGenerator.GenerateThread] ✓ 已生成: W-12010_3T1&3T2_过程检验表_20260730.xlsx
[2026-08-14 19:13:55.313] [INFO] [ExcelBatchGenerator.GenerateThread] ✓ 已生成: W-12010_3T1&3T2_过程检验表_20260731.xlsx
[2026-08-14 19:13:56.568] [INFO] [ExcelBatchGenerator.GenerateThread] ✓ 已生成: W-12010_3T1&3T2_过程检验表_20260801.xlsx
[2026-08-14 19:13:57.812] [INFO] [ExcelBatchGenerator.GenerateThread] ✓ 已生成: W-12010_3T1&3T2_过程检验表_20260803.xlsx
[2026-08-14 19:13:59.082] [INFO] [ExcelBatchGenerator.GenerateThread] ✓ 已生成: W-12010_3T1&3T2_过程检验表_20260804.xlsx
[2026-08-14 19:14:00.352] [INFO] [ExcelBatchGenerator.GenerateThread] ✓ 已生成: W-12010_3T1&3T2_过程检验表_20260805.xlsx
[2026-08-14 19:14:01.569] [INFO] [ExcelBatchGenerator.GenerateThread] ✓ 已生成: W-12010_3T1&3T2_过程检验表_20260806.xlsx
[2026-08-14 19:14:02.852] [INFO] [ExcelBatchGenerator.GenerateThread] ✓ 已生成: W-12010_3T1&3T2_过程检验表_20260807.xlsx
[2026-08-14 19:14:03.913] [INFO] [ExcelBatchGenerator.GenerateThread] ✓ 已生成: W-12010_3T1&3T2_过程检验表_20260808.xlsx
[2026-08-14 19:14:05.178] [INFO] [ExcelBatchGenerator.GenerateThread] ✓ 已生成: W-12010_3T1&3T2_过程检验表_20260810.xlsx
[2026-08-14 19:14:06.640] [INFO] [ExcelBatchGenerator.GenerateThread] ✓ 已生成: W-12010_3T1&3T2_过程检验表_20260811.xlsx
[2026-08-14 19:14:07.880] [INFO] [ExcelBatchGenerator.GenerateThread] ✓ 已生成: W-12010_3T1&3T2_过程检验表_20260812.xlsx
[2026-08-14 19:14:09.133] [INFO] [ExcelBatchGenerator.GenerateThread] ✓ 已生成: W-12010_3T1&3T2_过程检验表_20260813.xlsx
[2026-08-14 19:14:09.133] [INFO] [ExcelBatchGenerator.GenerateThread] 生成完成，成功 87/87
[2026-08-14 19:14:09.135] [INFO] [ExcelBatchGenerator.MainWindow] 生成完成，成功 87/87
[2026-08-14 19:14:42.213] [INFO] [ExcelBatchGenerator.MainWindow] 加载模板: W-12010_3T1&3T2成品检验表模板.xlsx
[2026-08-14 19:14:42.213] [INFO] [ExcelBatchGenerator.MainWindow] 加载配置: W-12010_3T1&3T2 - 成品
[2026-08-14 19:14:43.013] [INFO] [ExcelBatchGenerator.MainWindow] 加载配置: W-12010_3T1&3T2 - 成品
[2026-08-14 19:14:43.014] [INFO] [ExcelBatchGenerator.MainWindow] 模板路径已保存: E:/test-shenzhen/文档模板/W-12010/3T1&3T2/成品检验表/W-12010_3T1&3T2成品检验表模板.xlsx
[2026-08-14 19:15:14.617] [INFO] [ExcelBatchGenerator.MainWindow] 输出目录已记录: E:/惠州需求-确定版/首件、成品、过程/W-12010/3T1&3T2/成品检验表
[2026-08-14 19:15:14.622] [INFO] [ExcelBatchGenerator.MainWindow] 开始生成，类型: 成品，共 15 个文件
[2026-08-14 19:15:14.623] [INFO] [ExcelBatchGenerator.GenerateThread] 开始生成，类型: 成品，共 15 个文件
[2026-08-14 19:15:15.538] [INFO] [ExcelBatchGenerator.GenerateThread] ✓ 已生成: W-12010_3T1&3T2_成品检验表_20260509.xlsx
[2026-08-14 19:15:16.604] [INFO] [ExcelBatchGenerator.GenerateThread] ✓ 已生成: W-12010_3T1&3T2_成品检验表_20260516.xlsx
[2026-08-14 19:15:17.807] [INFO] [ExcelBatchGenerator.GenerateThread] ✓ 已生成: W-12010_3T1&3T2_成品检验表_20260523.xlsx
[2026-08-14 19:15:18.858] [INFO] [ExcelBatchGenerator.GenerateThread] ✓ 已生成: W-12010_3T1&3T2_成品检验表_20260530.xlsx
[2026-08-14 19:15:19.936] [INFO] [ExcelBatchGenerator.GenerateThread] ✓ 已生成: W-12010_3T1&3T2_成品检验表_20260606.xlsx
[2026-08-14 19:15:20.986] [INFO] [ExcelBatchGenerator.GenerateThread] ✓ 已生成: W-12010_3T1&3T2_成品检验表_20260613.xlsx
[2026-08-14 19:15:22.022] [INFO] [ExcelBatchGenerator.GenerateThread] ✓ 已生成: W-12010_3T1&3T2_成品检验表_20260618.xlsx
[2026-08-14 19:15:23.076] [INFO] [ExcelBatchGenerator.GenerateThread] ✓ 已生成: W-12010_3T1&3T2_成品检验表_20260627.xlsx
[2026-08-14 19:15:24.004] [INFO] [ExcelBatchGenerator.GenerateThread] ✓ 已生成: W-12010_3T1&3T2_成品检验表_20260704.xlsx
[2026-08-14 19:15:25.190] [INFO] [ExcelBatchGenerator.GenerateThread] ✓ 已生成: W-12010_3T1&3T2_成品检验表_20260709.xlsx
[2026-08-14 19:15:26.103] [INFO] [ExcelBatchGenerator.GenerateThread] ✓ 已生成: W-12010_3T1&3T2_成品检验表_20260718.xlsx
[2026-08-14 19:15:27.308] [INFO] [ExcelBatchGenerator.GenerateThread] ✓ 已生成: W-12010_3T1&3T2_成品检验表_20260725.xlsx
[2026-08-14 19:15:28.407] [INFO] [ExcelBatchGenerator.GenerateThread] ✓ 已生成: W-12010_3T1&3T2_成品检验表_20260801.xlsx
[2026-08-14 19:15:29.296] [INFO] [ExcelBatchGenerator.GenerateThread] ✓ 已生成: W-12010_3T1&3T2_成品检验表_20260808.xlsx
[2026-08-14 19:15:30.479] [INFO] [ExcelBatchGenerator.GenerateThread] ✓ 已生成: W-12010_3T1&3T2_成品检验表_20260813.xlsx
[2026-08-14 19:15:30.479] [INFO] [ExcelBatchGenerator.GenerateThread] 生成完成，成功 15/15
[2026-08-14 19:15:30.481] [INFO] [ExcelBatchGenerator.MainWindow] 生成完成，成功 15/15
[2026-08-14 19:17:40.162] [INFO] [ExcelBatchGenerator.MainWindow] 加载模板: 26012_AI01面壳AB首件检验表模板.xlsx
[2026-08-14 19:17:40.163] [INFO] [ExcelBatchGenerator.MainWindow] 加载配置: 26012_AI01面壳AB - 首件
[2026-08-14 19:17:40.280] [INFO] [ExcelBatchGenerator.MainWindow] 加载配置: 26012_AI01面壳AB - 首件
[2026-08-14 19:17:40.280] [INFO] [ExcelBatchGenerator.MainWindow] 模板路径已保存: E:/test-shenzhen/文档模板/AI01/26012/首件检验表/26012_AI01面壳AB首件检验表模板.xlsx
[2026-08-14 19:18:23.192] [INFO] [ExcelBatchGenerator.MainWindow] 添加规则: e02f4165
[2026-08-14 19:18:35.292] [INFO] [ExcelBatchGenerator.MainWindow] 添加规则: 888373e3
[2026-08-14 19:20:20.314] [INFO] [ExcelBatchGenerator.MainWindow] 添加规则: 189f20f2
[2026-08-14 19:20:33.336] [INFO] [ExcelBatchGenerator.MainWindow] 添加规则: 6bc634ed
[2026-08-14 19:20:43.007] [INFO] [ExcelBatchGenerator.MainWindow] 添加规则: b71908eb
[2026-08-14 19:20:52.009] [INFO] [ExcelBatchGenerator.MainWindow] 添加规则: 7530bb94
[2026-08-14 19:21:02.495] [INFO] [ExcelBatchGenerator.MainWindow] 添加规则: 6c7fa6b6
[2026-08-14 19:21:13.870] [INFO] [ExcelBatchGenerator.MainWindow] 添加规则: 580a18e4
[2026-08-14 19:21:24.112] [INFO] [ExcelBatchGenerator.MainWindow] 添加规则: 0de7c987
[2026-08-14 19:21:49.273] [INFO] [ExcelBatchGenerator.MainWindow] 输出目录已记录: E:/惠州需求-确定版/首件、成品、过程/AI01/26012/首件检验表
[2026-08-14 19:21:49.278] [INFO] [ExcelBatchGenerator.MainWindow] 开始生成，类型: 首件，共 8 个文件
[2026-08-14 19:21:49.279] [INFO] [ExcelBatchGenerator.GenerateThread] 开始生成，类型: 首件，共 8 个文件
[2026-08-14 19:21:50.521] [INFO] [ExcelBatchGenerator.GenerateThread] ✓ 已生成: 26012_AI01面壳AB_首件检验表_20260621.xlsx
[2026-08-14 19:21:51.663] [INFO] [ExcelBatchGenerator.GenerateThread] ✓ 已生成: 26012_AI01面壳AB_首件检验表_20260629.xlsx
[2026-08-14 19:21:52.820] [INFO] [ExcelBatchGenerator.GenerateThread] ✓ 已生成: 26012_AI01面壳AB_首件检验表_20260706.xlsx
[2026-08-14 19:21:53.990] [INFO] [ExcelBatchGenerator.GenerateThread] ✓ 已生成: 26012_AI01面壳AB_首件检验表_20260712.xlsx
[2026-08-14 19:21:55.142] [INFO] [ExcelBatchGenerator.GenerateThread] ✓ 已生成: 26012_AI01面壳AB_首件检验表_20260720.xlsx
[2026-08-14 19:21:56.300] [INFO] [ExcelBatchGenerator.GenerateThread] ✓ 已生成: 26012_AI01面壳AB_首件检验表_20260727.xlsx
[2026-08-14 19:21:57.458] [INFO] [ExcelBatchGenerator.GenerateThread] ✓ 已生成: 26012_AI01面壳AB_首件检验表_20260803.xlsx
[2026-08-14 19:21:58.572] [INFO] [ExcelBatchGenerator.GenerateThread] ✓ 已生成: 26012_AI01面壳AB_首件检验表_20260810.xlsx
[2026-08-14 19:21:58.573] [INFO] [ExcelBatchGenerator.GenerateThread] 生成完成，成功 8/8
[2026-08-14 19:21:58.576] [INFO] [ExcelBatchGenerator.MainWindow] 生成完成，成功 8/8
[2026-08-14 19:23:57.114] [INFO] [ExcelBatchGenerator.MainWindow] 加载模板: 26012_AI01面壳AB过程检验表模板.xlsx
[2026-08-14 19:23:57.115] [INFO] [ExcelBatchGenerator.MainWindow] 加载配置: 26012_AI01面壳AB - 过程
[2026-08-14 19:23:58.171] [INFO] [ExcelBatchGenerator.MainWindow] 加载配置: 26012_AI01面壳AB - 过程
[2026-08-14 19:23:58.172] [INFO] [ExcelBatchGenerator.MainWindow] 模板路径已保存: E:/test-shenzhen/文档模板/AI01/26012/过程检验表/26012_AI01面壳AB过程检验表模板.xlsx
[2026-08-14 19:26:39.204] [INFO] [ExcelBatchGenerator.MainWindow] 添加规则: b344bea7
[2026-08-14 19:27:06.798] [INFO] [ExcelBatchGenerator.MainWindow] 输出目录已记录: E:/惠州需求-确定版/首件、成品、过程/AI01/26012/过程检验表
[2026-08-14 19:27:06.803] [INFO] [ExcelBatchGenerator.MainWindow] 开始生成，类型: 过程，共 46 个文件
[2026-08-14 19:27:06.803] [INFO] [ExcelBatchGenerator.GenerateThread] 开始生成，类型: 过程，共 46 个文件
[2026-08-14 19:27:07.924] [INFO] [ExcelBatchGenerator.GenerateThread] ✓ 已生成: 26012_AI01面壳AB_过程检验表_20260621.xlsx
[2026-08-14 19:27:09.115] [INFO] [ExcelBatchGenerator.GenerateThread] ✓ 已生成: 26012_AI01面壳AB_过程检验表_20260622.xlsx
[2026-08-14 19:27:10.486] [INFO] [ExcelBatchGenerator.GenerateThread] ✓ 已生成: 26012_AI01面壳AB_过程检验表_20260623.xlsx
[2026-08-14 19:27:11.768] [INFO] [ExcelBatchGenerator.GenerateThread] ✓ 已生成: 26012_AI01面壳AB_过程检验表_20260624.xlsx
[2026-08-14 19:27:13.193] [INFO] [ExcelBatchGenerator.GenerateThread] ✓ 已生成: 26012_AI01面壳AB_过程检验表_20260625.xlsx
[2026-08-14 19:27:14.446] [INFO] [ExcelBatchGenerator.GenerateThread] ✓ 已生成: 26012_AI01面壳AB_过程检验表_20260626.xlsx
[2026-08-14 19:27:15.641] [INFO] [ExcelBatchGenerator.GenerateThread] ✓ 已生成: 26012_AI01面壳AB_过程检验表_20260627.xlsx
[2026-08-14 19:27:16.880] [INFO] [ExcelBatchGenerator.GenerateThread] ✓ 已生成: 26012_AI01面壳AB_过程检验表_20260629.xlsx
[2026-08-14 19:27:18.128] [INFO] [ExcelBatchGenerator.GenerateThread] ✓ 已生成: 26012_AI01面壳AB_过程检验表_20260630.xlsx
[2026-08-14 19:27:19.504] [INFO] [ExcelBatchGenerator.GenerateThread] ✓ 已生成: 26012_AI01面壳AB_过程检验表_20260701.xlsx
[2026-08-14 19:27:20.785] [INFO] [ExcelBatchGenerator.GenerateThread] ✓ 已生成: 26012_AI01面壳AB_过程检验表_20260702.xlsx
[2026-08-14 19:27:21.888] [INFO] [ExcelBatchGenerator.GenerateThread] ✓ 已生成: 26012_AI01面壳AB_过程检验表_20260703.xlsx
[2026-08-14 19:27:23.144] [INFO] [ExcelBatchGenerator.GenerateThread] ✓ 已生成: 26012_AI01面壳AB_过程检验表_20260704.xlsx
[2026-08-14 19:27:24.407] [INFO] [ExcelBatchGenerator.GenerateThread] ✓ 已生成: 26012_AI01面壳AB_过程检验表_20260706.xlsx
[2026-08-14 19:27:25.758] [INFO] [ExcelBatchGenerator.GenerateThread] ✓ 已生成: 26012_AI01面壳AB_过程检验表_20260707.xlsx
[2026-08-14 19:27:27.009] [INFO] [ExcelBatchGenerator.GenerateThread] ✓ 已生成: 26012_AI01面壳AB_过程检验表_20260708.xlsx
[2026-08-14 19:27:28.342] [INFO] [ExcelBatchGenerator.GenerateThread] ✓ 已生成: 26012_AI01面壳AB_过程检验表_20260709.xlsx
[2026-08-14 19:27:29.552] [INFO] [ExcelBatchGenerator.GenerateThread] ✓ 已生成: 26012_AI01面壳AB_过程检验表_20260712.xlsx
[2026-08-14 19:27:30.791] [INFO] [ExcelBatchGenerator.GenerateThread] ✓ 已生成: 26012_AI01面壳AB_过程检验表_20260713.xlsx
[2026-08-14 19:27:31.903] [INFO] [ExcelBatchGenerator.GenerateThread] ✓ 已生成: 26012_AI01面壳AB_过程检验表_20260714.xlsx
[2026-08-14 19:27:33.160] [INFO] [ExcelBatchGenerator.GenerateThread] ✓ 已生成: 26012_AI01面壳AB_过程检验表_20260715.xlsx
[2026-08-14 19:27:34.374] [INFO] [ExcelBatchGenerator.GenerateThread] ✓ 已生成: 26012_AI01面壳AB_过程检验表_20260716.xlsx
[2026-08-14 19:27:35.665] [INFO] [ExcelBatchGenerator.GenerateThread] ✓ 已生成: 26012_AI01面壳AB_过程检验表_20260717.xlsx
[2026-08-14 19:27:36.893] [INFO] [ExcelBatchGenerator.GenerateThread] ✓ 已生成: 26012_AI01面壳AB_过程检验表_20260718.xlsx
[2026-08-14 19:27:38.236] [INFO] [ExcelBatchGenerator.GenerateThread] ✓ 已生成: 26012_AI01面壳AB_过程检验表_20260720.xlsx
[2026-08-14 19:27:39.502] [INFO] [ExcelBatchGenerator.GenerateThread] ✓ 已生成: 26012_AI01面壳AB_过程检验表_20260721.xlsx
[2026-08-14 19:27:40.584] [INFO] [ExcelBatchGenerator.GenerateThread] ✓ 已生成: 26012_AI01面壳AB_过程检验表_20260722.xlsx
[2026-08-14 19:27:41.800] [INFO] [ExcelBatchGenerator.GenerateThread] ✓ 已生成: 26012_AI01面壳AB_过程检验表_20260723.xlsx
[2026-08-14 19:27:43.206] [INFO] [ExcelBatchGenerator.GenerateThread] ✓ 已生成: 26012_AI01面壳AB_过程检验表_20260724.xlsx
[2026-08-14 19:27:44.407] [INFO] [ExcelBatchGenerator.GenerateThread] ✓ 已生成: 26012_AI01面壳AB_过程检验表_20260725.xlsx
[2026-08-14 19:27:45.483] [INFO] [ExcelBatchGenerator.GenerateThread] ✓ 已生成: 26012_AI01面壳AB_过程检验表_20260727.xlsx
[2026-08-14 19:27:46.707] [INFO] [ExcelBatchGenerator.GenerateThread] ✓ 已生成: 26012_AI01面壳AB_过程检验表_20260728.xlsx
[2026-08-14 19:27:48.047] [INFO] [ExcelBatchGenerator.GenerateThread] ✓ 已生成: 26012_AI01面壳AB_过程检验表_20260729.xlsx
[2026-08-14 19:27:49.231] [INFO] [ExcelBatchGenerator.GenerateThread] ✓ 已生成: 26012_AI01面壳AB_过程检验表_20260730.xlsx
[2026-08-14 19:27:50.329] [INFO] [ExcelBatchGenerator.GenerateThread] ✓ 已生成: 26012_AI01面壳AB_过程检验表_20260731.xlsx
[2026-08-14 19:27:51.555] [INFO] [ExcelBatchGenerator.GenerateThread] ✓ 已生成: 26012_AI01面壳AB_过程检验表_20260801.xlsx
[2026-08-14 19:27:52.892] [INFO] [ExcelBatchGenerator.GenerateThread] ✓ 已生成: 26012_AI01面壳AB_过程检验表_20260803.xlsx
[2026-08-14 19:27:54.158] [INFO] [ExcelBatchGenerator.GenerateThread] ✓ 已生成: 26012_AI01面壳AB_过程检验表_20260804.xlsx
[2026-08-14 19:27:55.404] [INFO] [ExcelBatchGenerator.GenerateThread] ✓ 已生成: 26012_AI01面壳AB_过程检验表_20260805.xlsx
[2026-08-14 19:27:56.612] [INFO] [ExcelBatchGenerator.GenerateThread] ✓ 已生成: 26012_AI01面壳AB_过程检验表_20260806.xlsx
[2026-08-14 19:27:57.850] [INFO] [ExcelBatchGenerator.GenerateThread] ✓ 已生成: 26012_AI01面壳AB_过程检验表_20260807.xlsx
[2026-08-14 19:27:59.049] [INFO] [ExcelBatchGenerator.GenerateThread] ✓ 已生成: 26012_AI01面壳AB_过程检验表_20260808.xlsx
[2026-08-14 19:28:00.284] [INFO] [ExcelBatchGenerator.GenerateThread] ✓ 已生成: 26012_AI01面壳AB_过程检验表_20260810.xlsx
[2026-08-14 19:28:01.365] [INFO] [ExcelBatchGenerator.GenerateThread] ✓ 已生成: 26012_AI01面壳AB_过程检验表_20260811.xlsx
[2026-08-14 19:28:02.682] [INFO] [ExcelBatchGenerator.GenerateThread] ✓ 已生成: 26012_AI01面壳AB_过程检验表_20260812.xlsx
[2026-08-14 19:28:03.904] [INFO] [ExcelBatchGenerator.GenerateThread] ✓ 已生成: 26012_AI01面壳AB_过程检验表_20260813.xlsx
[2026-08-14 19:28:03.904] [INFO] [ExcelBatchGenerator.GenerateThread] 生成完成，成功 46/46
[2026-08-14 19:28:03.908] [INFO] [ExcelBatchGenerator.MainWindow] 生成完成，成功 46/46
[2026-08-14 19:28:29.824] [INFO] [ExcelBatchGenerator.MainWindow] 加载模板: 26012_AI01面壳AB成品检验表模板.xlsx
[2026-08-14 19:28:29.825] [INFO] [ExcelBatchGenerator.MainWindow] 加载配置: 26012_AI01面壳AB - 成品
[2026-08-14 19:28:30.764] [INFO] [ExcelBatchGenerator.MainWindow] 加载配置: 26012_AI01面壳AB - 成品
[2026-08-14 19:28:30.765] [INFO] [ExcelBatchGenerator.MainWindow] 模板路径已保存: E:/test-shenzhen/文档模板/AI01/26012/成品检验表/26012_AI01面壳AB成品检验表模板.xlsx
[2026-08-14 19:30:50.767] [INFO] [ExcelBatchGenerator.MainWindow] 输出目录已记录: E:/惠州需求-确定版/首件、成品、过程/AI01/26012/成品检验表
[2026-08-14 19:30:50.772] [INFO] [ExcelBatchGenerator.MainWindow] 开始生成，类型: 成品，共 8 个文件
[2026-08-14 19:30:50.773] [INFO] [ExcelBatchGenerator.GenerateThread] 开始生成，类型: 成品，共 8 个文件
[2026-08-14 19:30:51.668] [INFO] [ExcelBatchGenerator.GenerateThread] ✓ 已生成: 26012_AI01面壳AB_成品检验表_20260627.xlsx
[2026-08-14 19:30:52.834] [INFO] [ExcelBatchGenerator.GenerateThread] ✓ 已生成: 26012_AI01面壳AB_成品检验表_20260704.xlsx
[2026-08-14 19:30:53.941] [INFO] [ExcelBatchGenerator.GenerateThread] ✓ 已生成: 26012_AI01面壳AB_成品检验表_20260709.xlsx
[2026-08-14 19:30:55.047] [INFO] [ExcelBatchGenerator.GenerateThread] ✓ 已生成: 26012_AI01面壳AB_成品检验表_20260718.xlsx
[2026-08-14 19:30:55.963] [INFO] [ExcelBatchGenerator.GenerateThread] ✓ 已生成: 26012_AI01面壳AB_成品检验表_20260725.xlsx
[2026-08-14 19:30:57.018] [INFO] [ExcelBatchGenerator.GenerateThread] ✓ 已生成: 26012_AI01面壳AB_成品检验表_20260801.xlsx
[2026-08-14 19:30:58.157] [INFO] [ExcelBatchGenerator.GenerateThread] ✓ 已生成: 26012_AI01面壳AB_成品检验表_20260808.xlsx
[2026-08-14 19:30:59.210] [INFO] [ExcelBatchGenerator.GenerateThread] ✓ 已生成: 26012_AI01面壳AB_成品检验表_20260813.xlsx
[2026-08-14 19:30:59.210] [INFO] [ExcelBatchGenerator.GenerateThread] 生成完成，成功 8/8
[2026-08-14 19:30:59.212] [INFO] [ExcelBatchGenerator.MainWindow] 生成完成，成功 8/8
[2026-08-14 19:31:24.648] [INFO] [ExcelBatchGenerator.MainWindow] 加载模板: 21056_97B插地管首件检验表模板.xlsx
[2026-08-14 19:31:24.648] [INFO] [ExcelBatchGenerator.MainWindow] 加载配置: 21056_97B插地管 - 首件
[2026-08-14 19:31:25.740] [INFO] [ExcelBatchGenerator.MainWindow] 加载配置: 21056_97B插地管 - 首件
[2026-08-14 19:31:25.741] [INFO] [ExcelBatchGenerator.MainWindow] 模板路径已保存: E:/test-shenzhen/文档模板/97B插地管/首件检验表/21056_97B插地管首件检验表模板.xlsx
[2026-08-14 19:33:06.922] [INFO] [ExcelBatchGenerator.MainWindow] 添加规则: 8f978c1e
[2026-08-14 19:33:42.456] [INFO] [ExcelBatchGenerator.MainWindow] 添加规则: 5c11676a
[2026-08-14 19:34:31.270] [INFO] [ExcelBatchGenerator.MainWindow] 添加规则: 2476ba8b
[2026-08-14 19:34:45.870] [INFO] [ExcelBatchGenerator.MainWindow] 添加规则: 9e7005f7
[2026-08-14 19:35:05.974] [INFO] [ExcelBatchGenerator.MainWindow] 添加规则: e447cc97
[2026-08-14 19:35:21.942] [INFO] [ExcelBatchGenerator.MainWindow] 添加规则: 1c308049
[2026-08-14 19:35:38.599] [INFO] [ExcelBatchGenerator.MainWindow] 添加规则: 1e482922
[2026-08-14 19:36:14.260] [INFO] [ExcelBatchGenerator.MainWindow] 添加规则: ed4a3afc
[2026-08-14 19:36:33.228] [INFO] [ExcelBatchGenerator.MainWindow] 添加规则: 6a209275
[2026-08-14 19:36:48.688] [INFO] [ExcelBatchGenerator.MainWindow] 添加规则: 482f7cce
[2026-08-14 19:37:03.966] [INFO] [ExcelBatchGenerator.MainWindow] 添加规则: b9fedc54
[2026-08-14 19:37:15.510] [INFO] [ExcelBatchGenerator.MainWindow] 添加规则: 8a3c4b63
[2026-08-14 19:37:35.610] [INFO] [ExcelBatchGenerator.MainWindow] 添加规则: e5aef652
[2026-08-14 19:38:25.786] [INFO] [ExcelBatchGenerator.MainWindow] 加载模板: 25039_W-97B面底壳首件检验表模板.xlsx
[2026-08-14 19:38:27.037] [INFO] [ExcelBatchGenerator.MainWindow] 加载配置: 25039_W-97B面底壳 - 首件
[2026-08-14 19:38:27.038] [INFO] [ExcelBatchGenerator.MainWindow] 模板路径已保存: E:/test-shenzhen/文档模板/97B/25039-97B主体/首件检验表/25039_W-97B面底壳首件检验表模板.xlsx
[2026-08-14 19:39:19.355] [INFO] [ExcelBatchGenerator.MainWindow] 输出目录已记录: E:/惠州需求-确定版/首件、成品、过程/97B/25039-97B主体/首件检验表
[2026-08-14 19:39:19.361] [INFO] [ExcelBatchGenerator.MainWindow] 开始生成，类型: 首件，共 7 个文件
[2026-08-14 19:39:19.361] [INFO] [ExcelBatchGenerator.GenerateThread] 开始生成，类型: 首件，共 7 个文件
[2026-08-14 19:39:20.403] [INFO] [ExcelBatchGenerator.GenerateThread] ✓ 已生成: 25039_W-97B面底壳_首件检验表_20260629.xlsx
[2026-08-14 19:39:21.675] [INFO] [ExcelBatchGenerator.GenerateThread] ✓ 已生成: 25039_W-97B面底壳_首件检验表_20260706.xlsx
[2026-08-14 19:39:22.846] [INFO] [ExcelBatchGenerator.GenerateThread] ✓ 已生成: 25039_W-97B面底壳_首件检验表_20260712.xlsx
[2026-08-14 19:39:24.048] [INFO] [ExcelBatchGenerator.GenerateThread] ✓ 已生成: 25039_W-97B面底壳_首件检验表_20260720.xlsx
[2026-08-14 19:39:25.269] [INFO] [ExcelBatchGenerator.GenerateThread] ✓ 已生成: 25039_W-97B面底壳_首件检验表_20260727.xlsx
[2026-08-14 19:39:26.470] [INFO] [ExcelBatchGenerator.GenerateThread] ✓ 已生成: 25039_W-97B面底壳_首件检验表_20260803.xlsx
[2026-08-14 19:39:27.651] [INFO] [ExcelBatchGenerator.GenerateThread] ✓ 已生成: 25039_W-97B面底壳_首件检验表_20260810.xlsx
[2026-08-14 19:39:27.652] [INFO] [ExcelBatchGenerator.GenerateThread] 生成完成，成功 7/7
[2026-08-14 19:39:27.654] [INFO] [ExcelBatchGenerator.MainWindow] 生成完成，成功 7/7
[2026-08-14 19:39:51.457] [INFO] [ExcelBatchGenerator.MainWindow] 加载模板: 25039_W-97B面底壳过程检验表模板.xlsx
[2026-08-14 19:39:51.457] [INFO] [ExcelBatchGenerator.MainWindow] 加载配置: 25039_W-97B面底壳 - 过程
[2026-08-14 19:39:52.460] [INFO] [ExcelBatchGenerator.MainWindow] 加载配置: 25039_W-97B面底壳 - 过程
[2026-08-14 19:39:52.460] [INFO] [ExcelBatchGenerator.MainWindow] 模板路径已保存: E:/test-shenzhen/文档模板/97B/25039-97B主体/过程检验表/25039_W-97B面底壳过程检验表模板.xlsx
[2026-08-14 19:40:05.094] [INFO] [ExcelBatchGenerator.MainWindow] 输出目录已记录: E:/惠州需求-确定版/首件、成品、过程/97B/25039-97B主体/过程检验表
[2026-08-14 19:40:05.097] [INFO] [ExcelBatchGenerator.MainWindow] 开始生成，类型: 过程，共 39 个文件
[2026-08-14 19:40:05.098] [INFO] [ExcelBatchGenerator.GenerateThread] 开始生成，类型: 过程，共 39 个文件
[2026-08-14 19:40:06.443] [INFO] [ExcelBatchGenerator.GenerateThread] ✓ 已生成: 25039_W-97B面底壳_过程检验表_20260629.xlsx
[2026-08-14 19:40:07.766] [INFO] [ExcelBatchGenerator.GenerateThread] ✓ 已生成: 25039_W-97B面底壳_过程检验表_20260630.xlsx
[2026-08-14 19:40:09.188] [INFO] [ExcelBatchGenerator.GenerateThread] ✓ 已生成: 25039_W-97B面底壳_过程检验表_20260701.xlsx
[2026-08-14 19:40:10.532] [INFO] [ExcelBatchGenerator.GenerateThread] ✓ 已生成: 25039_W-97B面底壳_过程检验表_20260702.xlsx
[2026-08-14 19:40:11.879] [INFO] [ExcelBatchGenerator.GenerateThread] ✓ 已生成: 25039_W-97B面底壳_过程检验表_20260703.xlsx
[2026-08-14 19:40:13.190] [INFO] [ExcelBatchGenerator.GenerateThread] ✓ 已生成: 25039_W-97B面底壳_过程检验表_20260704.xlsx
[2026-08-14 19:40:14.522] [INFO] [ExcelBatchGenerator.GenerateThread] ✓ 已生成: 25039_W-97B面底壳_过程检验表_20260706.xlsx
[2026-08-14 19:40:15.908] [INFO] [ExcelBatchGenerator.GenerateThread] ✓ 已生成: 25039_W-97B面底壳_过程检验表_20260707.xlsx
[2026-08-14 19:40:17.233] [INFO] [ExcelBatchGenerator.GenerateThread] ✓ 已生成: 25039_W-97B面底壳_过程检验表_20260708.xlsx
[2026-08-14 19:40:18.610] [INFO] [ExcelBatchGenerator.GenerateThread] ✓ 已生成: 25039_W-97B面底壳_过程检验表_20260709.xlsx
[2026-08-14 19:40:19.966] [INFO] [ExcelBatchGenerator.GenerateThread] ✓ 已生成: 25039_W-97B面底壳_过程检验表_20260712.xlsx
[2026-08-14 19:40:21.265] [INFO] [ExcelBatchGenerator.GenerateThread] ✓ 已生成: 25039_W-97B面底壳_过程检验表_20260713.xlsx
[2026-08-14 19:40:22.660] [INFO] [ExcelBatchGenerator.GenerateThread] ✓ 已生成: 25039_W-97B面底壳_过程检验表_20260714.xlsx
[2026-08-14 19:40:24.044] [INFO] [ExcelBatchGenerator.GenerateThread] ✓ 已生成: 25039_W-97B面底壳_过程检验表_20260715.xlsx
[2026-08-14 19:40:25.386] [INFO] [ExcelBatchGenerator.GenerateThread] ✓ 已生成: 25039_W-97B面底壳_过程检验表_20260716.xlsx
[2026-08-14 19:40:26.748] [INFO] [ExcelBatchGenerator.GenerateThread] ✓ 已生成: 25039_W-97B面底壳_过程检验表_20260717.xlsx
[2026-08-14 19:40:28.116] [INFO] [ExcelBatchGenerator.GenerateThread] ✓ 已生成: 25039_W-97B面底壳_过程检验表_20260718.xlsx
[2026-08-14 19:40:29.456] [INFO] [ExcelBatchGenerator.GenerateThread] ✓ 已生成: 25039_W-97B面底壳_过程检验表_20260720.xlsx
[2026-08-14 19:40:30.816] [INFO] [ExcelBatchGenerator.GenerateThread] ✓ 已生成: 25039_W-97B面底壳_过程检验表_20260721.xlsx
[2026-08-14 19:40:32.194] [INFO] [ExcelBatchGenerator.GenerateThread] ✓ 已生成: 25039_W-97B面底壳_过程检验表_20260722.xlsx
[2026-08-14 19:40:33.524] [INFO] [ExcelBatchGenerator.GenerateThread] ✓ 已生成: 25039_W-97B面底壳_过程检验表_20260723.xlsx
[2026-08-14 19:40:34.875] [INFO] [ExcelBatchGenerator.GenerateThread] ✓ 已生成: 25039_W-97B面底壳_过程检验表_20260724.xlsx
[2026-08-14 19:40:36.235] [INFO] [ExcelBatchGenerator.GenerateThread] ✓ 已生成: 25039_W-97B面底壳_过程检验表_20260725.xlsx
[2026-08-14 19:40:37.540] [INFO] [ExcelBatchGenerator.GenerateThread] ✓ 已生成: 25039_W-97B面底壳_过程检验表_20260727.xlsx
[2026-08-14 19:40:38.896] [INFO] [ExcelBatchGenerator.GenerateThread] ✓ 已生成: 25039_W-97B面底壳_过程检验表_20260728.xlsx
[2026-08-14 19:40:40.266] [INFO] [ExcelBatchGenerator.GenerateThread] ✓ 已生成: 25039_W-97B面底壳_过程检验表_20260729.xlsx
[2026-08-14 19:40:41.610] [INFO] [ExcelBatchGenerator.GenerateThread] ✓ 已生成: 25039_W-97B面底壳_过程检验表_20260730.xlsx
[2026-08-14 19:40:42.984] [INFO] [ExcelBatchGenerator.GenerateThread] ✓ 已生成: 25039_W-97B面底壳_过程检验表_20260731.xlsx
[2026-08-14 19:40:44.372] [INFO] [ExcelBatchGenerator.GenerateThread] ✓ 已生成: 25039_W-97B面底壳_过程检验表_20260801.xlsx
[2026-08-14 19:40:45.705] [INFO] [ExcelBatchGenerator.GenerateThread] ✓ 已生成: 25039_W-97B面底壳_过程检验表_20260803.xlsx
[2026-08-14 19:40:47.081] [INFO] [ExcelBatchGenerator.GenerateThread] ✓ 已生成: 25039_W-97B面底壳_过程检验表_20260804.xlsx
[2026-08-14 19:40:48.453] [INFO] [ExcelBatchGenerator.GenerateThread] ✓ 已生成: 25039_W-97B面底壳_过程检验表_20260805.xlsx
[2026-08-14 19:40:49.786] [INFO] [ExcelBatchGenerator.GenerateThread] ✓ 已生成: 25039_W-97B面底壳_过程检验表_20260806.xlsx
[2026-08-14 19:40:51.115] [INFO] [ExcelBatchGenerator.GenerateThread] ✓ 已生成: 25039_W-97B面底壳_过程检验表_20260807.xlsx
[2026-08-14 19:40:52.481] [INFO] [ExcelBatchGenerator.GenerateThread] ✓ 已生成: 25039_W-97B面底壳_过程检验表_20260808.xlsx
[2026-08-14 19:40:53.831] [INFO] [ExcelBatchGenerator.GenerateThread] ✓ 已生成: 25039_W-97B面底壳_过程检验表_20260810.xlsx
[2026-08-14 19:40:55.191] [INFO] [ExcelBatchGenerator.GenerateThread] ✓ 已生成: 25039_W-97B面底壳_过程检验表_20260811.xlsx
[2026-08-14 19:40:56.517] [INFO] [ExcelBatchGenerator.GenerateThread] ✓ 已生成: 25039_W-97B面底壳_过程检验表_20260812.xlsx
[2026-08-14 19:40:57.892] [INFO] [ExcelBatchGenerator.GenerateThread] ✓ 已生成: 25039_W-97B面底壳_过程检验表_20260813.xlsx
[2026-08-14 19:40:57.892] [INFO] [ExcelBatchGenerator.GenerateThread] 生成完成，成功 39/39
[2026-08-14 19:40:57.894] [INFO] [ExcelBatchGenerator.MainWindow] 生成完成，成功 39/39
[2026-08-14 19:41:32.197] [INFO] [ExcelBatchGenerator.MainWindow] 输出目录已记录: E:/惠州需求-确定版/首件、成品、过程/97B/25039-97B主体/过程检验表
[2026-08-14 19:41:32.202] [INFO] [ExcelBatchGenerator.MainWindow] 开始生成，类型: 过程，共 39 个文件
[2026-08-14 19:41:32.203] [INFO] [ExcelBatchGenerator.GenerateThread] 开始生成，类型: 过程，共 39 个文件
[2026-08-14 19:41:33.539] [INFO] [ExcelBatchGenerator.GenerateThread] ✓ 已生成: 25039_W-97B面底壳_过程检验表_20260629.xlsx
[2026-08-14 19:41:34.886] [INFO] [ExcelBatchGenerator.GenerateThread] ✓ 已生成: 25039_W-97B面底壳_过程检验表_20260630.xlsx
[2026-08-14 19:41:36.228] [INFO] [ExcelBatchGenerator.GenerateThread] ✓ 已生成: 25039_W-97B面底壳_过程检验表_20260701.xlsx
[2026-08-14 19:41:37.573] [INFO] [ExcelBatchGenerator.GenerateThread] ✓ 已生成: 25039_W-97B面底壳_过程检验表_20260702.xlsx
[2026-08-14 19:41:38.906] [INFO] [ExcelBatchGenerator.GenerateThread] ✓ 已生成: 25039_W-97B面底壳_过程检验表_20260703.xlsx
[2026-08-14 19:41:40.247] [INFO] [ExcelBatchGenerator.GenerateThread] ✓ 已生成: 25039_W-97B面底壳_过程检验表_20260704.xlsx
[2026-08-14 19:41:41.582] [INFO] [ExcelBatchGenerator.GenerateThread] ✓ 已生成: 25039_W-97B面底壳_过程检验表_20260706.xlsx
[2026-08-14 19:41:42.965] [INFO] [ExcelBatchGenerator.GenerateThread] ✓ 已生成: 25039_W-97B面底壳_过程检验表_20260707.xlsx
[2026-08-14 19:41:44.296] [INFO] [ExcelBatchGenerator.GenerateThread] ✓ 已生成: 25039_W-97B面底壳_过程检验表_20260708.xlsx
[2026-08-14 19:41:45.641] [INFO] [ExcelBatchGenerator.GenerateThread] ✓ 已生成: 25039_W-97B面底壳_过程检验表_20260709.xlsx
[2026-08-14 19:41:47.010] [INFO] [ExcelBatchGenerator.GenerateThread] ✓ 已生成: 25039_W-97B面底壳_过程检验表_20260712.xlsx
[2026-08-14 19:41:48.331] [INFO] [ExcelBatchGenerator.GenerateThread] ✓ 已生成: 25039_W-97B面底壳_过程检验表_20260713.xlsx
[2026-08-14 19:41:49.710] [INFO] [ExcelBatchGenerator.GenerateThread] ✓ 已生成: 25039_W-97B面底壳_过程检验表_20260714.xlsx
[2026-08-14 19:41:51.060] [INFO] [ExcelBatchGenerator.GenerateThread] ✓ 已生成: 25039_W-97B面底壳_过程检验表_20260715.xlsx
[2026-08-14 19:41:52.374] [INFO] [ExcelBatchGenerator.GenerateThread] ✓ 已生成: 25039_W-97B面底壳_过程检验表_20260716.xlsx
[2026-08-14 19:41:53.708] [INFO] [ExcelBatchGenerator.GenerateThread] ✓ 已生成: 25039_W-97B面底壳_过程检验表_20260717.xlsx
[2026-08-14 19:41:55.040] [INFO] [ExcelBatchGenerator.GenerateThread] ✓ 已生成: 25039_W-97B面底壳_过程检验表_20260718.xlsx
[2026-08-14 19:41:56.417] [INFO] [ExcelBatchGenerator.GenerateThread] ✓ 已生成: 25039_W-97B面底壳_过程检验表_20260720.xlsx
[2026-08-14 19:41:57.763] [INFO] [ExcelBatchGenerator.GenerateThread] ✓ 已生成: 25039_W-97B面底壳_过程检验表_20260721.xlsx
[2026-08-14 19:41:59.094] [INFO] [ExcelBatchGenerator.GenerateThread] ✓ 已生成: 25039_W-97B面底壳_过程检验表_20260722.xlsx
[2026-08-14 19:42:00.460] [INFO] [ExcelBatchGenerator.GenerateThread] ✓ 已生成: 25039_W-97B面底壳_过程检验表_20260723.xlsx
[2026-08-14 19:42:01.806] [INFO] [ExcelBatchGenerator.GenerateThread] ✓ 已生成: 25039_W-97B面底壳_过程检验表_20260724.xlsx
[2026-08-14 19:42:03.157] [INFO] [ExcelBatchGenerator.GenerateThread] ✓ 已生成: 25039_W-97B面底壳_过程检验表_20260725.xlsx
[2026-08-14 19:42:04.507] [INFO] [ExcelBatchGenerator.GenerateThread] ✓ 已生成: 25039_W-97B面底壳_过程检验表_20260727.xlsx
[2026-08-14 19:42:05.876] [INFO] [ExcelBatchGenerator.GenerateThread] ✓ 已生成: 25039_W-97B面底壳_过程检验表_20260728.xlsx
[2026-08-14 19:42:07.224] [INFO] [ExcelBatchGenerator.GenerateThread] ✓ 已生成: 25039_W-97B面底壳_过程检验表_20260729.xlsx
[2026-08-14 19:42:08.585] [INFO] [ExcelBatchGenerator.GenerateThread] ✓ 已生成: 25039_W-97B面底壳_过程检验表_20260730.xlsx
[2026-08-14 19:42:09.951] [INFO] [ExcelBatchGenerator.GenerateThread] ✓ 已生成: 25039_W-97B面底壳_过程检验表_20260731.xlsx
[2026-08-14 19:42:11.282] [INFO] [ExcelBatchGenerator.GenerateThread] ✓ 已生成: 25039_W-97B面底壳_过程检验表_20260801.xlsx
[2026-08-14 19:42:12.594] [INFO] [ExcelBatchGenerator.GenerateThread] ✓ 已生成: 25039_W-97B面底壳_过程检验表_20260803.xlsx
[2026-08-14 19:42:13.978] [INFO] [ExcelBatchGenerator.GenerateThread] ✓ 已生成: 25039_W-97B面底壳_过程检验表_20260804.xlsx
[2026-08-14 19:42:15.320] [INFO] [ExcelBatchGenerator.GenerateThread] ✓ 已生成: 25039_W-97B面底壳_过程检验表_20260805.xlsx
[2026-08-14 19:42:16.697] [INFO] [ExcelBatchGenerator.GenerateThread] ✓ 已生成: 25039_W-97B面底壳_过程检验表_20260806.xlsx
[2026-08-14 19:42:18.073] [INFO] [ExcelBatchGenerator.GenerateThread] ✓ 已生成: 25039_W-97B面底壳_过程检验表_20260807.xlsx
[2026-08-14 19:42:19.385] [INFO] [ExcelBatchGenerator.GenerateThread] ✓ 已生成: 25039_W-97B面底壳_过程检验表_20260808.xlsx
[2026-08-14 19:42:20.762] [INFO] [ExcelBatchGenerator.GenerateThread] ✓ 已生成: 25039_W-97B面底壳_过程检验表_20260810.xlsx
[2026-08-14 19:42:22.110] [INFO] [ExcelBatchGenerator.GenerateThread] ✓ 已生成: 25039_W-97B面底壳_过程检验表_20260811.xlsx
[2026-08-14 19:42:23.456] [INFO] [ExcelBatchGenerator.GenerateThread] ✓ 已生成: 25039_W-97B面底壳_过程检验表_20260812.xlsx
[2026-08-14 19:42:24.837] [INFO] [ExcelBatchGenerator.GenerateThread] ✓ 已生成: 25039_W-97B面底壳_过程检验表_20260813.xlsx
[2026-08-14 19:42:24.838] [INFO] [ExcelBatchGenerator.GenerateThread] 生成完成，成功 39/39
[2026-08-14 19:42:24.840] [INFO] [ExcelBatchGenerator.MainWindow] 生成完成，成功 39/39
[2026-08-14 19:43:05.803] [INFO] [ExcelBatchGenerator.MainWindow] 加载模板: 25039_W-97B面底壳成品检验表模板.xlsx
[2026-08-14 19:43:05.803] [INFO] [ExcelBatchGenerator.MainWindow] 加载配置: 25039_W-97B面底壳 - 成品
[2026-08-14 19:43:06.750] [INFO] [ExcelBatchGenerator.MainWindow] 加载配置: 25039_W-97B面底壳 - 成品
[2026-08-14 19:43:06.751] [INFO] [ExcelBatchGenerator.MainWindow] 模板路径已保存: E:/test-shenzhen/文档模板/97B/25039-97B主体/成品检验表/25039_W-97B面底壳成品检验表模板.xlsx
[2026-08-14 19:43:12.504] [INFO] [ExcelBatchGenerator.MainWindow] 输出目录已记录: E:/惠州需求-确定版/首件、成品、过程/97B/25039-97B主体/成品检验表
[2026-08-14 19:43:12.509] [INFO] [ExcelBatchGenerator.MainWindow] 开始生成，类型: 成品，共 7 个文件
[2026-08-14 19:43:12.510] [INFO] [ExcelBatchGenerator.GenerateThread] 开始生成，类型: 成品，共 7 个文件
[2026-08-14 19:43:13.598] [INFO] [ExcelBatchGenerator.GenerateThread] ✓ 已生成: 25039_W-97B面底壳_成品检验表_20260704.xlsx
[2026-08-14 19:43:14.750] [INFO] [ExcelBatchGenerator.GenerateThread] ✓ 已生成: 25039_W-97B面底壳_成品检验表_20260709.xlsx
[2026-08-14 19:43:15.918] [INFO] [ExcelBatchGenerator.GenerateThread] ✓ 已生成: 25039_W-97B面底壳_成品检验表_20260718.xlsx
[2026-08-14 19:43:17.097] [INFO] [ExcelBatchGenerator.GenerateThread] ✓ 已生成: 25039_W-97B面底壳_成品检验表_20260725.xlsx
[2026-08-14 19:43:18.231] [INFO] [ExcelBatchGenerator.GenerateThread] ✓ 已生成: 25039_W-97B面底壳_成品检验表_20260801.xlsx
[2026-08-14 19:43:19.395] [INFO] [ExcelBatchGenerator.GenerateThread] ✓ 已生成: 25039_W-97B面底壳_成品检验表_20260808.xlsx
[2026-08-14 19:43:20.548] [INFO] [ExcelBatchGenerator.GenerateThread] ✓ 已生成: 25039_W-97B面底壳_成品检验表_20260813.xlsx
[2026-08-14 19:43:20.548] [INFO] [ExcelBatchGenerator.GenerateThread] 生成完成，成功 7/7
[2026-08-14 19:43:20.550] [INFO] [ExcelBatchGenerator.MainWindow] 生成完成，成功 7/7
[2026-08-14 19:43:50.929] [INFO] [ExcelBatchGenerator.MainWindow] 加载模板: W-12010_V1&V2首件检验表模板.xlsx
[2026-08-14 19:43:50.929] [INFO] [ExcelBatchGenerator.MainWindow] 加载配置: W-12010_V1&V2 - 首件
[2026-08-14 19:43:52.056] [INFO] [ExcelBatchGenerator.MainWindow] 加载配置: W-12010_V1&V2 - 首件
[2026-08-14 19:43:52.057] [INFO] [ExcelBatchGenerator.MainWindow] 模板路径已保存: E:/test-shenzhen/文档模板/W-12010/V1&V2/首件检验表/W-12010_V1&V2首件检验表模板.xlsx
[2026-08-14 19:44:00.969] [INFO] [ExcelBatchGenerator.MainWindow] 输出目录已记录: E:/惠州需求-确定版/首件、成品、过程/W-12010/V1&V2/首件检验表
[2026-08-14 19:44:00.973] [INFO] [ExcelBatchGenerator.MainWindow] 开始生成，类型: 首件，共 15 个文件
[2026-08-14 19:44:00.974] [INFO] [ExcelBatchGenerator.GenerateThread] 开始生成，类型: 首件，共 15 个文件
[2026-08-14 19:44:02.149] [INFO] [ExcelBatchGenerator.GenerateThread] ✓ 已生成: W-12010_V1&V2_首件检验表_20260503.xlsx
[2026-08-14 19:44:03.338] [INFO] [ExcelBatchGenerator.GenerateThread] ✓ 已生成: W-12010_V1&V2_首件检验表_20260511.xlsx
[2026-08-14 19:44:04.524] [INFO] [ExcelBatchGenerator.GenerateThread] ✓ 已生成: W-12010_V1&V2_首件检验表_20260518.xlsx
[2026-08-14 19:44:05.763] [INFO] [ExcelBatchGenerator.GenerateThread] ✓ 已生成: W-12010_V1&V2_首件检验表_20260525.xlsx
[2026-08-14 19:44:06.960] [INFO] [ExcelBatchGenerator.GenerateThread] ✓ 已生成: W-12010_V1&V2_首件检验表_20260601.xlsx
[2026-08-14 19:44:08.169] [INFO] [ExcelBatchGenerator.GenerateThread] ✓ 已生成: W-12010_V1&V2_首件检验表_20260608.xlsx
[2026-08-14 19:44:09.439] [INFO] [ExcelBatchGenerator.GenerateThread] ✓ 已生成: W-12010_V1&V2_首件检验表_20260615.xlsx
[2026-08-14 19:44:10.722] [INFO] [ExcelBatchGenerator.GenerateThread] ✓ 已生成: W-12010_V1&V2_首件检验表_20260621.xlsx
[2026-08-14 19:44:11.936] [INFO] [ExcelBatchGenerator.GenerateThread] ✓ 已生成: W-12010_V1&V2_首件检验表_20260629.xlsx
[2026-08-14 19:44:13.190] [INFO] [ExcelBatchGenerator.GenerateThread] ✓ 已生成: W-12010_V1&V2_首件检验表_20260706.xlsx
[2026-08-14 19:44:14.403] [INFO] [ExcelBatchGenerator.GenerateThread] ✓ 已生成: W-12010_V1&V2_首件检验表_20260712.xlsx
[2026-08-14 19:44:15.591] [INFO] [ExcelBatchGenerator.GenerateThread] ✓ 已生成: W-12010_V1&V2_首件检验表_20260720.xlsx
[2026-08-14 19:44:16.825] [INFO] [ExcelBatchGenerator.GenerateThread] ✓ 已生成: W-12010_V1&V2_首件检验表_20260727.xlsx
[2026-08-14 19:44:18.006] [INFO] [ExcelBatchGenerator.GenerateThread] ✓ 已生成: W-12010_V1&V2_首件检验表_20260803.xlsx
[2026-08-14 19:44:19.251] [INFO] [ExcelBatchGenerator.GenerateThread] ✓ 已生成: W-12010_V1&V2_首件检验表_20260813.xlsx
[2026-08-14 19:44:19.251] [INFO] [ExcelBatchGenerator.GenerateThread] 生成完成，成功 15/15
[2026-08-14 19:44:19.253] [INFO] [ExcelBatchGenerator.MainWindow] 生成完成，成功 15/15
[2026-08-14 19:44:46.526] [INFO] [ExcelBatchGenerator.MainWindow] 加载模板: W-12010_V1&V2过程检验表模板.xlsx
[2026-08-14 19:44:46.527] [INFO] [ExcelBatchGenerator.MainWindow] 加载配置: W-12010_V1&V2 - 过程
[2026-08-14 19:44:47.513] [INFO] [ExcelBatchGenerator.MainWindow] 加载配置: W-12010_V1&V2 - 过程
[2026-08-14 19:44:47.514] [INFO] [ExcelBatchGenerator.MainWindow] 模板路径已保存: E:/test-shenzhen/文档模板/W-12010/V1&V2/过程检验表/W-12010_V1&V2过程检验表模板.xlsx
[2026-08-14 19:44:52.930] [INFO] [ExcelBatchGenerator.MainWindow] 输出目录已记录: E:/惠州需求-确定版/首件、成品、过程/W-12010/V1&V2/过程检验表
[2026-08-14 19:44:52.934] [INFO] [ExcelBatchGenerator.MainWindow] 开始生成，类型: 过程，共 84 个文件
[2026-08-14 19:44:52.935] [INFO] [ExcelBatchGenerator.GenerateThread] 开始生成，类型: 过程，共 84 个文件
[2026-08-14 19:44:54.017] [INFO] [ExcelBatchGenerator.GenerateThread] ✓ 已生成: W-12010_V1&V2_过程检验表_20260503.xlsx
[2026-08-14 19:44:55.378] [INFO] [ExcelBatchGenerator.GenerateThread] ✓ 已生成: W-12010_V1&V2_过程检验表_20260504.xlsx
[2026-08-14 19:44:56.645] [INFO] [ExcelBatchGenerator.GenerateThread] ✓ 已生成: W-12010_V1&V2_过程检验表_20260505.xlsx
[2026-08-14 19:44:57.943] [INFO] [ExcelBatchGenerator.GenerateThread] ✓ 已生成: W-12010_V1&V2_过程检验表_20260506.xlsx
[2026-08-14 19:44:59.206] [INFO] [ExcelBatchGenerator.GenerateThread] ✓ 已生成: W-12010_V1&V2_过程检验表_20260507.xlsx
[2026-08-14 19:45:00.408] [INFO] [ExcelBatchGenerator.GenerateThread] ✓ 已生成: W-12010_V1&V2_过程检验表_20260508.xlsx
[2026-08-14 19:45:01.696] [INFO] [ExcelBatchGenerator.GenerateThread] ✓ 已生成: W-12010_V1&V2_过程检验表_20260509.xlsx
[2026-08-14 19:45:02.954] [INFO] [ExcelBatchGenerator.GenerateThread] ✓ 已生成: W-12010_V1&V2_过程检验表_20260511.xlsx
[2026-08-14 19:45:04.195] [INFO] [ExcelBatchGenerator.GenerateThread] ✓ 已生成: W-12010_V1&V2_过程检验表_20260512.xlsx
[2026-08-14 19:45:05.344] [INFO] [ExcelBatchGenerator.GenerateThread] ✓ 已生成: W-12010_V1&V2_过程检验表_20260513.xlsx
[2026-08-14 19:45:06.575] [INFO] [ExcelBatchGenerator.GenerateThread] ✓ 已生成: W-12010_V1&V2_过程检验表_20260514.xlsx
[2026-08-14 19:45:07.960] [INFO] [ExcelBatchGenerator.GenerateThread] ✓ 已生成: W-12010_V1&V2_过程检验表_20260515.xlsx
[2026-08-14 19:45:09.285] [INFO] [ExcelBatchGenerator.GenerateThread] ✓ 已生成: W-12010_V1&V2_过程检验表_20260516.xlsx
[2026-08-14 19:45:10.529] [INFO] [ExcelBatchGenerator.GenerateThread] ✓ 已生成: W-12010_V1&V2_过程检验表_20260518.xlsx
[2026-08-14 19:45:11.768] [INFO] [ExcelBatchGenerator.GenerateThread] ✓ 已生成: W-12010_V1&V2_过程检验表_20260519.xlsx
[2026-08-14 19:45:13.067] [INFO] [ExcelBatchGenerator.GenerateThread] ✓ 已生成: W-12010_V1&V2_过程检验表_20260520.xlsx
[2026-08-14 19:45:14.297] [INFO] [ExcelBatchGenerator.GenerateThread] ✓ 已生成: W-12010_V1&V2_过程检验表_20260521.xlsx
[2026-08-14 19:45:15.553] [INFO] [ExcelBatchGenerator.GenerateThread] ✓ 已生成: W-12010_V1&V2_过程检验表_20260522.xlsx
[2026-08-14 19:45:16.827] [INFO] [ExcelBatchGenerator.GenerateThread] ✓ 已生成: W-12010_V1&V2_过程检验表_20260523.xlsx
[2026-08-14 19:45:18.064] [INFO] [ExcelBatchGenerator.GenerateThread] ✓ 已生成: W-12010_V1&V2_过程检验表_20260525.xlsx
[2026-08-14 19:45:19.330] [INFO] [ExcelBatchGenerator.GenerateThread] ✓ 已生成: W-12010_V1&V2_过程检验表_20260526.xlsx
[2026-08-14 19:45:20.616] [INFO] [ExcelBatchGenerator.GenerateThread] ✓ 已生成: W-12010_V1&V2_过程检验表_20260527.xlsx
[2026-08-14 19:45:21.909] [INFO] [ExcelBatchGenerator.GenerateThread] ✓ 已生成: W-12010_V1&V2_过程检验表_20260528.xlsx
[2026-08-14 19:45:23.163] [INFO] [ExcelBatchGenerator.GenerateThread] ✓ 已生成: W-12010_V1&V2_过程检验表_20260529.xlsx
[2026-08-14 19:45:24.445] [INFO] [ExcelBatchGenerator.GenerateThread] ✓ 已生成: W-12010_V1&V2_过程检验表_20260530.xlsx
[2026-08-14 19:45:25.710] [INFO] [ExcelBatchGenerator.GenerateThread] ✓ 已生成: W-12010_V1&V2_过程检验表_20260601.xlsx
[2026-08-14 19:45:26.835] [INFO] [ExcelBatchGenerator.GenerateThread] 用户请求中止生成
[2026-08-14 19:45:26.982] [INFO] [ExcelBatchGenerator.GenerateThread] ✓ 已生成: W-12010_V1&V2_过程检验表_20260602.xlsx
[2026-08-14 19:45:26.982] [INFO] [ExcelBatchGenerator.GenerateThread] 生成已取消，已处理 27/84 个文件
[2026-08-14 19:45:26.983] [INFO] [ExcelBatchGenerator.GenerateThread] 生成已取消，成功 27/84
[2026-08-14 19:45:26.987] [INFO] [ExcelBatchGenerator.MainWindow] 生成完成，成功 27/84
[2026-08-14 19:45:43.093] [INFO] [ExcelBatchGenerator.MainWindow] 输出目录已记录: E:/惠州需求-确定版/首件、成品、过程/W-12010/V1&V2/过程检验表
[2026-08-14 19:45:43.097] [INFO] [ExcelBatchGenerator.MainWindow] 开始生成，类型: 过程，共 84 个文件
[2026-08-14 19:45:43.098] [INFO] [ExcelBatchGenerator.GenerateThread] 开始生成，类型: 过程，共 84 个文件
[2026-08-14 19:45:44.307] [INFO] [ExcelBatchGenerator.GenerateThread] ✓ 已生成: W-12010_V1&V2_过程检验表_20260503.xlsx
[2026-08-14 19:45:45.551] [INFO] [ExcelBatchGenerator.GenerateThread] ✓ 已生成: W-12010_V1&V2_过程检验表_20260504.xlsx
[2026-08-14 19:45:46.825] [INFO] [ExcelBatchGenerator.GenerateThread] ✓ 已生成: W-12010_V1&V2_过程检验表_20260505.xlsx
[2026-08-14 19:45:48.087] [INFO] [ExcelBatchGenerator.GenerateThread] ✓ 已生成: W-12010_V1&V2_过程检验表_20260506.xlsx
[2026-08-14 19:45:49.370] [INFO] [ExcelBatchGenerator.GenerateThread] ✓ 已生成: W-12010_V1&V2_过程检验表_20260507.xlsx
[2026-08-14 19:45:50.675] [INFO] [ExcelBatchGenerator.GenerateThread] ✓ 已生成: W-12010_V1&V2_过程检验表_20260508.xlsx
[2026-08-14 19:45:52.015] [INFO] [ExcelBatchGenerator.GenerateThread] ✓ 已生成: W-12010_V1&V2_过程检验表_20260509.xlsx
[2026-08-14 19:45:53.350] [INFO] [ExcelBatchGenerator.GenerateThread] ✓ 已生成: W-12010_V1&V2_过程检验表_20260511.xlsx
[2026-08-14 19:45:54.744] [INFO] [ExcelBatchGenerator.GenerateThread] ✓ 已生成: W-12010_V1&V2_过程检验表_20260512.xlsx
[2026-08-14 19:45:56.015] [INFO] [ExcelBatchGenerator.GenerateThread] ✓ 已生成: W-12010_V1&V2_过程检验表_20260513.xlsx
[2026-08-14 19:45:57.264] [INFO] [ExcelBatchGenerator.GenerateThread] ✓ 已生成: W-12010_V1&V2_过程检验表_20260514.xlsx
[2026-08-14 19:45:58.516] [INFO] [ExcelBatchGenerator.GenerateThread] ✓ 已生成: W-12010_V1&V2_过程检验表_20260515.xlsx
[2026-08-14 19:45:59.765] [INFO] [ExcelBatchGenerator.GenerateThread] ✓ 已生成: W-12010_V1&V2_过程检验表_20260516.xlsx
[2026-08-14 19:46:01.006] [INFO] [ExcelBatchGenerator.GenerateThread] ✓ 已生成: W-12010_V1&V2_过程检验表_20260518.xlsx
[2026-08-14 19:46:02.151] [INFO] [ExcelBatchGenerator.GenerateThread] ✓ 已生成: W-12010_V1&V2_过程检验表_20260519.xlsx
[2026-08-14 19:46:03.551] [INFO] [ExcelBatchGenerator.GenerateThread] ✓ 已生成: W-12010_V1&V2_过程检验表_20260520.xlsx
[2026-08-14 19:46:04.778] [INFO] [ExcelBatchGenerator.GenerateThread] ✓ 已生成: W-12010_V1&V2_过程检验表_20260521.xlsx
[2026-08-14 19:46:06.016] [INFO] [ExcelBatchGenerator.GenerateThread] ✓ 已生成: W-12010_V1&V2_过程检验表_20260522.xlsx
[2026-08-14 19:46:07.299] [INFO] [ExcelBatchGenerator.GenerateThread] ✓ 已生成: W-12010_V1&V2_过程检验表_20260523.xlsx
[2026-08-14 19:46:08.537] [INFO] [ExcelBatchGenerator.GenerateThread] ✓ 已生成: W-12010_V1&V2_过程检验表_20260525.xlsx
[2026-08-14 19:46:09.669] [INFO] [ExcelBatchGenerator.GenerateThread] ✓ 已生成: W-12010_V1&V2_过程检验表_20260526.xlsx
[2026-08-14 19:46:11.109] [INFO] [ExcelBatchGenerator.GenerateThread] ✓ 已生成: W-12010_V1&V2_过程检验表_20260527.xlsx
[2026-08-14 19:46:12.350] [INFO] [ExcelBatchGenerator.GenerateThread] ✓ 已生成: W-12010_V1&V2_过程检验表_20260528.xlsx
[2026-08-14 19:46:13.671] [INFO] [ExcelBatchGenerator.GenerateThread] ✓ 已生成: W-12010_V1&V2_过程检验表_20260529.xlsx
[2026-08-14 19:46:15.024] [INFO] [ExcelBatchGenerator.GenerateThread] ✓ 已生成: W-12010_V1&V2_过程检验表_20260530.xlsx
[2026-08-14 19:46:16.269] [INFO] [ExcelBatchGenerator.GenerateThread] ✓ 已生成: W-12010_V1&V2_过程检验表_20260601.xlsx
[2026-08-14 19:46:17.512] [INFO] [ExcelBatchGenerator.GenerateThread] ✓ 已生成: W-12010_V1&V2_过程检验表_20260602.xlsx
[2026-08-14 19:46:18.756] [INFO] [ExcelBatchGenerator.GenerateThread] ✓ 已生成: W-12010_V1&V2_过程检验表_20260603.xlsx
[2026-08-14 19:46:20.040] [INFO] [ExcelBatchGenerator.GenerateThread] ✓ 已生成: W-12010_V1&V2_过程检验表_20260604.xlsx
[2026-08-14 19:46:21.297] [INFO] [ExcelBatchGenerator.GenerateThread] ✓ 已生成: W-12010_V1&V2_过程检验表_20260605.xlsx
[2026-08-14 19:46:22.567] [INFO] [ExcelBatchGenerator.GenerateThread] ✓ 已生成: W-12010_V1&V2_过程检验表_20260606.xlsx
[2026-08-14 19:46:23.852] [INFO] [ExcelBatchGenerator.GenerateThread] ✓ 已生成: W-12010_V1&V2_过程检验表_20260608.xlsx
[2026-08-14 19:46:25.180] [INFO] [ExcelBatchGenerator.GenerateThread] ✓ 已生成: W-12010_V1&V2_过程检验表_20260609.xlsx
[2026-08-14 19:46:26.477] [INFO] [ExcelBatchGenerator.GenerateThread] ✓ 已生成: W-12010_V1&V2_过程检验表_20260610.xlsx
[2026-08-14 19:46:27.700] [INFO] [ExcelBatchGenerator.GenerateThread] ✓ 已生成: W-12010_V1&V2_过程检验表_20260611.xlsx
[2026-08-14 19:46:28.778] [INFO] [ExcelBatchGenerator.GenerateThread] ✓ 已生成: W-12010_V1&V2_过程检验表_20260612.xlsx
[2026-08-14 19:46:30.186] [INFO] [ExcelBatchGenerator.GenerateThread] ✓ 已生成: W-12010_V1&V2_过程检验表_20260613.xlsx
[2026-08-14 19:46:31.282] [INFO] [ExcelBatchGenerator.GenerateThread] ✓ 已生成: W-12010_V1&V2_过程检验表_20260615.xlsx
[2026-08-14 19:46:32.672] [INFO] [ExcelBatchGenerator.GenerateThread] ✓ 已生成: W-12010_V1&V2_过程检验表_20260616.xlsx
[2026-08-14 19:46:33.944] [INFO] [ExcelBatchGenerator.GenerateThread] ✓ 已生成: W-12010_V1&V2_过程检验表_20260617.xlsx
[2026-08-14 19:46:35.244] [INFO] [ExcelBatchGenerator.GenerateThread] ✓ 已生成: W-12010_V1&V2_过程检验表_20260618.xlsx
[2026-08-14 19:46:36.486] [INFO] [ExcelBatchGenerator.GenerateThread] ✓ 已生成: W-12010_V1&V2_过程检验表_20260621.xlsx
[2026-08-14 19:46:37.754] [INFO] [ExcelBatchGenerator.GenerateThread] ✓ 已生成: W-12010_V1&V2_过程检验表_20260622.xlsx
[2026-08-14 19:46:39.007] [INFO] [ExcelBatchGenerator.GenerateThread] ✓ 已生成: W-12010_V1&V2_过程检验表_20260623.xlsx
[2026-08-14 19:46:40.266] [INFO] [ExcelBatchGenerator.GenerateThread] ✓ 已生成: W-12010_V1&V2_过程检验表_20260624.xlsx
[2026-08-14 19:46:41.547] [INFO] [ExcelBatchGenerator.GenerateThread] ✓ 已生成: W-12010_V1&V2_过程检验表_20260625.xlsx
[2026-08-14 19:46:42.816] [INFO] [ExcelBatchGenerator.GenerateThread] ✓ 已生成: W-12010_V1&V2_过程检验表_20260626.xlsx
[2026-08-14 19:46:44.093] [INFO] [ExcelBatchGenerator.GenerateThread] ✓ 已生成: W-12010_V1&V2_过程检验表_20260627.xlsx
[2026-08-14 19:46:45.394] [INFO] [ExcelBatchGenerator.GenerateThread] ✓ 已生成: W-12010_V1&V2_过程检验表_20260629.xlsx
[2026-08-14 19:46:46.614] [INFO] [ExcelBatchGenerator.GenerateThread] ✓ 已生成: W-12010_V1&V2_过程检验表_20260630.xlsx
[2026-08-14 19:46:47.837] [INFO] [ExcelBatchGenerator.GenerateThread] ✓ 已生成: W-12010_V1&V2_过程检验表_20260701.xlsx
[2026-08-14 19:46:49.103] [INFO] [ExcelBatchGenerator.GenerateThread] ✓ 已生成: W-12010_V1&V2_过程检验表_20260702.xlsx
[2026-08-14 19:46:50.373] [INFO] [ExcelBatchGenerator.GenerateThread] ✓ 已生成: W-12010_V1&V2_过程检验表_20260703.xlsx
[2026-08-14 19:46:51.609] [INFO] [ExcelBatchGenerator.GenerateThread] ✓ 已生成: W-12010_V1&V2_过程检验表_20260704.xlsx
[2026-08-14 19:46:52.880] [INFO] [ExcelBatchGenerator.GenerateThread] ✓ 已生成: W-12010_V1&V2_过程检验表_20260706.xlsx
[2026-08-14 19:46:54.121] [INFO] [ExcelBatchGenerator.GenerateThread] ✓ 已生成: W-12010_V1&V2_过程检验表_20260707.xlsx
[2026-08-14 19:46:55.215] [INFO] [ExcelBatchGenerator.GenerateThread] ✓ 已生成: W-12010_V1&V2_过程检验表_20260708.xlsx
[2026-08-14 19:46:56.584] [INFO] [ExcelBatchGenerator.GenerateThread] ✓ 已生成: W-12010_V1&V2_过程检验表_20260709.xlsx
[2026-08-14 19:46:57.675] [INFO] [ExcelBatchGenerator.GenerateThread] ✓ 已生成: W-12010_V1&V2_过程检验表_20260712.xlsx
[2026-08-14 19:46:58.935] [INFO] [ExcelBatchGenerator.GenerateThread] ✓ 已生成: W-12010_V1&V2_过程检验表_20260713.xlsx
[2026-08-14 19:47:00.333] [INFO] [ExcelBatchGenerator.GenerateThread] ✓ 已生成: W-12010_V1&V2_过程检验表_20260714.xlsx
[2026-08-14 19:47:01.447] [INFO] [ExcelBatchGenerator.GenerateThread] ✓ 已生成: W-12010_V1&V2_过程检验表_20260715.xlsx
[2026-08-14 19:47:02.817] [INFO] [ExcelBatchGenerator.GenerateThread] ✓ 已生成: W-12010_V1&V2_过程检验表_20260716.xlsx
[2026-08-14 19:47:04.084] [INFO] [ExcelBatchGenerator.GenerateThread] ✓ 已生成: W-12010_V1&V2_过程检验表_20260717.xlsx
[2026-08-14 19:47:05.333] [INFO] [ExcelBatchGenerator.GenerateThread] ✓ 已生成: W-12010_V1&V2_过程检验表_20260718.xlsx
[2026-08-14 19:47:06.428] [INFO] [ExcelBatchGenerator.GenerateThread] ✓ 已生成: W-12010_V1&V2_过程检验表_20260720.xlsx
[2026-08-14 19:47:07.853] [INFO] [ExcelBatchGenerator.GenerateThread] ✓ 已生成: W-12010_V1&V2_过程检验表_20260721.xlsx
[2026-08-14 19:47:09.101] [INFO] [ExcelBatchGenerator.GenerateThread] ✓ 已生成: W-12010_V1&V2_过程检验表_20260722.xlsx
[2026-08-14 19:47:10.351] [INFO] [ExcelBatchGenerator.GenerateThread] ✓ 已生成: W-12010_V1&V2_过程检验表_20260723.xlsx
[2026-08-14 19:47:11.478] [INFO] [ExcelBatchGenerator.GenerateThread] ✓ 已生成: W-12010_V1&V2_过程检验表_20260724.xlsx
[2026-08-14 19:47:12.847] [INFO] [ExcelBatchGenerator.GenerateThread] ✓ 已生成: W-12010_V1&V2_过程检验表_20260725.xlsx
[2026-08-14 19:47:14.159] [INFO] [ExcelBatchGenerator.GenerateThread] ✓ 已生成: W-12010_V1&V2_过程检验表_20260727.xlsx
[2026-08-14 19:47:15.505] [INFO] [ExcelBatchGenerator.GenerateThread] ✓ 已生成: W-12010_V1&V2_过程检验表_20260728.xlsx
[2026-08-14 19:47:16.643] [INFO] [ExcelBatchGenerator.GenerateThread] ✓ 已生成: W-12010_V1&V2_过程检验表_20260729.xlsx
[2026-08-14 19:47:18.070] [INFO] [ExcelBatchGenerator.GenerateThread] ✓ 已生成: W-12010_V1&V2_过程检验表_20260730.xlsx
[2026-08-14 19:47:19.353] [INFO] [ExcelBatchGenerator.GenerateThread] ✓ 已生成: W-12010_V1&V2_过程检验表_20260731.xlsx
[2026-08-14 19:47:20.605] [INFO] [ExcelBatchGenerator.GenerateThread] ✓ 已生成: W-12010_V1&V2_过程检验表_20260801.xlsx
[2026-08-14 19:47:21.908] [INFO] [ExcelBatchGenerator.GenerateThread] ✓ 已生成: W-12010_V1&V2_过程检验表_20260803.xlsx
[2026-08-14 19:47:23.202] [INFO] [ExcelBatchGenerator.GenerateThread] ✓ 已生成: W-12010_V1&V2_过程检验表_20260804.xlsx
[2026-08-14 19:47:24.495] [INFO] [ExcelBatchGenerator.GenerateThread] ✓ 已生成: W-12010_V1&V2_过程检验表_20260805.xlsx
[2026-08-14 19:47:25.807] [INFO] [ExcelBatchGenerator.GenerateThread] ✓ 已生成: W-12010_V1&V2_过程检验表_20260806.xlsx
[2026-08-14 19:47:26.893] [INFO] [ExcelBatchGenerator.GenerateThread] ✓ 已生成: W-12010_V1&V2_过程检验表_20260807.xlsx
[2026-08-14 19:47:28.336] [INFO] [ExcelBatchGenerator.GenerateThread] ✓ 已生成: W-12010_V1&V2_过程检验表_20260808.xlsx
[2026-08-14 19:47:29.559] [INFO] [ExcelBatchGenerator.GenerateThread] ✓ 已生成: W-12010_V1&V2_过程检验表_20260813.xlsx
[2026-08-14 19:47:29.559] [INFO] [ExcelBatchGenerator.GenerateThread] 生成完成，成功 84/84
[2026-08-14 19:47:29.561] [INFO] [ExcelBatchGenerator.MainWindow] 生成完成，成功 84/84
[2026-08-14 19:48:37.772] [INFO] [ExcelBatchGenerator.MainWindow] 输出目录已记录: E:/惠州需求-确定版/首件、成品、过程/W-12010/V1&V2/过程检验表
[2026-08-14 19:48:37.775] [INFO] [ExcelBatchGenerator.MainWindow] 开始生成，类型: 过程，共 87 个文件
[2026-08-14 19:48:37.776] [INFO] [ExcelBatchGenerator.GenerateThread] 开始生成，类型: 过程，共 87 个文件
[2026-08-14 19:48:37.777] [WARNING] [ExcelBatchGenerator.GenerateThread] 文件已存在，跳过: W-12010_V1&V2_过程检验表_20260503.xlsx
[2026-08-14 19:48:37.778] [WARNING] [ExcelBatchGenerator.GenerateThread] 文件已存在，跳过: W-12010_V1&V2_过程检验表_20260504.xlsx
[2026-08-14 19:48:37.778] [WARNING] [ExcelBatchGenerator.GenerateThread] 文件已存在，跳过: W-12010_V1&V2_过程检验表_20260505.xlsx
[2026-08-14 19:48:37.778] [WARNING] [ExcelBatchGenerator.GenerateThread] 文件已存在，跳过: W-12010_V1&V2_过程检验表_20260506.xlsx
[2026-08-14 19:48:37.778] [WARNING] [ExcelBatchGenerator.GenerateThread] 文件已存在，跳过: W-12010_V1&V2_过程检验表_20260507.xlsx
[2026-08-14 19:48:37.779] [WARNING] [ExcelBatchGenerator.GenerateThread] 文件已存在，跳过: W-12010_V1&V2_过程检验表_20260508.xlsx
[2026-08-14 19:48:37.779] [WARNING] [ExcelBatchGenerator.GenerateThread] 文件已存在，跳过: W-12010_V1&V2_过程检验表_20260509.xlsx
[2026-08-14 19:48:37.779] [WARNING] [ExcelBatchGenerator.GenerateThread] 文件已存在，跳过: W-12010_V1&V2_过程检验表_20260511.xlsx
[2026-08-14 19:48:37.780] [WARNING] [ExcelBatchGenerator.GenerateThread] 文件已存在，跳过: W-12010_V1&V2_过程检验表_20260512.xlsx
[2026-08-14 19:48:37.780] [WARNING] [ExcelBatchGenerator.GenerateThread] 文件已存在，跳过: W-12010_V1&V2_过程检验表_20260513.xlsx
[2026-08-14 19:48:37.780] [WARNING] [ExcelBatchGenerator.GenerateThread] 文件已存在，跳过: W-12010_V1&V2_过程检验表_20260514.xlsx
[2026-08-14 19:48:37.780] [WARNING] [ExcelBatchGenerator.GenerateThread] 文件已存在，跳过: W-12010_V1&V2_过程检验表_20260515.xlsx
[2026-08-14 19:48:37.781] [WARNING] [ExcelBatchGenerator.GenerateThread] 文件已存在，跳过: W-12010_V1&V2_过程检验表_20260516.xlsx
[2026-08-14 19:48:37.781] [WARNING] [ExcelBatchGenerator.GenerateThread] 文件已存在，跳过: W-12010_V1&V2_过程检验表_20260518.xlsx
[2026-08-14 19:48:37.781] [WARNING] [ExcelBatchGenerator.GenerateThread] 文件已存在，跳过: W-12010_V1&V2_过程检验表_20260519.xlsx
[2026-08-14 19:48:37.781] [WARNING] [ExcelBatchGenerator.GenerateThread] 文件已存在，跳过: W-12010_V1&V2_过程检验表_20260520.xlsx
[2026-08-14 19:48:37.782] [WARNING] [ExcelBatchGenerator.GenerateThread] 文件已存在，跳过: W-12010_V1&V2_过程检验表_20260521.xlsx
[2026-08-14 19:48:37.782] [WARNING] [ExcelBatchGenerator.GenerateThread] 文件已存在，跳过: W-12010_V1&V2_过程检验表_20260522.xlsx
[2026-08-14 19:48:37.782] [WARNING] [ExcelBatchGenerator.GenerateThread] 文件已存在，跳过: W-12010_V1&V2_过程检验表_20260523.xlsx
[2026-08-14 19:48:37.782] [WARNING] [ExcelBatchGenerator.GenerateThread] 文件已存在，跳过: W-12010_V1&V2_过程检验表_20260525.xlsx
[2026-08-14 19:48:37.782] [WARNING] [ExcelBatchGenerator.GenerateThread] 文件已存在，跳过: W-12010_V1&V2_过程检验表_20260526.xlsx
[2026-08-14 19:48:37.783] [WARNING] [ExcelBatchGenerator.GenerateThread] 文件已存在，跳过: W-12010_V1&V2_过程检验表_20260527.xlsx
[2026-08-14 19:48:37.783] [WARNING] [ExcelBatchGenerator.GenerateThread] 文件已存在，跳过: W-12010_V1&V2_过程检验表_20260528.xlsx
[2026-08-14 19:48:37.783] [WARNING] [ExcelBatchGenerator.GenerateThread] 文件已存在，跳过: W-12010_V1&V2_过程检验表_20260529.xlsx
[2026-08-14 19:48:37.788] [WARNING] [ExcelBatchGenerator.GenerateThread] 文件已存在，跳过: W-12010_V1&V2_过程检验表_20260530.xlsx
[2026-08-14 19:48:37.788] [WARNING] [ExcelBatchGenerator.GenerateThread] 文件已存在，跳过: W-12010_V1&V2_过程检验表_20260601.xlsx
[2026-08-14 19:48:37.788] [WARNING] [ExcelBatchGenerator.GenerateThread] 文件已存在，跳过: W-12010_V1&V2_过程检验表_20260602.xlsx
[2026-08-14 19:48:37.789] [WARNING] [ExcelBatchGenerator.GenerateThread] 文件已存在，跳过: W-12010_V1&V2_过程检验表_20260603.xlsx
[2026-08-14 19:48:37.789] [WARNING] [ExcelBatchGenerator.GenerateThread] 文件已存在，跳过: W-12010_V1&V2_过程检验表_20260604.xlsx
[2026-08-14 19:48:37.790] [WARNING] [ExcelBatchGenerator.GenerateThread] 文件已存在，跳过: W-12010_V1&V2_过程检验表_20260605.xlsx
[2026-08-14 19:48:37.790] [WARNING] [ExcelBatchGenerator.GenerateThread] 文件已存在，跳过: W-12010_V1&V2_过程检验表_20260606.xlsx
[2026-08-14 19:48:37.790] [WARNING] [ExcelBatchGenerator.GenerateThread] 文件已存在，跳过: W-12010_V1&V2_过程检验表_20260608.xlsx
[2026-08-14 19:48:37.790] [WARNING] [ExcelBatchGenerator.GenerateThread] 文件已存在，跳过: W-12010_V1&V2_过程检验表_20260609.xlsx
[2026-08-14 19:48:37.791] [WARNING] [ExcelBatchGenerator.GenerateThread] 文件已存在，跳过: W-12010_V1&V2_过程检验表_20260610.xlsx
[2026-08-14 19:48:37.791] [WARNING] [ExcelBatchGenerator.GenerateThread] 文件已存在，跳过: W-12010_V1&V2_过程检验表_20260611.xlsx
[2026-08-14 19:48:37.791] [WARNING] [ExcelBatchGenerator.GenerateThread] 文件已存在，跳过: W-12010_V1&V2_过程检验表_20260612.xlsx
[2026-08-14 19:48:37.792] [WARNING] [ExcelBatchGenerator.GenerateThread] 文件已存在，跳过: W-12010_V1&V2_过程检验表_20260613.xlsx
[2026-08-14 19:48:37.792] [WARNING] [ExcelBatchGenerator.GenerateThread] 文件已存在，跳过: W-12010_V1&V2_过程检验表_20260615.xlsx
[2026-08-14 19:48:37.792] [WARNING] [ExcelBatchGenerator.GenerateThread] 文件已存在，跳过: W-12010_V1&V2_过程检验表_20260616.xlsx
[2026-08-14 19:48:37.793] [WARNING] [ExcelBatchGenerator.GenerateThread] 文件已存在，跳过: W-12010_V1&V2_过程检验表_20260617.xlsx
[2026-08-14 19:48:37.794] [WARNING] [ExcelBatchGenerator.GenerateThread] 文件已存在，跳过: W-12010_V1&V2_过程检验表_20260618.xlsx
[2026-08-14 19:48:37.794] [WARNING] [ExcelBatchGenerator.GenerateThread] 文件已存在，跳过: W-12010_V1&V2_过程检验表_20260621.xlsx
[2026-08-14 19:48:37.795] [WARNING] [ExcelBatchGenerator.GenerateThread] 文件已存在，跳过: W-12010_V1&V2_过程检验表_20260622.xlsx
[2026-08-14 19:48:37.795] [WARNING] [ExcelBatchGenerator.GenerateThread] 文件已存在，跳过: W-12010_V1&V2_过程检验表_20260623.xlsx
[2026-08-14 19:48:37.795] [WARNING] [ExcelBatchGenerator.GenerateThread] 文件已存在，跳过: W-12010_V1&V2_过程检验表_20260624.xlsx
[2026-08-14 19:48:37.796] [WARNING] [ExcelBatchGenerator.GenerateThread] 文件已存在，跳过: W-12010_V1&V2_过程检验表_20260625.xlsx
[2026-08-14 19:48:37.796] [WARNING] [ExcelBatchGenerator.GenerateThread] 文件已存在，跳过: W-12010_V1&V2_过程检验表_20260626.xlsx
[2026-08-14 19:48:37.797] [WARNING] [ExcelBatchGenerator.GenerateThread] 文件已存在，跳过: W-12010_V1&V2_过程检验表_20260627.xlsx
[2026-08-14 19:48:37.797] [WARNING] [ExcelBatchGenerator.GenerateThread] 文件已存在，跳过: W-12010_V1&V2_过程检验表_20260629.xlsx
[2026-08-14 19:48:37.798] [WARNING] [ExcelBatchGenerator.GenerateThread] 文件已存在，跳过: W-12010_V1&V2_过程检验表_20260630.xlsx
[2026-08-14 19:48:37.798] [WARNING] [ExcelBatchGenerator.GenerateThread] 文件已存在，跳过: W-12010_V1&V2_过程检验表_20260701.xlsx
[2026-08-14 19:48:37.798] [WARNING] [ExcelBatchGenerator.GenerateThread] 文件已存在，跳过: W-12010_V1&V2_过程检验表_20260702.xlsx
[2026-08-14 19:48:37.799] [WARNING] [ExcelBatchGenerator.GenerateThread] 文件已存在，跳过: W-12010_V1&V2_过程检验表_20260703.xlsx
[2026-08-14 19:48:37.799] [WARNING] [ExcelBatchGenerator.GenerateThread] 文件已存在，跳过: W-12010_V1&V2_过程检验表_20260704.xlsx
[2026-08-14 19:48:37.799] [WARNING] [ExcelBatchGenerator.GenerateThread] 文件已存在，跳过: W-12010_V1&V2_过程检验表_20260706.xlsx
[2026-08-14 19:48:37.800] [WARNING] [ExcelBatchGenerator.GenerateThread] 文件已存在，跳过: W-12010_V1&V2_过程检验表_20260707.xlsx
[2026-08-14 19:48:37.800] [WARNING] [ExcelBatchGenerator.GenerateThread] 文件已存在，跳过: W-12010_V1&V2_过程检验表_20260708.xlsx
[2026-08-14 19:48:37.800] [WARNING] [ExcelBatchGenerator.GenerateThread] 文件已存在，跳过: W-12010_V1&V2_过程检验表_20260709.xlsx
[2026-08-14 19:48:37.801] [WARNING] [ExcelBatchGenerator.GenerateThread] 文件已存在，跳过: W-12010_V1&V2_过程检验表_20260712.xlsx
[2026-08-14 19:48:37.801] [WARNING] [ExcelBatchGenerator.GenerateThread] 文件已存在，跳过: W-12010_V1&V2_过程检验表_20260713.xlsx
[2026-08-14 19:48:37.801] [WARNING] [ExcelBatchGenerator.GenerateThread] 文件已存在，跳过: W-12010_V1&V2_过程检验表_20260714.xlsx
[2026-08-14 19:48:37.802] [WARNING] [ExcelBatchGenerator.GenerateThread] 文件已存在，跳过: W-12010_V1&V2_过程检验表_20260715.xlsx
[2026-08-14 19:48:37.802] [WARNING] [ExcelBatchGenerator.GenerateThread] 文件已存在，跳过: W-12010_V1&V2_过程检验表_20260716.xlsx
[2026-08-14 19:48:37.802] [WARNING] [ExcelBatchGenerator.GenerateThread] 文件已存在，跳过: W-12010_V1&V2_过程检验表_20260717.xlsx
[2026-08-14 19:48:37.802] [WARNING] [ExcelBatchGenerator.GenerateThread] 文件已存在，跳过: W-12010_V1&V2_过程检验表_20260718.xlsx
[2026-08-14 19:48:37.803] [WARNING] [ExcelBatchGenerator.GenerateThread] 文件已存在，跳过: W-12010_V1&V2_过程检验表_20260720.xlsx
[2026-08-14 19:48:37.803] [WARNING] [ExcelBatchGenerator.GenerateThread] 文件已存在，跳过: W-12010_V1&V2_过程检验表_20260721.xlsx
[2026-08-14 19:48:37.803] [WARNING] [ExcelBatchGenerator.GenerateThread] 文件已存在，跳过: W-12010_V1&V2_过程检验表_20260722.xlsx
[2026-08-14 19:48:37.803] [WARNING] [ExcelBatchGenerator.GenerateThread] 文件已存在，跳过: W-12010_V1&V2_过程检验表_20260723.xlsx
[2026-08-14 19:48:37.804] [WARNING] [ExcelBatchGenerator.GenerateThread] 文件已存在，跳过: W-12010_V1&V2_过程检验表_20260724.xlsx
[2026-08-14 19:48:37.804] [WARNING] [ExcelBatchGenerator.GenerateThread] 文件已存在，跳过: W-12010_V1&V2_过程检验表_20260725.xlsx
[2026-08-14 19:48:37.804] [WARNING] [ExcelBatchGenerator.GenerateThread] 文件已存在，跳过: W-12010_V1&V2_过程检验表_20260727.xlsx
[2026-08-14 19:48:37.804] [WARNING] [ExcelBatchGenerator.GenerateThread] 文件已存在，跳过: W-12010_V1&V2_过程检验表_20260728.xlsx
[2026-08-14 19:48:37.804] [WARNING] [ExcelBatchGenerator.GenerateThread] 文件已存在，跳过: W-12010_V1&V2_过程检验表_20260729.xlsx
[2026-08-14 19:48:37.805] [WARNING] [ExcelBatchGenerator.GenerateThread] 文件已存在，跳过: W-12010_V1&V2_过程检验表_20260730.xlsx
[2026-08-14 19:48:37.805] [WARNING] [ExcelBatchGenerator.GenerateThread] 文件已存在，跳过: W-12010_V1&V2_过程检验表_20260731.xlsx
[2026-08-14 19:48:37.805] [WARNING] [ExcelBatchGenerator.GenerateThread] 文件已存在，跳过: W-12010_V1&V2_过程检验表_20260801.xlsx
[2026-08-14 19:48:37.805] [WARNING] [ExcelBatchGenerator.GenerateThread] 文件已存在，跳过: W-12010_V1&V2_过程检验表_20260803.xlsx
[2026-08-14 19:48:37.806] [WARNING] [ExcelBatchGenerator.GenerateThread] 文件已存在，跳过: W-12010_V1&V2_过程检验表_20260804.xlsx
[2026-08-14 19:48:37.806] [WARNING] [ExcelBatchGenerator.GenerateThread] 文件已存在，跳过: W-12010_V1&V2_过程检验表_20260805.xlsx
[2026-08-14 19:48:37.806] [WARNING] [ExcelBatchGenerator.GenerateThread] 文件已存在，跳过: W-12010_V1&V2_过程检验表_20260806.xlsx
[2026-08-14 19:48:37.806] [WARNING] [ExcelBatchGenerator.GenerateThread] 文件已存在，跳过: W-12010_V1&V2_过程检验表_20260807.xlsx
[2026-08-14 19:48:37.806] [WARNING] [ExcelBatchGenerator.GenerateThread] 文件已存在，跳过: W-12010_V1&V2_过程检验表_20260808.xlsx
[2026-08-14 19:48:39.034] [INFO] [ExcelBatchGenerator.GenerateThread] ✓ 已生成: W-12010_V1&V2_过程检验表_20260810.xlsx
[2026-08-14 19:48:40.261] [INFO] [ExcelBatchGenerator.GenerateThread] ✓ 已生成: W-12010_V1&V2_过程检验表_20260811.xlsx
[2026-08-14 19:48:41.513] [INFO] [ExcelBatchGenerator.GenerateThread] ✓ 已生成: W-12010_V1&V2_过程检验表_20260812.xlsx
[2026-08-14 19:48:41.514] [WARNING] [ExcelBatchGenerator.GenerateThread] 文件已存在，跳过: W-12010_V1&V2_过程检验表_20260813.xlsx
[2026-08-14 19:48:41.515] [INFO] [ExcelBatchGenerator.GenerateThread] 生成完成，成功 87/87
[2026-08-14 19:48:41.516] [INFO] [ExcelBatchGenerator.MainWindow] 生成完成，成功 87/87
[2026-08-14 19:50:26.662] [INFO] [ExcelBatchGenerator.MainWindow] 输出目录已记录: E:/惠州需求-确定版/首件、成品、过程/W-12010/V1&V2/过程检验表
[2026-08-14 19:50:26.666] [INFO] [ExcelBatchGenerator.MainWindow] 开始生成，类型: 过程，共 87 个文件
[2026-08-14 19:50:26.667] [INFO] [ExcelBatchGenerator.GenerateThread] 开始生成，类型: 过程，共 87 个文件
[2026-08-14 19:50:26.669] [WARNING] [ExcelBatchGenerator.GenerateThread] 文件已存在，跳过: W-12010_V1&V2_过程检验表_20260503.xlsx
[2026-08-14 19:50:26.669] [WARNING] [ExcelBatchGenerator.GenerateThread] 文件已存在，跳过: W-12010_V1&V2_过程检验表_20260504.xlsx
[2026-08-14 19:50:26.670] [WARNING] [ExcelBatchGenerator.GenerateThread] 文件已存在，跳过: W-12010_V1&V2_过程检验表_20260505.xlsx
[2026-08-14 19:50:26.674] [WARNING] [ExcelBatchGenerator.GenerateThread] 文件已存在，跳过: W-12010_V1&V2_过程检验表_20260506.xlsx
[2026-08-14 19:50:26.675] [WARNING] [ExcelBatchGenerator.GenerateThread] 文件已存在，跳过: W-12010_V1&V2_过程检验表_20260507.xlsx
[2026-08-14 19:50:26.675] [WARNING] [ExcelBatchGenerator.GenerateThread] 文件已存在，跳过: W-12010_V1&V2_过程检验表_20260508.xlsx
[2026-08-14 19:50:26.676] [WARNING] [ExcelBatchGenerator.GenerateThread] 文件已存在，跳过: W-12010_V1&V2_过程检验表_20260509.xlsx
[2026-08-14 19:50:26.676] [WARNING] [ExcelBatchGenerator.GenerateThread] 文件已存在，跳过: W-12010_V1&V2_过程检验表_20260511.xlsx
[2026-08-14 19:50:26.676] [WARNING] [ExcelBatchGenerator.GenerateThread] 文件已存在，跳过: W-12010_V1&V2_过程检验表_20260512.xlsx
[2026-08-14 19:50:26.677] [WARNING] [ExcelBatchGenerator.GenerateThread] 文件已存在，跳过: W-12010_V1&V2_过程检验表_20260513.xlsx
[2026-08-14 19:50:26.677] [WARNING] [ExcelBatchGenerator.GenerateThread] 文件已存在，跳过: W-12010_V1&V2_过程检验表_20260514.xlsx
[2026-08-14 19:50:26.678] [WARNING] [ExcelBatchGenerator.GenerateThread] 文件已存在，跳过: W-12010_V1&V2_过程检验表_20260515.xlsx
[2026-08-14 19:50:26.678] [WARNING] [ExcelBatchGenerator.GenerateThread] 文件已存在，跳过: W-12010_V1&V2_过程检验表_20260516.xlsx
[2026-08-14 19:50:26.678] [WARNING] [ExcelBatchGenerator.GenerateThread] 文件已存在，跳过: W-12010_V1&V2_过程检验表_20260518.xlsx
[2026-08-14 19:50:26.679] [WARNING] [ExcelBatchGenerator.GenerateThread] 文件已存在，跳过: W-12010_V1&V2_过程检验表_20260519.xlsx
[2026-08-14 19:50:26.679] [WARNING] [ExcelBatchGenerator.GenerateThread] 文件已存在，跳过: W-12010_V1&V2_过程检验表_20260520.xlsx
[2026-08-14 19:50:26.679] [WARNING] [ExcelBatchGenerator.GenerateThread] 文件已存在，跳过: W-12010_V1&V2_过程检验表_20260521.xlsx
[2026-08-14 19:50:26.680] [WARNING] [ExcelBatchGenerator.GenerateThread] 文件已存在，跳过: W-12010_V1&V2_过程检验表_20260522.xlsx
[2026-08-14 19:50:26.680] [WARNING] [ExcelBatchGenerator.GenerateThread] 文件已存在，跳过: W-12010_V1&V2_过程检验表_20260523.xlsx
[2026-08-14 19:50:26.681] [WARNING] [ExcelBatchGenerator.GenerateThread] 文件已存在，跳过: W-12010_V1&V2_过程检验表_20260525.xlsx
[2026-08-14 19:50:26.681] [WARNING] [ExcelBatchGenerator.GenerateThread] 文件已存在，跳过: W-12010_V1&V2_过程检验表_20260526.xlsx
[2026-08-14 19:50:26.681] [WARNING] [ExcelBatchGenerator.GenerateThread] 文件已存在，跳过: W-12010_V1&V2_过程检验表_20260527.xlsx
[2026-08-14 19:50:26.682] [WARNING] [ExcelBatchGenerator.GenerateThread] 文件已存在，跳过: W-12010_V1&V2_过程检验表_20260528.xlsx
[2026-08-14 19:50:26.682] [WARNING] [ExcelBatchGenerator.GenerateThread] 文件已存在，跳过: W-12010_V1&V2_过程检验表_20260529.xlsx
[2026-08-14 19:50:26.682] [WARNING] [ExcelBatchGenerator.GenerateThread] 文件已存在，跳过: W-12010_V1&V2_过程检验表_20260530.xlsx
[2026-08-14 19:50:26.683] [WARNING] [ExcelBatchGenerator.GenerateThread] 文件已存在，跳过: W-12010_V1&V2_过程检验表_20260601.xlsx
[2026-08-14 19:50:26.685] [WARNING] [ExcelBatchGenerator.GenerateThread] 文件已存在，跳过: W-12010_V1&V2_过程检验表_20260602.xlsx
[2026-08-14 19:50:26.685] [WARNING] [ExcelBatchGenerator.GenerateThread] 文件已存在，跳过: W-12010_V1&V2_过程检验表_20260603.xlsx
[2026-08-14 19:50:26.685] [WARNING] [ExcelBatchGenerator.GenerateThread] 文件已存在，跳过: W-12010_V1&V2_过程检验表_20260604.xlsx
[2026-08-14 19:50:26.686] [WARNING] [ExcelBatchGenerator.GenerateThread] 文件已存在，跳过: W-12010_V1&V2_过程检验表_20260605.xlsx
[2026-08-14 19:50:26.686] [WARNING] [ExcelBatchGenerator.GenerateThread] 文件已存在，跳过: W-12010_V1&V2_过程检验表_20260606.xlsx
[2026-08-14 19:50:26.686] [WARNING] [ExcelBatchGenerator.GenerateThread] 文件已存在，跳过: W-12010_V1&V2_过程检验表_20260608.xlsx
[2026-08-14 19:50:26.687] [WARNING] [ExcelBatchGenerator.GenerateThread] 文件已存在，跳过: W-12010_V1&V2_过程检验表_20260609.xlsx
[2026-08-14 19:50:26.687] [WARNING] [ExcelBatchGenerator.GenerateThread] 文件已存在，跳过: W-12010_V1&V2_过程检验表_20260610.xlsx
[2026-08-14 19:50:26.687] [WARNING] [ExcelBatchGenerator.GenerateThread] 文件已存在，跳过: W-12010_V1&V2_过程检验表_20260611.xlsx
[2026-08-14 19:50:26.688] [WARNING] [ExcelBatchGenerator.GenerateThread] 文件已存在，跳过: W-12010_V1&V2_过程检验表_20260612.xlsx
[2026-08-14 19:50:26.688] [WARNING] [ExcelBatchGenerator.GenerateThread] 文件已存在，跳过: W-12010_V1&V2_过程检验表_20260613.xlsx
[2026-08-14 19:50:26.688] [WARNING] [ExcelBatchGenerator.GenerateThread] 文件已存在，跳过: W-12010_V1&V2_过程检验表_20260615.xlsx
[2026-08-14 19:50:26.688] [WARNING] [ExcelBatchGenerator.GenerateThread] 文件已存在，跳过: W-12010_V1&V2_过程检验表_20260616.xlsx
[2026-08-14 19:50:26.689] [WARNING] [ExcelBatchGenerator.GenerateThread] 文件已存在，跳过: W-12010_V1&V2_过程检验表_20260617.xlsx
[2026-08-14 19:50:26.689] [WARNING] [ExcelBatchGenerator.GenerateThread] 文件已存在，跳过: W-12010_V1&V2_过程检验表_20260618.xlsx
[2026-08-14 19:50:26.689] [WARNING] [ExcelBatchGenerator.GenerateThread] 文件已存在，跳过: W-12010_V1&V2_过程检验表_20260621.xlsx
[2026-08-14 19:50:26.690] [WARNING] [ExcelBatchGenerator.GenerateThread] 文件已存在，跳过: W-12010_V1&V2_过程检验表_20260622.xlsx
[2026-08-14 19:50:26.690] [WARNING] [ExcelBatchGenerator.GenerateThread] 文件已存在，跳过: W-12010_V1&V2_过程检验表_20260623.xlsx
[2026-08-14 19:50:26.690] [WARNING] [ExcelBatchGenerator.GenerateThread] 文件已存在，跳过: W-12010_V1&V2_过程检验表_20260624.xlsx
[2026-08-14 19:50:26.691] [WARNING] [ExcelBatchGenerator.GenerateThread] 文件已存在，跳过: W-12010_V1&V2_过程检验表_20260625.xlsx
[2026-08-14 19:50:26.691] [WARNING] [ExcelBatchGenerator.GenerateThread] 文件已存在，跳过: W-12010_V1&V2_过程检验表_20260626.xlsx
[2026-08-14 19:50:26.691] [WARNING] [ExcelBatchGenerator.GenerateThread] 文件已存在，跳过: W-12010_V1&V2_过程检验表_20260627.xlsx
[2026-08-14 19:50:26.692] [WARNING] [ExcelBatchGenerator.GenerateThread] 文件已存在，跳过: W-12010_V1&V2_过程检验表_20260629.xlsx
[2026-08-14 19:50:26.692] [WARNING] [ExcelBatchGenerator.GenerateThread] 文件已存在，跳过: W-12010_V1&V2_过程检验表_20260630.xlsx
[2026-08-14 19:50:26.692] [WARNING] [ExcelBatchGenerator.GenerateThread] 文件已存在，跳过: W-12010_V1&V2_过程检验表_20260701.xlsx
[2026-08-14 19:50:26.692] [WARNING] [ExcelBatchGenerator.GenerateThread] 文件已存在，跳过: W-12010_V1&V2_过程检验表_20260702.xlsx
[2026-08-14 19:50:26.693] [WARNING] [ExcelBatchGenerator.GenerateThread] 文件已存在，跳过: W-12010_V1&V2_过程检验表_20260703.xlsx
[2026-08-14 19:50:26.693] [WARNING] [ExcelBatchGenerator.GenerateThread] 文件已存在，跳过: W-12010_V1&V2_过程检验表_20260704.xlsx
[2026-08-14 19:50:26.693] [WARNING] [ExcelBatchGenerator.GenerateThread] 文件已存在，跳过: W-12010_V1&V2_过程检验表_20260706.xlsx
[2026-08-14 19:50:26.694] [WARNING] [ExcelBatchGenerator.GenerateThread] 文件已存在，跳过: W-12010_V1&V2_过程检验表_20260707.xlsx
[2026-08-14 19:50:26.694] [WARNING] [ExcelBatchGenerator.GenerateThread] 文件已存在，跳过: W-12010_V1&V2_过程检验表_20260708.xlsx
[2026-08-14 19:50:26.694] [WARNING] [ExcelBatchGenerator.GenerateThread] 文件已存在，跳过: W-12010_V1&V2_过程检验表_20260709.xlsx
[2026-08-14 19:50:26.694] [WARNING] [ExcelBatchGenerator.GenerateThread] 文件已存在，跳过: W-12010_V1&V2_过程检验表_20260712.xlsx
[2026-08-14 19:50:26.695] [WARNING] [ExcelBatchGenerator.GenerateThread] 文件已存在，跳过: W-12010_V1&V2_过程检验表_20260713.xlsx
[2026-08-14 19:50:26.695] [WARNING] [ExcelBatchGenerator.GenerateThread] 文件已存在，跳过: W-12010_V1&V2_过程检验表_20260714.xlsx
[2026-08-14 19:50:26.695] [WARNING] [ExcelBatchGenerator.GenerateThread] 文件已存在，跳过: W-12010_V1&V2_过程检验表_20260715.xlsx
[2026-08-14 19:50:26.696] [WARNING] [ExcelBatchGenerator.GenerateThread] 文件已存在，跳过: W-12010_V1&V2_过程检验表_20260716.xlsx
[2026-08-14 19:50:26.696] [WARNING] [ExcelBatchGenerator.GenerateThread] 文件已存在，跳过: W-12010_V1&V2_过程检验表_20260717.xlsx
[2026-08-14 19:50:26.696] [WARNING] [ExcelBatchGenerator.GenerateThread] 文件已存在，跳过: W-12010_V1&V2_过程检验表_20260718.xlsx
[2026-08-14 19:50:26.697] [WARNING] [ExcelBatchGenerator.GenerateThread] 文件已存在，跳过: W-12010_V1&V2_过程检验表_20260720.xlsx
[2026-08-14 19:50:26.697] [WARNING] [ExcelBatchGenerator.GenerateThread] 文件已存在，跳过: W-12010_V1&V2_过程检验表_20260721.xlsx
[2026-08-14 19:50:26.697] [WARNING] [ExcelBatchGenerator.GenerateThread] 文件已存在，跳过: W-12010_V1&V2_过程检验表_20260722.xlsx
[2026-08-14 19:50:26.698] [WARNING] [ExcelBatchGenerator.GenerateThread] 文件已存在，跳过: W-12010_V1&V2_过程检验表_20260723.xlsx
[2026-08-14 19:50:26.698] [WARNING] [ExcelBatchGenerator.GenerateThread] 文件已存在，跳过: W-12010_V1&V2_过程检验表_20260724.xlsx
[2026-08-14 19:50:26.698] [WARNING] [ExcelBatchGenerator.GenerateThread] 文件已存在，跳过: W-12010_V1&V2_过程检验表_20260725.xlsx
[2026-08-14 19:50:26.699] [WARNING] [ExcelBatchGenerator.GenerateThread] 文件已存在，跳过: W-12010_V1&V2_过程检验表_20260727.xlsx
[2026-08-14 19:50:26.699] [WARNING] [ExcelBatchGenerator.GenerateThread] 文件已存在，跳过: W-12010_V1&V2_过程检验表_20260728.xlsx
[2026-08-14 19:50:26.701] [WARNING] [ExcelBatchGenerator.GenerateThread] 文件已存在，跳过: W-12010_V1&V2_过程检验表_20260729.xlsx
[2026-08-14 19:50:26.701] [WARNING] [ExcelBatchGenerator.GenerateThread] 文件已存在，跳过: W-12010_V1&V2_过程检验表_20260730.xlsx
[2026-08-14 19:50:26.702] [WARNING] [ExcelBatchGenerator.GenerateThread] 文件已存在，跳过: W-12010_V1&V2_过程检验表_20260731.xlsx
[2026-08-14 19:50:26.702] [WARNING] [ExcelBatchGenerator.GenerateThread] 文件已存在，跳过: W-12010_V1&V2_过程检验表_20260801.xlsx
[2026-08-14 19:50:26.702] [WARNING] [ExcelBatchGenerator.GenerateThread] 文件已存在，跳过: W-12010_V1&V2_过程检验表_20260803.xlsx
[2026-08-14 19:50:26.702] [WARNING] [ExcelBatchGenerator.GenerateThread] 文件已存在，跳过: W-12010_V1&V2_过程检验表_20260804.xlsx
[2026-08-14 19:50:26.703] [WARNING] [ExcelBatchGenerator.GenerateThread] 文件已存在，跳过: W-12010_V1&V2_过程检验表_20260805.xlsx
[2026-08-14 19:50:26.703] [WARNING] [ExcelBatchGenerator.GenerateThread] 文件已存在，跳过: W-12010_V1&V2_过程检验表_20260806.xlsx
[2026-08-14 19:50:26.703] [WARNING] [ExcelBatchGenerator.GenerateThread] 文件已存在，跳过: W-12010_V1&V2_过程检验表_20260807.xlsx
[2026-08-14 19:50:26.704] [WARNING] [ExcelBatchGenerator.GenerateThread] 文件已存在，跳过: W-12010_V1&V2_过程检验表_20260808.xlsx
[2026-08-14 19:50:26.704] [WARNING] [ExcelBatchGenerator.GenerateThread] 文件已存在，跳过: W-12010_V1&V2_过程检验表_20260810.xlsx
[2026-08-14 19:50:26.704] [WARNING] [ExcelBatchGenerator.GenerateThread] 文件已存在，跳过: W-12010_V1&V2_过程检验表_20260811.xlsx
[2026-08-14 19:50:26.704] [WARNING] [ExcelBatchGenerator.GenerateThread] 文件已存在，跳过: W-12010_V1&V2_过程检验表_20260812.xlsx
[2026-08-14 19:50:26.704] [WARNING] [ExcelBatchGenerator.GenerateThread] 文件已存在，跳过: W-12010_V1&V2_过程检验表_20260813.xlsx
[2026-08-14 19:50:26.704] [INFO] [ExcelBatchGenerator.GenerateThread] 生成完成，成功 87/87
[2026-08-14 19:50:26.706] [INFO] [ExcelBatchGenerator.MainWindow] 生成完成，成功 87/87
[2026-08-14 19:50:34.541] [INFO] [ExcelBatchGenerator.MainWindow] 加载模板: W-12010_V1&V2首件检验表模板.xlsx
[2026-08-14 19:50:34.542] [INFO] [ExcelBatchGenerator.MainWindow] 加载配置: W-12010_V1&V2 - 首件
[2026-08-14 19:50:35.628] [INFO] [ExcelBatchGenerator.MainWindow] 加载配置: W-12010_V1&V2 - 首件
[2026-08-14 19:50:35.629] [INFO] [ExcelBatchGenerator.MainWindow] 模板路径已保存: E:/test-shenzhen/文档模板/W-12010/V1&V2/首件检验表/W-12010_V1&V2首件检验表模板.xlsx
[2026-08-14 19:50:38.843] [INFO] [ExcelBatchGenerator.MainWindow] 输出目录已记录: E:/惠州需求-确定版/首件、成品、过程/W-12010/V1&V2/首件检验表
[2026-08-14 19:50:38.847] [INFO] [ExcelBatchGenerator.MainWindow] 开始生成，类型: 首件，共 15 个文件
[2026-08-14 19:50:38.847] [INFO] [ExcelBatchGenerator.GenerateThread] 开始生成，类型: 首件，共 15 个文件
[2026-08-14 19:50:38.848] [WARNING] [ExcelBatchGenerator.GenerateThread] 文件已存在，跳过: W-12010_V1&V2_首件检验表_20260503.xlsx
[2026-08-14 19:50:38.848] [WARNING] [ExcelBatchGenerator.GenerateThread] 文件已存在，跳过: W-12010_V1&V2_首件检验表_20260511.xlsx
[2026-08-14 19:50:38.849] [WARNING] [ExcelBatchGenerator.GenerateThread] 文件已存在，跳过: W-12010_V1&V2_首件检验表_20260518.xlsx
[2026-08-14 19:50:38.849] [WARNING] [ExcelBatchGenerator.GenerateThread] 文件已存在，跳过: W-12010_V1&V2_首件检验表_20260525.xlsx
[2026-08-14 19:50:38.849] [WARNING] [ExcelBatchGenerator.GenerateThread] 文件已存在，跳过: W-12010_V1&V2_首件检验表_20260601.xlsx
[2026-08-14 19:50:38.850] [WARNING] [ExcelBatchGenerator.GenerateThread] 文件已存在，跳过: W-12010_V1&V2_首件检验表_20260608.xlsx
[2026-08-14 19:50:38.850] [WARNING] [ExcelBatchGenerator.GenerateThread] 文件已存在，跳过: W-12010_V1&V2_首件检验表_20260615.xlsx
[2026-08-14 19:50:38.850] [WARNING] [ExcelBatchGenerator.GenerateThread] 文件已存在，跳过: W-12010_V1&V2_首件检验表_20260621.xlsx
[2026-08-14 19:50:38.850] [WARNING] [ExcelBatchGenerator.GenerateThread] 文件已存在，跳过: W-12010_V1&V2_首件检验表_20260629.xlsx
[2026-08-14 19:50:38.851] [WARNING] [ExcelBatchGenerator.GenerateThread] 文件已存在，跳过: W-12010_V1&V2_首件检验表_20260706.xlsx
[2026-08-14 19:50:38.851] [WARNING] [ExcelBatchGenerator.GenerateThread] 文件已存在，跳过: W-12010_V1&V2_首件检验表_20260712.xlsx
[2026-08-14 19:50:38.851] [WARNING] [ExcelBatchGenerator.GenerateThread] 文件已存在，跳过: W-12010_V1&V2_首件检验表_20260720.xlsx
[2026-08-14 19:50:38.851] [WARNING] [ExcelBatchGenerator.GenerateThread] 文件已存在，跳过: W-12010_V1&V2_首件检验表_20260727.xlsx
[2026-08-14 19:50:38.852] [WARNING] [ExcelBatchGenerator.GenerateThread] 文件已存在，跳过: W-12010_V1&V2_首件检验表_20260803.xlsx
[2026-08-14 19:50:40.044] [INFO] [ExcelBatchGenerator.GenerateThread] ✓ 已生成: W-12010_V1&V2_首件检验表_20260810.xlsx
[2026-08-14 19:50:40.045] [INFO] [ExcelBatchGenerator.GenerateThread] 生成完成，成功 15/15
[2026-08-14 19:50:40.047] [INFO] [ExcelBatchGenerator.MainWindow] 生成完成，成功 15/15
[2026-08-14 19:50:55.976] [INFO] [ExcelBatchGenerator.MainWindow] 加载模板: W-12010_V1&V2成品检验表模板.xlsx
[2026-08-14 19:50:55.976] [INFO] [ExcelBatchGenerator.MainWindow] 加载配置: W-12010_V1&V2 - 成品
[2026-08-14 19:50:56.886] [INFO] [ExcelBatchGenerator.MainWindow] 加载配置: W-12010_V1&V2 - 成品
[2026-08-14 19:50:56.887] [INFO] [ExcelBatchGenerator.MainWindow] 模板路径已保存: E:/test-shenzhen/文档模板/W-12010/V1&V2/成品检验表/W-12010_V1&V2成品检验表模板.xlsx
[2026-08-14 19:50:59.602] [INFO] [ExcelBatchGenerator.MainWindow] 输出目录已记录: E:/惠州需求-确定版/首件、成品、过程/W-12010/V1&V2/成品检验表
[2026-08-14 19:50:59.606] [INFO] [ExcelBatchGenerator.MainWindow] 开始生成，类型: 成品，共 15 个文件
[2026-08-14 19:50:59.607] [INFO] [ExcelBatchGenerator.GenerateThread] 开始生成，类型: 成品，共 15 个文件
[2026-08-14 19:51:00.494] [INFO] [ExcelBatchGenerator.GenerateThread] ✓ 已生成: W-12010_V1&V2_成品检验表_20260509.xlsx
[2026-08-14 19:51:01.664] [INFO] [ExcelBatchGenerator.GenerateThread] ✓ 已生成: W-12010_V1&V2_成品检验表_20260516.xlsx
[2026-08-14 19:51:02.609] [INFO] [ExcelBatchGenerator.GenerateThread] ✓ 已生成: W-12010_V1&V2_成品检验表_20260523.xlsx
[2026-08-14 19:51:02.740] [ERROR] [ExcelBatchGenerator.GenerateThread] ✗ 生成失败: W-12010_V1&V2_成品检验表_20260530.xlsx - (-2147023174, 'RPC 服务器不可用。', None, None)
[2026-08-14 19:51:02.740] [ERROR] [ExcelBatchGenerator.GenerateThread] 详细错误: (-2147023174, 'RPC 服务器不可用。', None, None)
Traceback (most recent call last):
  File "e:\test-shenzhen\excel_batch_generator\core\generate_thread.py", line 98, in run
    generator.generate(date, filename)
    ~~~~~~~~~~~~~~~~~~^^^^^^^^^^^^^^^^
  File "e:\test-shenzhen\excel_batch_generator\core\excel_generator.py", line 311, in generate
    raise e
  File "e:\test-shenzhen\excel_batch_generator\core\excel_generator.py", line 294, in generate
    excel.Visible = False
    ^^^^^^^^^^^^^
  File "C:\Users\Administrator\AppData\Local\Programs\Python\Python313\Lib\site-packages\win32com\client\__init__.py", line 600, in __setattr__
    self._oleobj_.Invoke(*(args + (value,) + defArgs))
    ~~~~~~~~~~~~~~~~~~~~^^^^^^^^^^^^^^^^^^^^^^^^^^^^^^
pywintypes.com_error: (-2147023174, 'RPC 服务器不可用。', None, None)
[2026-08-14 19:51:03.827] [INFO] [ExcelBatchGenerator.GenerateThread] ✓ 已生成: W-12010_V1&V2_成品检验表_20260606.xlsx
[2026-08-14 19:51:04.959] [INFO] [ExcelBatchGenerator.GenerateThread] ✓ 已生成: W-12010_V1&V2_成品检验表_20260613.xlsx
[2026-08-14 19:51:06.019] [INFO] [ExcelBatchGenerator.GenerateThread] ✓ 已生成: W-12010_V1&V2_成品检验表_20260618.xlsx
[2026-08-14 19:51:06.931] [INFO] [ExcelBatchGenerator.GenerateThread] ✓ 已生成: W-12010_V1&V2_成品检验表_20260627.xlsx
[2026-08-14 19:51:08.100] [INFO] [ExcelBatchGenerator.GenerateThread] ✓ 已生成: W-12010_V1&V2_成品检验表_20260704.xlsx
[2026-08-14 19:51:09.164] [INFO] [ExcelBatchGenerator.GenerateThread] ✓ 已生成: W-12010_V1&V2_成品检验表_20260709.xlsx
[2026-08-14 19:51:10.104] [INFO] [ExcelBatchGenerator.GenerateThread] ✓ 已生成: W-12010_V1&V2_成品检验表_20260718.xlsx
[2026-08-14 19:51:10.260] [ERROR] [ExcelBatchGenerator.GenerateThread] ✗ 生成失败: W-12010_V1&V2_成品检验表_20260725.xlsx - (-2147023174, 'RPC 服务器不可用。', None, None)
[2026-08-14 19:51:10.260] [ERROR] [ExcelBatchGenerator.GenerateThread] 详细错误: (-2147023174, 'RPC 服务器不可用。', None, None)
Traceback (most recent call last):
  File "e:\test-shenzhen\excel_batch_generator\core\generate_thread.py", line 98, in run
    generator.generate(date, filename)
    ~~~~~~~~~~~~~~~~~~^^^^^^^^^^^^^^^^
  File "e:\test-shenzhen\excel_batch_generator\core\excel_generator.py", line 311, in generate
    raise e
  File "e:\test-shenzhen\excel_batch_generator\core\excel_generator.py", line 294, in generate
    excel.Visible = False
    ^^^^^^^^^^^^^
  File "C:\Users\Administrator\AppData\Local\Programs\Python\Python313\Lib\site-packages\win32com\client\__init__.py", line 600, in __setattr__
    self._oleobj_.Invoke(*(args + (value,) + defArgs))
    ~~~~~~~~~~~~~~~~~~~~^^^^^^^^^^^^^^^^^^^^^^^^^^^^^^
pywintypes.com_error: (-2147023174, 'RPC 服务器不可用。', None, None)
[2026-08-14 19:51:11.171] [INFO] [ExcelBatchGenerator.GenerateThread] ✓ 已生成: W-12010_V1&V2_成品检验表_20260801.xlsx
[2026-08-14 19:51:12.379] [INFO] [ExcelBatchGenerator.GenerateThread] ✓ 已生成: W-12010_V1&V2_成品检验表_20260808.xlsx
[2026-08-14 19:51:13.428] [INFO] [ExcelBatchGenerator.GenerateThread] ✓ 已生成: W-12010_V1&V2_成品检验表_20260813.xlsx
[2026-08-14 19:51:13.428] [INFO] [ExcelBatchGenerator.GenerateThread] 生成完成，成功 13/15
[2026-08-14 19:51:13.430] [INFO] [ExcelBatchGenerator.MainWindow] 生成完成，成功 13/15
[2026-08-14 19:51:35.581] [INFO] [ExcelBatchGenerator.MainWindow] 加载模板: W-12010_T1&T2首件检验表模板.xlsx
[2026-08-14 19:51:35.581] [INFO] [ExcelBatchGenerator.MainWindow] 加载配置: W-12010_T1&T2 - 首件
[2026-08-14 19:51:36.546] [INFO] [ExcelBatchGenerator.MainWindow] 加载配置: W-12010_T1&T2 - 首件
[2026-08-14 19:51:36.547] [INFO] [ExcelBatchGenerator.MainWindow] 模板路径已保存: E:/test-shenzhen/文档模板/W-12010/T1&T2/首件检验表/W-12010_T1&T2首件检验表模板.xlsx
[2026-08-14 19:51:41.285] [INFO] [ExcelBatchGenerator.MainWindow] 输出目录已记录: E:/惠州需求-确定版/首件、成品、过程/W-12010/T1&T2/首件检验表
[2026-08-14 19:51:41.289] [INFO] [ExcelBatchGenerator.MainWindow] 开始生成，类型: 首件，共 15 个文件
[2026-08-14 19:51:41.290] [INFO] [ExcelBatchGenerator.GenerateThread] 开始生成，类型: 首件，共 15 个文件
[2026-08-14 19:51:42.452] [INFO] [ExcelBatchGenerator.GenerateThread] ✓ 已生成: W-12010_T1&T2_首件检验表_20260503.xlsx
[2026-08-14 19:51:43.643] [INFO] [ExcelBatchGenerator.GenerateThread] ✓ 已生成: W-12010_T1&T2_首件检验表_20260511.xlsx
[2026-08-14 19:51:44.850] [INFO] [ExcelBatchGenerator.GenerateThread] ✓ 已生成: W-12010_T1&T2_首件检验表_20260518.xlsx
[2026-08-14 19:51:45.965] [INFO] [ExcelBatchGenerator.GenerateThread] ✓ 已生成: W-12010_T1&T2_首件检验表_20260525.xlsx
[2026-08-14 19:51:47.321] [INFO] [ExcelBatchGenerator.GenerateThread] ✓ 已生成: W-12010_T1&T2_首件检验表_20260601.xlsx
[2026-08-14 19:51:48.406] [INFO] [ExcelBatchGenerator.GenerateThread] ✓ 已生成: W-12010_T1&T2_首件检验表_20260608.xlsx
[2026-08-14 19:51:49.640] [INFO] [ExcelBatchGenerator.GenerateThread] ✓ 已生成: W-12010_T1&T2_首件检验表_20260615.xlsx
[2026-08-14 19:51:50.960] [INFO] [ExcelBatchGenerator.GenerateThread] ✓ 已生成: W-12010_T1&T2_首件检验表_20260621.xlsx
[2026-08-14 19:51:52.049] [INFO] [ExcelBatchGenerator.GenerateThread] ✓ 已生成: W-12010_T1&T2_首件检验表_20260629.xlsx
[2026-08-14 19:51:53.406] [INFO] [ExcelBatchGenerator.GenerateThread] ✓ 已生成: W-12010_T1&T2_首件检验表_20260706.xlsx
[2026-08-14 19:51:54.614] [INFO] [ExcelBatchGenerator.GenerateThread] ✓ 已生成: W-12010_T1&T2_首件检验表_20260712.xlsx
[2026-08-14 19:51:55.787] [INFO] [ExcelBatchGenerator.GenerateThread] ✓ 已生成: W-12010_T1&T2_首件检验表_20260720.xlsx
[2026-08-14 19:51:57.047] [INFO] [ExcelBatchGenerator.GenerateThread] ✓ 已生成: W-12010_T1&T2_首件检验表_20260727.xlsx
[2026-08-14 19:51:58.098] [INFO] [ExcelBatchGenerator.GenerateThread] ✓ 已生成: W-12010_T1&T2_首件检验表_20260803.xlsx
[2026-08-14 19:51:59.416] [INFO] [ExcelBatchGenerator.GenerateThread] ✓ 已生成: W-12010_T1&T2_首件检验表_20260810.xlsx
[2026-08-14 19:51:59.417] [INFO] [ExcelBatchGenerator.GenerateThread] 生成完成，成功 15/15
[2026-08-14 19:51:59.420] [INFO] [ExcelBatchGenerator.MainWindow] 生成完成，成功 15/15
[2026-08-14 19:52:37.176] [INFO] [ExcelBatchGenerator.MainWindow] 加载模板: W-12010_T1&T2过程检验表模板.xlsx
[2026-08-14 19:52:37.177] [INFO] [ExcelBatchGenerator.MainWindow] 加载配置: W-12010_T1&T2 - 过程
[2026-08-14 19:52:38.298] [INFO] [ExcelBatchGenerator.MainWindow] 加载配置: W-12010_T1&T2 - 过程
[2026-08-14 19:52:38.299] [INFO] [ExcelBatchGenerator.MainWindow] 模板路径已保存: E:/test-shenzhen/文档模板/W-12010/T1&T2/过程检验表/W-12010_T1&T2过程检验表模板.xlsx
[2026-08-14 19:52:41.830] [INFO] [ExcelBatchGenerator.MainWindow] 输出目录已记录: E:/惠州需求-确定版/首件、成品、过程/W-12010/T1&T2/过程检验表
[2026-08-14 19:52:41.834] [INFO] [ExcelBatchGenerator.MainWindow] 开始生成，类型: 过程，共 87 个文件
[2026-08-14 19:52:41.835] [INFO] [ExcelBatchGenerator.GenerateThread] 开始生成，类型: 过程，共 87 个文件
[2026-08-14 19:52:42.810] [WARNING] [ExcelBatchGenerator.ExcelGenerator] 应用规则 146959ba 失败: month must be in 1..12
[2026-08-14 19:52:42.949] [INFO] [ExcelBatchGenerator.GenerateThread] ✓ 已生成: W-12010_T1&T2_过程检验表_20260503.xlsx
[2026-08-14 19:52:44.049] [WARNING] [ExcelBatchGenerator.ExcelGenerator] 应用规则 146959ba 失败: month must be in 1..12
[2026-08-14 19:52:44.315] [INFO] [ExcelBatchGenerator.GenerateThread] ✓ 已生成: W-12010_T1&T2_过程检验表_20260504.xlsx
[2026-08-14 19:52:45.265] [WARNING] [ExcelBatchGenerator.ExcelGenerator] 应用规则 146959ba 失败: month must be in 1..12
[2026-08-14 19:52:45.518] [INFO] [ExcelBatchGenerator.GenerateThread] ✓ 已生成: W-12010_T1&T2_过程检验表_20260505.xlsx
[2026-08-14 19:52:46.512] [WARNING] [ExcelBatchGenerator.ExcelGenerator] 应用规则 146959ba 失败: month must be in 1..12
[2026-08-14 19:52:46.802] [INFO] [ExcelBatchGenerator.GenerateThread] ✓ 已生成: W-12010_T1&T2_过程检验表_20260506.xlsx
[2026-08-14 19:52:47.757] [WARNING] [ExcelBatchGenerator.ExcelGenerator] 应用规则 146959ba 失败: month must be in 1..12
[2026-08-14 19:52:48.048] [INFO] [ExcelBatchGenerator.GenerateThread] ✓ 已生成: W-12010_T1&T2_过程检验表_20260507.xlsx
[2026-08-14 19:52:49.019] [WARNING] [ExcelBatchGenerator.ExcelGenerator] 应用规则 146959ba 失败: month must be in 1..12
[2026-08-14 19:52:49.308] [INFO] [ExcelBatchGenerator.GenerateThread] ✓ 已生成: W-12010_T1&T2_过程检验表_20260508.xlsx
[2026-08-14 19:52:50.303] [WARNING] [ExcelBatchGenerator.ExcelGenerator] 应用规则 146959ba 失败: month must be in 1..12
[2026-08-14 19:52:50.592] [INFO] [ExcelBatchGenerator.GenerateThread] ✓ 已生成: W-12010_T1&T2_过程检验表_20260509.xlsx
[2026-08-14 19:52:51.548] [WARNING] [ExcelBatchGenerator.ExcelGenerator] 应用规则 146959ba 失败: month must be in 1..12
[2026-08-14 19:52:51.835] [INFO] [ExcelBatchGenerator.GenerateThread] ✓ 已生成: W-12010_T1&T2_过程检验表_20260511.xlsx
[2026-08-14 19:52:52.784] [WARNING] [ExcelBatchGenerator.ExcelGenerator] 应用规则 146959ba 失败: month must be in 1..12
[2026-08-14 19:52:53.073] [INFO] [ExcelBatchGenerator.GenerateThread] ✓ 已生成: W-12010_T1&T2_过程检验表_20260512.xlsx
[2026-08-14 19:52:54.045] [WARNING] [ExcelBatchGenerator.ExcelGenerator] 应用规则 146959ba 失败: month must be in 1..12
[2026-08-14 19:52:54.344] [INFO] [ExcelBatchGenerator.GenerateThread] ✓ 已生成: W-12010_T1&T2_过程检验表_20260513.xlsx
[2026-08-14 19:52:55.282] [WARNING] [ExcelBatchGenerator.ExcelGenerator] 应用规则 146959ba 失败: month must be in 1..12
[2026-08-14 19:52:55.568] [INFO] [ExcelBatchGenerator.GenerateThread] ✓ 已生成: W-12010_T1&T2_过程检验表_20260514.xlsx
[2026-08-14 19:52:56.523] [WARNING] [ExcelBatchGenerator.ExcelGenerator] 应用规则 146959ba 失败: month must be in 1..12
[2026-08-14 19:52:56.804] [INFO] [ExcelBatchGenerator.GenerateThread] ✓ 已生成: W-12010_T1&T2_过程检验表_20260515.xlsx
[2026-08-14 19:52:57.796] [WARNING] [ExcelBatchGenerator.ExcelGenerator] 应用规则 146959ba 失败: month must be in 1..12
[2026-08-14 19:52:58.085] [INFO] [ExcelBatchGenerator.GenerateThread] ✓ 已生成: W-12010_T1&T2_过程检验表_20260516.xlsx
[2026-08-14 19:52:59.050] [WARNING] [ExcelBatchGenerator.ExcelGenerator] 应用规则 146959ba 失败: month must be in 1..12
[2026-08-14 19:52:59.318] [INFO] [ExcelBatchGenerator.GenerateThread] ✓ 已生成: W-12010_T1&T2_过程检验表_20260518.xlsx
[2026-08-14 19:53:00.270] [WARNING] [ExcelBatchGenerator.ExcelGenerator] 应用规则 146959ba 失败: month must be in 1..12
[2026-08-14 19:53:00.568] [INFO] [ExcelBatchGenerator.GenerateThread] ✓ 已生成: W-12010_T1&T2_过程检验表_20260519.xlsx
[2026-08-14 19:53:01.538] [WARNING] [ExcelBatchGenerator.ExcelGenerator] 应用规则 146959ba 失败: month must be in 1..12
[2026-08-14 19:53:01.812] [INFO] [ExcelBatchGenerator.GenerateThread] ✓ 已生成: W-12010_T1&T2_过程检验表_20260520.xlsx
[2026-08-14 19:53:02.759] [WARNING] [ExcelBatchGenerator.ExcelGenerator] 应用规则 146959ba 失败: month must be in 1..12
[2026-08-14 19:53:03.047] [INFO] [ExcelBatchGenerator.GenerateThread] ✓ 已生成: W-12010_T1&T2_过程检验表_20260521.xlsx
[2026-08-14 19:53:03.986] [WARNING] [ExcelBatchGenerator.ExcelGenerator] 应用规则 146959ba 失败: month must be in 1..12
[2026-08-14 19:53:04.241] [INFO] [ExcelBatchGenerator.GenerateThread] ✓ 已生成: W-12010_T1&T2_过程检验表_20260522.xlsx
[2026-08-14 19:53:05.224] [WARNING] [ExcelBatchGenerator.ExcelGenerator] 应用规则 146959ba 失败: month must be in 1..12
[2026-08-14 19:53:05.366] [INFO] [ExcelBatchGenerator.GenerateThread] ✓ 已生成: W-12010_T1&T2_过程检验表_20260523.xlsx
[2026-08-14 19:53:06.453] [WARNING] [ExcelBatchGenerator.ExcelGenerator] 应用规则 146959ba 失败: month must be in 1..12
[2026-08-14 19:53:06.729] [INFO] [ExcelBatchGenerator.GenerateThread] ✓ 已生成: W-12010_T1&T2_过程检验表_20260525.xlsx
[2026-08-14 19:53:07.674] [WARNING] [ExcelBatchGenerator.ExcelGenerator] 应用规则 146959ba 失败: month must be in 1..12
[2026-08-14 19:53:07.960] [INFO] [ExcelBatchGenerator.GenerateThread] ✓ 已生成: W-12010_T1&T2_过程检验表_20260526.xlsx
[2026-08-14 19:53:08.934] [WARNING] [ExcelBatchGenerator.ExcelGenerator] 应用规则 146959ba 失败: month must be in 1..12
[2026-08-14 19:53:09.206] [INFO] [ExcelBatchGenerator.GenerateThread] ✓ 已生成: W-12010_T1&T2_过程检验表_20260527.xlsx
[2026-08-14 19:53:10.158] [WARNING] [ExcelBatchGenerator.ExcelGenerator] 应用规则 146959ba 失败: month must be in 1..12
[2026-08-14 19:53:10.429] [INFO] [ExcelBatchGenerator.GenerateThread] ✓ 已生成: W-12010_T1&T2_过程检验表_20260528.xlsx
[2026-08-14 19:53:11.386] [WARNING] [ExcelBatchGenerator.ExcelGenerator] 应用规则 146959ba 失败: month must be in 1..12
[2026-08-14 19:53:11.653] [INFO] [ExcelBatchGenerator.GenerateThread] ✓ 已生成: W-12010_T1&T2_过程检验表_20260529.xlsx
[2026-08-14 19:53:12.619] [WARNING] [ExcelBatchGenerator.ExcelGenerator] 应用规则 146959ba 失败: month must be in 1..12
[2026-08-14 19:53:12.885] [INFO] [ExcelBatchGenerator.GenerateThread] ✓ 已生成: W-12010_T1&T2_过程检验表_20260530.xlsx
[2026-08-14 19:53:13.830] [WARNING] [ExcelBatchGenerator.ExcelGenerator] 应用规则 146959ba 失败: month must be in 1..12
[2026-08-14 19:53:14.110] [INFO] [ExcelBatchGenerator.GenerateThread] ✓ 已生成: W-12010_T1&T2_过程检验表_20260601.xlsx
[2026-08-14 19:53:15.069] [WARNING] [ExcelBatchGenerator.ExcelGenerator] 应用规则 146959ba 失败: month must be in 1..12
[2026-08-14 19:53:15.356] [INFO] [ExcelBatchGenerator.GenerateThread] ✓ 已生成: W-12010_T1&T2_过程检验表_20260602.xlsx
[2026-08-14 19:53:16.340] [WARNING] [ExcelBatchGenerator.ExcelGenerator] 应用规则 146959ba 失败: month must be in 1..12
[2026-08-14 19:53:16.597] [INFO] [ExcelBatchGenerator.GenerateThread] ✓ 已生成: W-12010_T1&T2_过程检验表_20260603.xlsx
[2026-08-14 19:53:17.553] [WARNING] [ExcelBatchGenerator.ExcelGenerator] 应用规则 146959ba 失败: month must be in 1..12
[2026-08-14 19:53:17.851] [INFO] [ExcelBatchGenerator.GenerateThread] ✓ 已生成: W-12010_T1&T2_过程检验表_20260604.xlsx
[2026-08-14 19:53:18.838] [WARNING] [ExcelBatchGenerator.ExcelGenerator] 应用规则 146959ba 失败: month must be in 1..12
[2026-08-14 19:53:19.100] [INFO] [ExcelBatchGenerator.GenerateThread] ✓ 已生成: W-12010_T1&T2_过程检验表_20260605.xlsx
[2026-08-14 19:53:20.076] [WARNING] [ExcelBatchGenerator.ExcelGenerator] 应用规则 146959ba 失败: month must be in 1..12
[2026-08-14 19:53:20.344] [INFO] [ExcelBatchGenerator.GenerateThread] ✓ 已生成: W-12010_T1&T2_过程检验表_20260606.xlsx
[2026-08-14 19:53:21.305] [WARNING] [ExcelBatchGenerator.ExcelGenerator] 应用规则 146959ba 失败: month must be in 1..12
[2026-08-14 19:53:21.446] [INFO] [ExcelBatchGenerator.GenerateThread] ✓ 已生成: W-12010_T1&T2_过程检验表_20260608.xlsx
[2026-08-14 19:53:22.528] [WARNING] [ExcelBatchGenerator.ExcelGenerator] 应用规则 146959ba 失败: month must be in 1..12
[2026-08-14 19:53:22.661] [INFO] [ExcelBatchGenerator.GenerateThread] ✓ 已生成: W-12010_T1&T2_过程检验表_20260609.xlsx
[2026-08-14 19:53:23.755] [WARNING] [ExcelBatchGenerator.ExcelGenerator] 应用规则 146959ba 失败: month must be in 1..12
[2026-08-14 19:53:24.039] [INFO] [ExcelBatchGenerator.GenerateThread] ✓ 已生成: W-12010_T1&T2_过程检验表_20260610.xlsx
[2026-08-14 19:53:25.020] [WARNING] [ExcelBatchGenerator.ExcelGenerator] 应用规则 146959ba 失败: month must be in 1..12
[2026-08-14 19:53:25.290] [INFO] [ExcelBatchGenerator.GenerateThread] ✓ 已生成: W-12010_T1&T2_过程检验表_20260611.xlsx
[2026-08-14 19:53:26.218] [WARNING] [ExcelBatchGenerator.ExcelGenerator] 应用规则 146959ba 失败: month must be in 1..12
[2026-08-14 19:53:26.489] [INFO] [ExcelBatchGenerator.GenerateThread] ✓ 已生成: W-12010_T1&T2_过程检验表_20260612.xlsx
[2026-08-14 19:53:27.471] [WARNING] [ExcelBatchGenerator.ExcelGenerator] 应用规则 146959ba 失败: month must be in 1..12
[2026-08-14 19:53:27.744] [INFO] [ExcelBatchGenerator.GenerateThread] ✓ 已生成: W-12010_T1&T2_过程检验表_20260613.xlsx
[2026-08-14 19:53:28.687] [WARNING] [ExcelBatchGenerator.ExcelGenerator] 应用规则 146959ba 失败: month must be in 1..12
[2026-08-14 19:53:28.953] [INFO] [ExcelBatchGenerator.GenerateThread] ✓ 已生成: W-12010_T1&T2_过程检验表_20260615.xlsx
[2026-08-14 19:53:29.907] [WARNING] [ExcelBatchGenerator.ExcelGenerator] 应用规则 146959ba 失败: month must be in 1..12
[2026-08-14 19:53:30.189] [INFO] [ExcelBatchGenerator.GenerateThread] ✓ 已生成: W-12010_T1&T2_过程检验表_20260616.xlsx
[2026-08-14 19:53:31.174] [WARNING] [ExcelBatchGenerator.ExcelGenerator] 应用规则 146959ba 失败: month must be in 1..12
[2026-08-14 19:53:31.463] [INFO] [ExcelBatchGenerator.GenerateThread] ✓ 已生成: W-12010_T1&T2_过程检验表_20260617.xlsx
[2026-08-14 19:53:32.424] [WARNING] [ExcelBatchGenerator.ExcelGenerator] 应用规则 146959ba 失败: month must be in 1..12
[2026-08-14 19:53:32.705] [INFO] [ExcelBatchGenerator.GenerateThread] ✓ 已生成: W-12010_T1&T2_过程检验表_20260618.xlsx
[2026-08-14 19:53:33.658] [WARNING] [ExcelBatchGenerator.ExcelGenerator] 应用规则 146959ba 失败: month must be in 1..12
[2026-08-14 19:53:33.935] [INFO] [ExcelBatchGenerator.GenerateThread] ✓ 已生成: W-12010_T1&T2_过程检验表_20260621.xlsx
[2026-08-14 19:53:34.910] [WARNING] [ExcelBatchGenerator.ExcelGenerator] 应用规则 146959ba 失败: month must be in 1..12
[2026-08-14 19:53:35.217] [INFO] [ExcelBatchGenerator.GenerateThread] ✓ 已生成: W-12010_T1&T2_过程检验表_20260622.xlsx
[2026-08-14 19:53:36.155] [WARNING] [ExcelBatchGenerator.ExcelGenerator] 应用规则 146959ba 失败: month must be in 1..12
[2026-08-14 19:53:36.438] [INFO] [ExcelBatchGenerator.GenerateThread] ✓ 已生成: W-12010_T1&T2_过程检验表_20260623.xlsx
[2026-08-14 19:53:37.371] [WARNING] [ExcelBatchGenerator.ExcelGenerator] 应用规则 146959ba 失败: month must be in 1..12
[2026-08-14 19:53:37.655] [INFO] [ExcelBatchGenerator.GenerateThread] ✓ 已生成: W-12010_T1&T2_过程检验表_20260624.xlsx
[2026-08-14 19:53:38.639] [WARNING] [ExcelBatchGenerator.ExcelGenerator] 应用规则 146959ba 失败: month must be in 1..12
[2026-08-14 19:53:38.932] [INFO] [ExcelBatchGenerator.GenerateThread] ✓ 已生成: W-12010_T1&T2_过程检验表_20260625.xlsx
[2026-08-14 19:53:39.889] [WARNING] [ExcelBatchGenerator.ExcelGenerator] 应用规则 146959ba 失败: month must be in 1..12
[2026-08-14 19:53:40.173] [INFO] [ExcelBatchGenerator.GenerateThread] ✓ 已生成: W-12010_T1&T2_过程检验表_20260626.xlsx
[2026-08-14 19:53:41.115] [WARNING] [ExcelBatchGenerator.ExcelGenerator] 应用规则 146959ba 失败: month must be in 1..12
[2026-08-14 19:53:41.390] [INFO] [ExcelBatchGenerator.GenerateThread] ✓ 已生成: W-12010_T1&T2_过程检验表_20260627.xlsx
[2026-08-14 19:53:42.361] [WARNING] [ExcelBatchGenerator.ExcelGenerator] 应用规则 146959ba 失败: month must be in 1..12
[2026-08-14 19:53:42.642] [INFO] [ExcelBatchGenerator.GenerateThread] ✓ 已生成: W-12010_T1&T2_过程检验表_20260629.xlsx
[2026-08-14 19:53:43.602] [WARNING] [ExcelBatchGenerator.ExcelGenerator] 应用规则 146959ba 失败: month must be in 1..12
[2026-08-14 19:53:43.892] [INFO] [ExcelBatchGenerator.GenerateThread] ✓ 已生成: W-12010_T1&T2_过程检验表_20260630.xlsx
[2026-08-14 19:53:44.830] [WARNING] [ExcelBatchGenerator.ExcelGenerator] 应用规则 146959ba 失败: month must be in 1..12
[2026-08-14 19:53:45.106] [INFO] [ExcelBatchGenerator.GenerateThread] ✓ 已生成: W-12010_T1&T2_过程检验表_20260701.xlsx
[2026-08-14 19:53:46.087] [WARNING] [ExcelBatchGenerator.ExcelGenerator] 应用规则 146959ba 失败: month must be in 1..12
[2026-08-14 19:53:46.353] [INFO] [ExcelBatchGenerator.GenerateThread] ✓ 已生成: W-12010_T1&T2_过程检验表_20260702.xlsx
[2026-08-14 19:53:47.311] [WARNING] [ExcelBatchGenerator.ExcelGenerator] 应用规则 146959ba 失败: month must be in 1..12
[2026-08-14 19:53:47.594] [INFO] [ExcelBatchGenerator.GenerateThread] ✓ 已生成: W-12010_T1&T2_过程检验表_20260703.xlsx
[2026-08-14 19:53:48.547] [WARNING] [ExcelBatchGenerator.ExcelGenerator] 应用规则 146959ba 失败: month must be in 1..12
[2026-08-14 19:53:48.833] [INFO] [ExcelBatchGenerator.GenerateThread] ✓ 已生成: W-12010_T1&T2_过程检验表_20260704.xlsx
[2026-08-14 19:53:49.817] [WARNING] [ExcelBatchGenerator.ExcelGenerator] 应用规则 146959ba 失败: month must be in 1..12
[2026-08-14 19:53:49.960] [INFO] [ExcelBatchGenerator.GenerateThread] ✓ 已生成: W-12010_T1&T2_过程检验表_20260706.xlsx
[2026-08-14 19:53:51.057] [WARNING] [ExcelBatchGenerator.ExcelGenerator] 应用规则 146959ba 失败: month must be in 1..12
[2026-08-14 19:53:51.189] [INFO] [ExcelBatchGenerator.GenerateThread] ✓ 已生成: W-12010_T1&T2_过程检验表_20260707.xlsx
[2026-08-14 19:53:52.274] [WARNING] [ExcelBatchGenerator.ExcelGenerator] 应用规则 146959ba 失败: month must be in 1..12
[2026-08-14 19:53:52.409] [INFO] [ExcelBatchGenerator.GenerateThread] ✓ 已生成: W-12010_T1&T2_过程检验表_20260708.xlsx
[2026-08-14 19:53:53.524] [WARNING] [ExcelBatchGenerator.ExcelGenerator] 应用规则 146959ba 失败: month must be in 1..12
[2026-08-14 19:53:53.816] [INFO] [ExcelBatchGenerator.GenerateThread] ✓ 已生成: W-12010_T1&T2_过程检验表_20260709.xlsx
[2026-08-14 19:53:54.774] [WARNING] [ExcelBatchGenerator.ExcelGenerator] 应用规则 146959ba 失败: month must be in 1..12
[2026-08-14 19:53:55.062] [INFO] [ExcelBatchGenerator.GenerateThread] ✓ 已生成: W-12010_T1&T2_过程检验表_20260712.xlsx
[2026-08-14 19:53:55.995] [WARNING] [ExcelBatchGenerator.ExcelGenerator] 应用规则 146959ba 失败: month must be in 1..12
[2026-08-14 19:53:56.287] [INFO] [ExcelBatchGenerator.GenerateThread] ✓ 已生成: W-12010_T1&T2_过程检验表_20260713.xlsx
[2026-08-14 19:53:57.274] [WARNING] [ExcelBatchGenerator.ExcelGenerator] 应用规则 146959ba 失败: month must be in 1..12
[2026-08-14 19:53:57.609] [INFO] [ExcelBatchGenerator.GenerateThread] ✓ 已生成: W-12010_T1&T2_过程检验表_20260714.xlsx
[2026-08-14 19:53:58.540] [WARNING] [ExcelBatchGenerator.ExcelGenerator] 应用规则 146959ba 失败: month must be in 1..12
[2026-08-14 19:53:58.686] [INFO] [ExcelBatchGenerator.GenerateThread] ✓ 已生成: W-12010_T1&T2_过程检验表_20260715.xlsx
[2026-08-14 19:53:59.776] [WARNING] [ExcelBatchGenerator.ExcelGenerator] 应用规则 146959ba 失败: month must be in 1..12
[2026-08-14 19:54:00.062] [INFO] [ExcelBatchGenerator.GenerateThread] ✓ 已生成: W-12010_T1&T2_过程检验表_20260716.xlsx
[2026-08-14 19:54:01.041] [WARNING] [ExcelBatchGenerator.ExcelGenerator] 应用规则 146959ba 失败: month must be in 1..12
[2026-08-14 19:54:01.330] [INFO] [ExcelBatchGenerator.GenerateThread] ✓ 已生成: W-12010_T1&T2_过程检验表_20260717.xlsx
[2026-08-14 19:54:02.283] [WARNING] [ExcelBatchGenerator.ExcelGenerator] 应用规则 146959ba 失败: month must be in 1..12
[2026-08-14 19:54:02.567] [INFO] [ExcelBatchGenerator.GenerateThread] ✓ 已生成: W-12010_T1&T2_过程检验表_20260718.xlsx
[2026-08-14 19:54:03.522] [WARNING] [ExcelBatchGenerator.ExcelGenerator] 应用规则 146959ba 失败: month must be in 1..12
[2026-08-14 19:54:03.661] [INFO] [ExcelBatchGenerator.GenerateThread] ✓ 已生成: W-12010_T1&T2_过程检验表_20260720.xlsx
[2026-08-14 19:54:04.789] [WARNING] [ExcelBatchGenerator.ExcelGenerator] 应用规则 146959ba 失败: month must be in 1..12
[2026-08-14 19:54:04.921] [INFO] [ExcelBatchGenerator.GenerateThread] ✓ 已生成: W-12010_T1&T2_过程检验表_20260721.xlsx
[2026-08-14 19:54:05.983] [WARNING] [ExcelBatchGenerator.ExcelGenerator] 应用规则 146959ba 失败: month must be in 1..12
[2026-08-14 19:54:06.123] [INFO] [ExcelBatchGenerator.GenerateThread] ✓ 已生成: W-12010_T1&T2_过程检验表_20260722.xlsx
[2026-08-14 19:54:07.196] [WARNING] [ExcelBatchGenerator.ExcelGenerator] 应用规则 146959ba 失败: month must be in 1..12
[2026-08-14 19:54:07.460] [INFO] [ExcelBatchGenerator.GenerateThread] ✓ 已生成: W-12010_T1&T2_过程检验表_20260723.xlsx
[2026-08-14 19:54:08.451] [WARNING] [ExcelBatchGenerator.ExcelGenerator] 应用规则 146959ba 失败: month must be in 1..12
[2026-08-14 19:54:08.739] [INFO] [ExcelBatchGenerator.GenerateThread] ✓ 已生成: W-12010_T1&T2_过程检验表_20260724.xlsx
[2026-08-14 19:54:09.671] [WARNING] [ExcelBatchGenerator.ExcelGenerator] 应用规则 146959ba 失败: month must be in 1..12
[2026-08-14 19:54:09.940] [INFO] [ExcelBatchGenerator.GenerateThread] ✓ 已生成: W-12010_T1&T2_过程检验表_20260725.xlsx
[2026-08-14 19:54:10.892] [WARNING] [ExcelBatchGenerator.ExcelGenerator] 应用规则 146959ba 失败: month must be in 1..12
[2026-08-14 19:54:11.171] [INFO] [ExcelBatchGenerator.GenerateThread] ✓ 已生成: W-12010_T1&T2_过程检验表_20260727.xlsx
[2026-08-14 19:54:12.145] [WARNING] [ExcelBatchGenerator.ExcelGenerator] 应用规则 146959ba 失败: month must be in 1..12
[2026-08-14 19:54:12.422] [INFO] [ExcelBatchGenerator.GenerateThread] ✓ 已生成: W-12010_T1&T2_过程检验表_20260728.xlsx
[2026-08-14 19:54:13.379] [WARNING] [ExcelBatchGenerator.ExcelGenerator] 应用规则 146959ba 失败: month must be in 1..12
[2026-08-14 19:54:13.669] [INFO] [ExcelBatchGenerator.GenerateThread] ✓ 已生成: W-12010_T1&T2_过程检验表_20260729.xlsx
[2026-08-14 19:54:14.607] [WARNING] [ExcelBatchGenerator.ExcelGenerator] 应用规则 146959ba 失败: month must be in 1..12
[2026-08-14 19:54:14.872] [INFO] [ExcelBatchGenerator.GenerateThread] ✓ 已生成: W-12010_T1&T2_过程检验表_20260730.xlsx
[2026-08-14 19:54:15.869] [WARNING] [ExcelBatchGenerator.ExcelGenerator] 应用规则 146959ba 失败: month must be in 1..12
[2026-08-14 19:54:16.153] [INFO] [ExcelBatchGenerator.GenerateThread] ✓ 已生成: W-12010_T1&T2_过程检验表_20260731.xlsx
[2026-08-14 19:54:17.087] [WARNING] [ExcelBatchGenerator.ExcelGenerator] 应用规则 146959ba 失败: month must be in 1..12
[2026-08-14 19:54:17.222] [INFO] [ExcelBatchGenerator.GenerateThread] ✓ 已生成: W-12010_T1&T2_过程检验表_20260801.xlsx
[2026-08-14 19:54:18.302] [WARNING] [ExcelBatchGenerator.ExcelGenerator] 应用规则 146959ba 失败: month must be in 1..12
[2026-08-14 19:54:18.443] [INFO] [ExcelBatchGenerator.GenerateThread] ✓ 已生成: W-12010_T1&T2_过程检验表_20260803.xlsx
[2026-08-14 19:54:19.549] [WARNING] [ExcelBatchGenerator.ExcelGenerator] 应用规则 146959ba 失败: month must be in 1..12
[2026-08-14 19:54:19.844] [INFO] [ExcelBatchGenerator.GenerateThread] ✓ 已生成: W-12010_T1&T2_过程检验表_20260804.xlsx
[2026-08-14 19:54:20.796] [WARNING] [ExcelBatchGenerator.ExcelGenerator] 应用规则 146959ba 失败: month must be in 1..12
[2026-08-14 19:54:21.054] [INFO] [ExcelBatchGenerator.GenerateThread] ✓ 已生成: W-12010_T1&T2_过程检验表_20260805.xlsx
[2026-08-14 19:54:22.003] [WARNING] [ExcelBatchGenerator.ExcelGenerator] 应用规则 146959ba 失败: month must be in 1..12
[2026-08-14 19:54:22.294] [INFO] [ExcelBatchGenerator.GenerateThread] ✓ 已生成: W-12010_T1&T2_过程检验表_20260806.xlsx
[2026-08-14 19:54:23.270] [WARNING] [ExcelBatchGenerator.ExcelGenerator] 应用规则 146959ba 失败: month must be in 1..12
[2026-08-14 19:54:23.400] [INFO] [ExcelBatchGenerator.GenerateThread] ✓ 已生成: W-12010_T1&T2_过程检验表_20260807.xlsx
[2026-08-14 19:54:24.489] [WARNING] [ExcelBatchGenerator.ExcelGenerator] 应用规则 146959ba 失败: month must be in 1..12
[2026-08-14 19:54:24.766] [INFO] [ExcelBatchGenerator.GenerateThread] ✓ 已生成: W-12010_T1&T2_过程检验表_20260808.xlsx
[2026-08-14 19:54:25.698] [WARNING] [ExcelBatchGenerator.ExcelGenerator] 应用规则 146959ba 失败: month must be in 1..12
[2026-08-14 19:54:25.973] [INFO] [ExcelBatchGenerator.GenerateThread] ✓ 已生成: W-12010_T1&T2_过程检验表_20260810.xlsx
[2026-08-14 19:54:26.960] [WARNING] [ExcelBatchGenerator.ExcelGenerator] 应用规则 146959ba 失败: month must be in 1..12
[2026-08-14 19:54:27.239] [INFO] [ExcelBatchGenerator.GenerateThread] ✓ 已生成: W-12010_T1&T2_过程检验表_20260811.xlsx
[2026-08-14 19:54:28.204] [WARNING] [ExcelBatchGenerator.ExcelGenerator] 应用规则 146959ba 失败: month must be in 1..12
[2026-08-14 19:54:28.477] [INFO] [ExcelBatchGenerator.GenerateThread] ✓ 已生成: W-12010_T1&T2_过程检验表_20260812.xlsx
[2026-08-14 19:54:29.431] [WARNING] [ExcelBatchGenerator.ExcelGenerator] 应用规则 146959ba 失败: month must be in 1..12
[2026-08-14 19:54:29.712] [INFO] [ExcelBatchGenerator.GenerateThread] ✓ 已生成: W-12010_T1&T2_过程检验表_20260813.xlsx
[2026-08-14 19:54:29.713] [INFO] [ExcelBatchGenerator.GenerateThread] 生成完成，成功 87/87
[2026-08-14 19:54:29.716] [INFO] [ExcelBatchGenerator.MainWindow] 生成完成，成功 87/87
[2026-08-14 19:54:55.982] [INFO] [ExcelBatchGenerator.MainWindow] 加载模板: W-12010_T1&T2成品检验表模板.xlsx
[2026-08-14 19:54:55.982] [INFO] [ExcelBatchGenerator.MainWindow] 加载配置: W-12010_T1&T2 - 成品
[2026-08-14 19:54:56.795] [INFO] [ExcelBatchGenerator.MainWindow] 加载配置: W-12010_T1&T2 - 成品
[2026-08-14 19:54:56.796] [INFO] [ExcelBatchGenerator.MainWindow] 模板路径已保存: E:/test-shenzhen/文档模板/W-12010/T1&T2/成品检验表/W-12010_T1&T2成品检验表模板.xlsx
[2026-08-14 19:55:02.222] [INFO] [ExcelBatchGenerator.MainWindow] 输出目录已记录: E:/惠州需求-确定版/首件、成品、过程/W-12010/T1&T2/成品检验表
[2026-08-14 19:55:02.227] [INFO] [ExcelBatchGenerator.MainWindow] 开始生成，类型: 成品，共 15 个文件
[2026-08-14 19:55:02.227] [INFO] [ExcelBatchGenerator.GenerateThread] 开始生成，类型: 成品，共 15 个文件
[2026-08-14 19:55:03.243] [INFO] [ExcelBatchGenerator.GenerateThread] ✓ 已生成: W-12010_T1&T2_成品检验表_20260509.xlsx
[2026-08-14 19:55:04.294] [INFO] [ExcelBatchGenerator.GenerateThread] ✓ 已生成: W-12010_T1&T2_成品检验表_20260516.xlsx
[2026-08-14 19:55:05.368] [INFO] [ExcelBatchGenerator.GenerateThread] ✓ 已生成: W-12010_T1&T2_成品检验表_20260523.xlsx
[2026-08-14 19:55:06.461] [INFO] [ExcelBatchGenerator.GenerateThread] ✓ 已生成: W-12010_T1&T2_成品检验表_20260530.xlsx
[2026-08-14 19:55:07.536] [INFO] [ExcelBatchGenerator.GenerateThread] ✓ 已生成: W-12010_T1&T2_成品检验表_20260606.xlsx
[2026-08-14 19:55:08.601] [INFO] [ExcelBatchGenerator.GenerateThread] ✓ 已生成: W-12010_T1&T2_成品检验表_20260613.xlsx
[2026-08-14 19:55:09.682] [INFO] [ExcelBatchGenerator.GenerateThread] ✓ 已生成: W-12010_T1&T2_成品检验表_20260618.xlsx
[2026-08-14 19:55:10.601] [INFO] [ExcelBatchGenerator.GenerateThread] ✓ 已生成: W-12010_T1&T2_成品检验表_20260627.xlsx
[2026-08-14 19:55:11.662] [INFO] [ExcelBatchGenerator.GenerateThread] ✓ 已生成: W-12010_T1&T2_成品检验表_20260704.xlsx
[2026-08-14 19:55:12.764] [INFO] [ExcelBatchGenerator.GenerateThread] ✓ 已生成: W-12010_T1&T2_成品检验表_20260709.xlsx
[2026-08-14 19:55:13.962] [INFO] [ExcelBatchGenerator.GenerateThread] ✓ 已生成: W-12010_T1&T2_成品检验表_20260718.xlsx
[2026-08-14 19:55:15.025] [INFO] [ExcelBatchGenerator.GenerateThread] ✓ 已生成: W-12010_T1&T2_成品检验表_20260725.xlsx
[2026-08-14 19:55:16.099] [INFO] [ExcelBatchGenerator.GenerateThread] ✓ 已生成: W-12010_T1&T2_成品检验表_20260801.xlsx
[2026-08-14 19:55:17.176] [INFO] [ExcelBatchGenerator.GenerateThread] ✓ 已生成: W-12010_T1&T2_成品检验表_20260808.xlsx
[2026-08-14 19:55:18.253] [INFO] [ExcelBatchGenerator.GenerateThread] ✓ 已生成: W-12010_T1&T2_成品检验表_20260813.xlsx
[2026-08-14 19:55:18.253] [INFO] [ExcelBatchGenerator.GenerateThread] 生成完成，成功 15/15
[2026-08-14 19:55:18.255] [INFO] [ExcelBatchGenerator.MainWindow] 生成完成，成功 15/15
[2026-08-14 19:56:28.178] [INFO] [ExcelBatchGenerator.MainWindow] 加载模板: 11036_GPS5010底壳首件检验表模板.xlsx
[2026-08-14 19:56:28.178] [INFO] [ExcelBatchGenerator.MainWindow] 加载配置: 11036_GPS5010底壳 - 首件
[2026-08-14 19:56:29.246] [INFO] [ExcelBatchGenerator.MainWindow] 加载配置: 11036_GPS5010底壳 - 首件
[2026-08-14 19:56:29.246] [INFO] [ExcelBatchGenerator.MainWindow] 模板路径已保存: E:/test-shenzhen/文档模板/GPS5010/11036底壳/首件检验表/11036_GPS5010底壳首件检验表模板.xlsx
[2026-08-14 19:57:07.663] [INFO] [ExcelBatchGenerator.MainWindow] 添加规则: 6085e2a8
[2026-08-14 19:57:16.445] [INFO] [ExcelBatchGenerator.MainWindow] 添加规则: 80a21972
[2026-08-14 19:57:33.347] [INFO] [ExcelBatchGenerator.MainWindow] 添加规则: 83da0c3c
[2026-08-14 19:57:42.547] [INFO] [ExcelBatchGenerator.MainWindow] 添加规则: d29e33b4
[2026-08-14 19:57:49.804] [INFO] [ExcelBatchGenerator.MainWindow] 添加规则: cc12ee1f
[2026-08-14 19:58:15.617] [INFO] [ExcelBatchGenerator.MainWindow] 输出目录已记录: E:/惠州需求-确定版/首件、成品、过程/GPS5010/11036底壳/首件检验表
[2026-08-14 19:58:15.621] [INFO] [ExcelBatchGenerator.MainWindow] 开始生成，类型: 首件，共 4 个文件
[2026-08-14 19:58:15.622] [INFO] [ExcelBatchGenerator.GenerateThread] 开始生成，类型: 首件，共 4 个文件
[2026-08-14 19:58:16.809] [INFO] [ExcelBatchGenerator.GenerateThread] ✓ 已生成: 11036_GPS5010底壳_首件检验表_20260521.xlsx
[2026-08-14 19:58:17.938] [INFO] [ExcelBatchGenerator.GenerateThread] ✓ 已生成: 11036_GPS5010底壳_首件检验表_20260525.xlsx
[2026-08-14 19:58:19.090] [INFO] [ExcelBatchGenerator.GenerateThread] ✓ 已生成: 11036_GPS5010底壳_首件检验表_20260601.xlsx
[2026-08-14 19:58:20.274] [INFO] [ExcelBatchGenerator.GenerateThread] ✓ 已生成: 11036_GPS5010底壳_首件检验表_20260608.xlsx
[2026-08-14 19:58:20.274] [INFO] [ExcelBatchGenerator.GenerateThread] 生成完成，成功 4/4
[2026-08-14 19:58:20.277] [INFO] [ExcelBatchGenerator.MainWindow] 生成完成，成功 4/4
[2026-08-14 19:59:44.538] [INFO] [ExcelBatchGenerator.MainWindow] 加载模板: 11036_GPS5010底壳过程检验表模板.xlsx
[2026-08-14 19:59:44.538] [INFO] [ExcelBatchGenerator.MainWindow] 加载配置: 11036_GPS5010底壳 - 过程
[2026-08-14 19:59:45.574] [INFO] [ExcelBatchGenerator.MainWindow] 加载配置: 11036_GPS5010底壳 - 过程
[2026-08-14 19:59:45.575] [INFO] [ExcelBatchGenerator.MainWindow] 模板路径已保存: E:/test-shenzhen/文档模板/GPS5010/11036底壳/过程检验表/11036_GPS5010底壳过程检验表模板.xlsx
[2026-08-14 20:01:06.120] [INFO] [ExcelBatchGenerator.MainWindow] 添加规则: 40d56024
[2026-08-14 20:01:14.347] [INFO] [ExcelBatchGenerator.MainWindow] 输出目录已记录: E:/惠州需求-确定版/首件、成品、过程/GPS5010/11036底壳/过程检验表
[2026-08-14 20:01:14.351] [INFO] [ExcelBatchGenerator.MainWindow] 开始生成，类型: 过程，共 20 个文件
[2026-08-14 20:01:14.352] [INFO] [ExcelBatchGenerator.GenerateThread] 开始生成，类型: 过程，共 20 个文件
[2026-08-14 20:01:15.555] [INFO] [ExcelBatchGenerator.GenerateThread] ✓ 已生成: 11036_GPS5010底壳_过程检验表_20260521.xlsx
[2026-08-14 20:01:16.726] [INFO] [ExcelBatchGenerator.GenerateThread] ✓ 已生成: 11036_GPS5010底壳_过程检验表_20260522.xlsx
[2026-08-14 20:01:17.900] [INFO] [ExcelBatchGenerator.GenerateThread] ✓ 已生成: 11036_GPS5010底壳_过程检验表_20260523.xlsx
[2026-08-14 20:01:19.112] [INFO] [ExcelBatchGenerator.GenerateThread] ✓ 已生成: 11036_GPS5010底壳_过程检验表_20260525.xlsx
[2026-08-14 20:01:20.311] [INFO] [ExcelBatchGenerator.GenerateThread] ✓ 已生成: 11036_GPS5010底壳_过程检验表_20260526.xlsx
[2026-08-14 20:01:21.500] [INFO] [ExcelBatchGenerator.GenerateThread] ✓ 已生成: 11036_GPS5010底壳_过程检验表_20260527.xlsx
[2026-08-14 20:01:22.702] [INFO] [ExcelBatchGenerator.GenerateThread] ✓ 已生成: 11036_GPS5010底壳_过程检验表_20260528.xlsx
[2026-08-14 20:01:23.872] [INFO] [ExcelBatchGenerator.GenerateThread] ✓ 已生成: 11036_GPS5010底壳_过程检验表_20260529.xlsx
[2026-08-14 20:01:25.040] [INFO] [ExcelBatchGenerator.GenerateThread] ✓ 已生成: 11036_GPS5010底壳_过程检验表_20260530.xlsx
[2026-08-14 20:01:26.263] [INFO] [ExcelBatchGenerator.GenerateThread] ✓ 已生成: 11036_GPS5010底壳_过程检验表_20260601.xlsx
[2026-08-14 20:01:27.425] [INFO] [ExcelBatchGenerator.GenerateThread] ✓ 已生成: 11036_GPS5010底壳_过程检验表_20260602.xlsx
[2026-08-14 20:01:28.571] [INFO] [ExcelBatchGenerator.GenerateThread] ✓ 已生成: 11036_GPS5010底壳_过程检验表_20260603.xlsx
[2026-08-14 20:01:29.775] [INFO] [ExcelBatchGenerator.GenerateThread] ✓ 已生成: 11036_GPS5010底壳_过程检验表_20260604.xlsx
[2026-08-14 20:01:30.939] [INFO] [ExcelBatchGenerator.GenerateThread] ✓ 已生成: 11036_GPS5010底壳_过程检验表_20260605.xlsx
[2026-08-14 20:01:32.116] [INFO] [ExcelBatchGenerator.GenerateThread] ✓ 已生成: 11036_GPS5010底壳_过程检验表_20260606.xlsx
[2026-08-14 20:01:33.365] [INFO] [ExcelBatchGenerator.GenerateThread] ✓ 已生成: 11036_GPS5010底壳_过程检验表_20260608.xlsx
[2026-08-14 20:01:34.546] [INFO] [ExcelBatchGenerator.GenerateThread] ✓ 已生成: 11036_GPS5010底壳_过程检验表_20260609.xlsx
[2026-08-14 20:01:35.701] [INFO] [ExcelBatchGenerator.GenerateThread] ✓ 已生成: 11036_GPS5010底壳_过程检验表_20260610.xlsx
[2026-08-14 20:01:36.900] [INFO] [ExcelBatchGenerator.GenerateThread] ✓ 已生成: 11036_GPS5010底壳_过程检验表_20260611.xlsx
[2026-08-14 20:01:38.108] [INFO] [ExcelBatchGenerator.GenerateThread] ✓ 已生成: 11036_GPS5010底壳_过程检验表_20260612.xlsx
[2026-08-14 20:01:38.109] [INFO] [ExcelBatchGenerator.GenerateThread] 生成完成，成功 20/20
[2026-08-14 20:01:38.112] [INFO] [ExcelBatchGenerator.MainWindow] 生成完成，成功 20/20
[2026-08-14 20:02:19.346] [INFO] [ExcelBatchGenerator.MainWindow] 输出目录已记录: E:/惠州需求-确定版/首件、成品、过程/GPS5010/11036底壳/过程检验表
[2026-08-14 20:02:19.351] [INFO] [ExcelBatchGenerator.MainWindow] 开始生成，类型: 过程，共 20 个文件
[2026-08-14 20:02:19.352] [INFO] [ExcelBatchGenerator.GenerateThread] 开始生成，类型: 过程，共 20 个文件
[2026-08-14 20:02:20.603] [INFO] [ExcelBatchGenerator.GenerateThread] ✓ 已生成: 11036_GPS5010底壳_过程检验表_20260521.xlsx
[2026-08-14 20:02:21.835] [INFO] [ExcelBatchGenerator.GenerateThread] ✓ 已生成: 11036_GPS5010底壳_过程检验表_20260522.xlsx
[2026-08-14 20:02:23.081] [INFO] [ExcelBatchGenerator.GenerateThread] ✓ 已生成: 11036_GPS5010底壳_过程检验表_20260523.xlsx
[2026-08-14 20:02:24.281] [INFO] [ExcelBatchGenerator.GenerateThread] ✓ 已生成: 11036_GPS5010底壳_过程检验表_20260525.xlsx
[2026-08-14 20:02:25.462] [INFO] [ExcelBatchGenerator.GenerateThread] ✓ 已生成: 11036_GPS5010底壳_过程检验表_20260526.xlsx
[2026-08-14 20:02:26.651] [INFO] [ExcelBatchGenerator.GenerateThread] ✓ 已生成: 11036_GPS5010底壳_过程检验表_20260527.xlsx
[2026-08-14 20:02:27.870] [INFO] [ExcelBatchGenerator.GenerateThread] ✓ 已生成: 11036_GPS5010底壳_过程检验表_20260528.xlsx
[2026-08-14 20:02:29.070] [INFO] [ExcelBatchGenerator.GenerateThread] ✓ 已生成: 11036_GPS5010底壳_过程检验表_20260529.xlsx
[2026-08-14 20:02:30.259] [INFO] [ExcelBatchGenerator.GenerateThread] ✓ 已生成: 11036_GPS5010底壳_过程检验表_20260530.xlsx
[2026-08-14 20:02:31.498] [INFO] [ExcelBatchGenerator.GenerateThread] ✓ 已生成: 11036_GPS5010底壳_过程检验表_20260601.xlsx
[2026-08-14 20:02:32.671] [INFO] [ExcelBatchGenerator.GenerateThread] ✓ 已生成: 11036_GPS5010底壳_过程检验表_20260602.xlsx
[2026-08-14 20:02:33.838] [INFO] [ExcelBatchGenerator.GenerateThread] ✓ 已生成: 11036_GPS5010底壳_过程检验表_20260603.xlsx
[2026-08-14 20:02:35.063] [INFO] [ExcelBatchGenerator.GenerateThread] ✓ 已生成: 11036_GPS5010底壳_过程检验表_20260604.xlsx
[2026-08-14 20:02:36.231] [INFO] [ExcelBatchGenerator.GenerateThread] ✓ 已生成: 11036_GPS5010底壳_过程检验表_20260605.xlsx
[2026-08-14 20:02:37.408] [INFO] [ExcelBatchGenerator.GenerateThread] ✓ 已生成: 11036_GPS5010底壳_过程检验表_20260606.xlsx
[2026-08-14 20:02:38.627] [INFO] [ExcelBatchGenerator.GenerateThread] ✓ 已生成: 11036_GPS5010底壳_过程检验表_20260608.xlsx
[2026-08-14 20:02:39.767] [INFO] [ExcelBatchGenerator.GenerateThread] ✓ 已生成: 11036_GPS5010底壳_过程检验表_20260609.xlsx
[2026-08-14 20:02:40.965] [INFO] [ExcelBatchGenerator.GenerateThread] ✓ 已生成: 11036_GPS5010底壳_过程检验表_20260610.xlsx
[2026-08-14 20:02:42.166] [INFO] [ExcelBatchGenerator.GenerateThread] ✓ 已生成: 11036_GPS5010底壳_过程检验表_20260611.xlsx
[2026-08-14 20:02:43.327] [INFO] [ExcelBatchGenerator.GenerateThread] ✓ 已生成: 11036_GPS5010底壳_过程检验表_20260612.xlsx
[2026-08-14 20:02:43.328] [INFO] [ExcelBatchGenerator.GenerateThread] 生成完成，成功 20/20
[2026-08-14 20:02:43.330] [INFO] [ExcelBatchGenerator.MainWindow] 生成完成，成功 20/20
[2026-08-14 20:02:57.514] [INFO] [ExcelBatchGenerator.MainWindow] 加载模板: 11036_GPS5010底壳成品检验表模板.xlsx
[2026-08-14 20:02:57.515] [INFO] [ExcelBatchGenerator.MainWindow] 加载配置: 11036_GPS5010底壳 - 成品
[2026-08-14 20:02:58.415] [INFO] [ExcelBatchGenerator.MainWindow] 加载配置: 11036_GPS5010底壳 - 成品
[2026-08-14 20:02:58.416] [INFO] [ExcelBatchGenerator.MainWindow] 模板路径已保存: E:/test-shenzhen/文档模板/GPS5010/11036底壳/成品检验表/11036_GPS5010底壳成品检验表模板.xlsx
[2026-08-14 20:03:47.344] [INFO] [ExcelBatchGenerator.MainWindow] 输出目录已记录: E:/惠州需求-确定版/首件、成品、过程/GPS5010/11036底壳/成品检验表
[2026-08-14 20:03:47.348] [INFO] [ExcelBatchGenerator.MainWindow] 开始生成，类型: 成品，共 4 个文件
[2026-08-14 20:03:47.348] [INFO] [ExcelBatchGenerator.GenerateThread] 开始生成，类型: 成品，共 4 个文件
[2026-08-14 20:03:48.607] [INFO] [ExcelBatchGenerator.GenerateThread] ✓ 已生成: 11036_GPS5010底壳_成品检验表_20260523.xlsx
[2026-08-14 20:03:49.627] [INFO] [ExcelBatchGenerator.GenerateThread] ✓ 已生成: 11036_GPS5010底壳_成品检验表_20260530.xlsx
[2026-08-14 20:03:50.665] [INFO] [ExcelBatchGenerator.GenerateThread] ✓ 已生成: 11036_GPS5010底壳_成品检验表_20260606.xlsx
[2026-08-14 20:03:51.683] [INFO] [ExcelBatchGenerator.GenerateThread] ✓ 已生成: 11036_GPS5010底壳_成品检验表_20260612.xlsx
[2026-08-14 20:03:51.685] [INFO] [ExcelBatchGenerator.GenerateThread] 生成完成，成功 4/4
[2026-08-14 20:03:51.686] [INFO] [ExcelBatchGenerator.MainWindow] 生成完成，成功 4/4
[2026-08-14 20:05:14.801] [INFO] [ExcelBatchGenerator.MainWindow] 加载模板: 26013_AI01配件首件检验表模板.xlsx
[2026-08-14 20:05:14.802] [INFO] [ExcelBatchGenerator.MainWindow] 加载配置: 26013_AI01配件 - 首件
[2026-08-14 20:05:15.919] [INFO] [ExcelBatchGenerator.MainWindow] 加载配置: 26013_AI01配件 - 首件
[2026-08-14 20:05:15.921] [INFO] [ExcelBatchGenerator.MainWindow] 模板路径已保存: E:/test-shenzhen/文档模板/AI01/26013/首件检验表/26013_AI01配件首件检验表模板.xlsx
[2026-08-14 20:06:21.424] [INFO] [ExcelBatchGenerator.MainWindow] 添加规则: bff7dc13
[2026-08-14 20:06:34.760] [INFO] [ExcelBatchGenerator.MainWindow] 添加规则: 5ed25994
[2026-08-14 20:07:05.443] [INFO] [ExcelBatchGenerator.MainWindow] 添加规则: 765163fa
[2026-08-14 20:07:28.930] [INFO] [ExcelBatchGenerator.MainWindow] 添加规则: d415e9eb
[2026-08-14 20:07:51.527] [INFO] [ExcelBatchGenerator.MainWindow] 添加规则: d3442b2f
[2026-08-14 20:08:08.480] [INFO] [ExcelBatchGenerator.MainWindow] 添加规则: bdc34e9e
[2026-08-14 20:08:31.931] [INFO] [ExcelBatchGenerator.MainWindow] 添加规则: b6b89cb8
[2026-08-14 20:08:50.367] [INFO] [ExcelBatchGenerator.MainWindow] 添加规则: 2ac928ad
[2026-08-14 20:09:09.856] [INFO] [ExcelBatchGenerator.MainWindow] 添加规则: 37c96c8e
[2026-08-14 20:09:32.493] [INFO] [ExcelBatchGenerator.MainWindow] 添加规则: a36c6295
[2026-08-14 20:09:52.786] [INFO] [ExcelBatchGenerator.MainWindow] 添加规则: 848dc613
[2026-08-14 20:10:08.709] [INFO] [ExcelBatchGenerator.MainWindow] 添加规则: 2d9c611a
[2026-08-14 20:10:21.520] [INFO] [ExcelBatchGenerator.MainWindow] 添加规则: f186c359
[2026-08-14 20:10:34.048] [INFO] [ExcelBatchGenerator.MainWindow] 添加规则: 5e3839df
[2026-08-14 20:10:51.800] [INFO] [ExcelBatchGenerator.MainWindow] 添加规则: bbc67445
[2026-08-14 20:11:05.593] [INFO] [ExcelBatchGenerator.MainWindow] 添加规则: f32ad086
[2026-08-14 20:11:26.422] [INFO] [ExcelBatchGenerator.MainWindow] 添加规则: fa9e949e
[2026-08-14 20:11:40.506] [INFO] [ExcelBatchGenerator.MainWindow] 添加规则: 637d25b2
[2026-08-14 20:11:55.586] [INFO] [ExcelBatchGenerator.MainWindow] 添加规则: 461400ea
[2026-08-14 20:12:13.213] [INFO] [ExcelBatchGenerator.MainWindow] 添加规则: 91cbed66
[2026-08-14 20:12:28.239] [INFO] [ExcelBatchGenerator.MainWindow] 添加规则: 5daec22d
[2026-08-14 20:12:42.324] [INFO] [ExcelBatchGenerator.MainWindow] 添加规则: a2f9761c
[2026-08-14 20:13:00.618] [INFO] [ExcelBatchGenerator.MainWindow] 输出目录已记录: E:/惠州需求-确定版/首件、成品、过程/AI01/26013/首件检验表
[2026-08-14 20:13:00.623] [INFO] [ExcelBatchGenerator.MainWindow] 开始生成，类型: 首件，共 8 个文件
[2026-08-14 20:13:00.624] [INFO] [ExcelBatchGenerator.GenerateThread] 开始生成，类型: 首件，共 8 个文件
[2026-08-14 20:13:01.874] [INFO] [ExcelBatchGenerator.GenerateThread] ✓ 已生成: 26013_AI01配件_首件检验表_20260621.xlsx
[2026-08-14 20:13:03.050] [INFO] [ExcelBatchGenerator.GenerateThread] ✓ 已生成: 26013_AI01配件_首件检验表_20260629.xlsx
[2026-08-14 20:13:04.234] [INFO] [ExcelBatchGenerator.GenerateThread] ✓ 已生成: 26013_AI01配件_首件检验表_20260706.xlsx
[2026-08-14 20:13:05.455] [INFO] [ExcelBatchGenerator.GenerateThread] ✓ 已生成: 26013_AI01配件_首件检验表_20260712.xlsx
[2026-08-14 20:13:06.613] [INFO] [ExcelBatchGenerator.GenerateThread] ✓ 已生成: 26013_AI01配件_首件检验表_20260720.xlsx
[2026-08-14 20:13:07.808] [INFO] [ExcelBatchGenerator.GenerateThread] ✓ 已生成: 26013_AI01配件_首件检验表_20260727.xlsx
[2026-08-14 20:13:08.993] [INFO] [ExcelBatchGenerator.GenerateThread] ✓ 已生成: 26013_AI01配件_首件检验表_20260803.xlsx
[2026-08-14 20:13:10.174] [INFO] [ExcelBatchGenerator.GenerateThread] ✓ 已生成: 26013_AI01配件_首件检验表_20260810.xlsx
[2026-08-14 20:13:10.174] [INFO] [ExcelBatchGenerator.GenerateThread] 生成完成，成功 8/8
[2026-08-14 20:13:10.177] [INFO] [ExcelBatchGenerator.MainWindow] 生成完成，成功 8/8
[2026-08-14 20:15:20.102] [INFO] [ExcelBatchGenerator.MainWindow] 加载模板: 26013_AI01配件过程检验表模板.xlsx
[2026-08-14 20:15:20.102] [INFO] [ExcelBatchGenerator.MainWindow] 加载配置: 26013_AI01配件 - 过程
[2026-08-14 20:15:21.211] [INFO] [ExcelBatchGenerator.MainWindow] 加载配置: 26013_AI01配件 - 过程
[2026-08-14 20:15:21.211] [INFO] [ExcelBatchGenerator.MainWindow] 模板路径已保存: E:/test-shenzhen/文档模板/AI01/26013/过程检验表/26013_AI01配件过程检验表模板.xlsx
[2026-08-14 20:21:29.239] [INFO] [ExcelBatchGenerator.MainWindow] 添加规则: 48b69058
[2026-08-14 20:21:38.523] [INFO] [ExcelBatchGenerator.MainWindow] 添加规则: b2fb9886
[2026-08-14 20:21:46.190] [INFO] [ExcelBatchGenerator.MainWindow] 添加规则: 9e67db11
[2026-08-14 20:21:53.228] [INFO] [ExcelBatchGenerator.MainWindow] 输出目录已记录: E:/惠州需求-确定版/首件、成品、过程/AI01/26013/过程检验表
[2026-08-14 20:21:53.233] [INFO] [ExcelBatchGenerator.MainWindow] 开始生成，类型: 过程，共 45 个文件
[2026-08-14 20:21:53.234] [INFO] [ExcelBatchGenerator.GenerateThread] 开始生成，类型: 过程，共 45 个文件
[2026-08-14 20:21:54.724] [INFO] [ExcelBatchGenerator.GenerateThread] ✓ 已生成: 26013_AI01配件_过程检验表_20260621.xlsx
[2026-08-14 20:21:56.164] [INFO] [ExcelBatchGenerator.GenerateThread] ✓ 已生成: 26013_AI01配件_过程检验表_20260622.xlsx
[2026-08-14 20:21:57.563] [INFO] [ExcelBatchGenerator.GenerateThread] ✓ 已生成: 26013_AI01配件_过程检验表_20260623.xlsx
[2026-08-14 20:21:58.946] [INFO] [ExcelBatchGenerator.GenerateThread] ✓ 已生成: 26013_AI01配件_过程检验表_20260624.xlsx
[2026-08-14 20:22:00.345] [INFO] [ExcelBatchGenerator.GenerateThread] ✓ 已生成: 26013_AI01配件_过程检验表_20260625.xlsx
[2026-08-14 20:22:01.722] [INFO] [ExcelBatchGenerator.GenerateThread] ✓ 已生成: 26013_AI01配件_过程检验表_20260626.xlsx
[2026-08-14 20:22:03.094] [INFO] [ExcelBatchGenerator.GenerateThread] ✓ 已生成: 26013_AI01配件_过程检验表_20260627.xlsx
[2026-08-14 20:22:04.485] [INFO] [ExcelBatchGenerator.GenerateThread] ✓ 已生成: 26013_AI01配件_过程检验表_20260629.xlsx
[2026-08-14 20:22:05.891] [INFO] [ExcelBatchGenerator.GenerateThread] ✓ 已生成: 26013_AI01配件_过程检验表_20260630.xlsx
[2026-08-14 20:22:07.296] [INFO] [ExcelBatchGenerator.GenerateThread] ✓ 已生成: 26013_AI01配件_过程检验表_20260701.xlsx
[2026-08-14 20:22:08.693] [INFO] [ExcelBatchGenerator.GenerateThread] ✓ 已生成: 26013_AI01配件_过程检验表_20260702.xlsx
[2026-08-14 20:22:10.048] [INFO] [ExcelBatchGenerator.GenerateThread] ✓ 已生成: 26013_AI01配件_过程检验表_20260703.xlsx
[2026-08-14 20:22:11.482] [INFO] [ExcelBatchGenerator.GenerateThread] ✓ 已生成: 26013_AI01配件_过程检验表_20260704.xlsx
[2026-08-14 20:22:12.977] [INFO] [ExcelBatchGenerator.GenerateThread] ✓ 已生成: 26013_AI01配件_过程检验表_20260706.xlsx
[2026-08-14 20:22:14.362] [INFO] [ExcelBatchGenerator.GenerateThread] ✓ 已生成: 26013_AI01配件_过程检验表_20260707.xlsx
[2026-08-14 20:22:15.728] [INFO] [ExcelBatchGenerator.GenerateThread] ✓ 已生成: 26013_AI01配件_过程检验表_20260708.xlsx
[2026-08-14 20:22:17.087] [INFO] [ExcelBatchGenerator.GenerateThread] ✓ 已生成: 26013_AI01配件_过程检验表_20260709.xlsx
[2026-08-14 20:22:18.429] [INFO] [ExcelBatchGenerator.GenerateThread] ✓ 已生成: 26013_AI01配件_过程检验表_20260712.xlsx
[2026-08-14 20:22:19.771] [INFO] [ExcelBatchGenerator.GenerateThread] ✓ 已生成: 26013_AI01配件_过程检验表_20260713.xlsx
[2026-08-14 20:22:21.148] [INFO] [ExcelBatchGenerator.GenerateThread] ✓ 已生成: 26013_AI01配件_过程检验表_20260714.xlsx
[2026-08-14 20:22:22.516] [INFO] [ExcelBatchGenerator.GenerateThread] ✓ 已生成: 26013_AI01配件_过程检验表_20260715.xlsx
[2026-08-14 20:22:23.930] [INFO] [ExcelBatchGenerator.GenerateThread] ✓ 已生成: 26013_AI01配件_过程检验表_20260716.xlsx
[2026-08-14 20:22:25.368] [INFO] [ExcelBatchGenerator.GenerateThread] ✓ 已生成: 26013_AI01配件_过程检验表_20260717.xlsx
[2026-08-14 20:22:26.896] [INFO] [ExcelBatchGenerator.GenerateThread] ✓ 已生成: 26013_AI01配件_过程检验表_20260718.xlsx
[2026-08-14 20:22:28.272] [INFO] [ExcelBatchGenerator.GenerateThread] ✓ 已生成: 26013_AI01配件_过程检验表_20260720.xlsx
[2026-08-14 20:22:29.634] [INFO] [ExcelBatchGenerator.GenerateThread] ✓ 已生成: 26013_AI01配件_过程检验表_20260721.xlsx
[2026-08-14 20:22:30.998] [INFO] [ExcelBatchGenerator.GenerateThread] ✓ 已生成: 26013_AI01配件_过程检验表_20260722.xlsx
[2026-08-14 20:22:32.439] [INFO] [ExcelBatchGenerator.GenerateThread] ✓ 已生成: 26013_AI01配件_过程检验表_20260723.xlsx
[2026-08-14 20:22:33.754] [INFO] [ExcelBatchGenerator.GenerateThread] ✓ 已生成: 26013_AI01配件_过程检验表_20260724.xlsx
[2026-08-14 20:22:35.256] [INFO] [ExcelBatchGenerator.GenerateThread] ✓ 已生成: 26013_AI01配件_过程检验表_20260725.xlsx
[2026-08-14 20:22:36.679] [INFO] [ExcelBatchGenerator.GenerateThread] ✓ 已生成: 26013_AI01配件_过程检验表_20260727.xlsx
[2026-08-14 20:22:37.994] [INFO] [ExcelBatchGenerator.GenerateThread] ✓ 已生成: 26013_AI01配件_过程检验表_20260728.xlsx
[2026-08-14 20:22:39.365] [INFO] [ExcelBatchGenerator.GenerateThread] ✓ 已生成: 26013_AI01配件_过程检验表_20260729.xlsx
[2026-08-14 20:22:40.770] [INFO] [ExcelBatchGenerator.GenerateThread] ✓ 已生成: 26013_AI01配件_过程检验表_20260730.xlsx
[2026-08-14 20:22:42.103] [INFO] [ExcelBatchGenerator.GenerateThread] ✓ 已生成: 26013_AI01配件_过程检验表_20260731.xlsx
[2026-08-14 20:22:43.545] [INFO] [ExcelBatchGenerator.GenerateThread] ✓ 已生成: 26013_AI01配件_过程检验表_20260801.xlsx
[2026-08-14 20:22:45.125] [INFO] [ExcelBatchGenerator.GenerateThread] ✓ 已生成: 26013_AI01配件_过程检验表_20260803.xlsx
[2026-08-14 20:22:46.724] [INFO] [ExcelBatchGenerator.GenerateThread] ✓ 已生成: 26013_AI01配件_过程检验表_20260804.xlsx
[2026-08-14 20:22:48.156] [INFO] [ExcelBatchGenerator.GenerateThread] ✓ 已生成: 26013_AI01配件_过程检验表_20260805.xlsx
[2026-08-14 20:22:49.566] [INFO] [ExcelBatchGenerator.GenerateThread] ✓ 已生成: 26013_AI01配件_过程检验表_20260806.xlsx
[2026-08-14 20:22:50.903] [INFO] [ExcelBatchGenerator.GenerateThread] ✓ 已生成: 26013_AI01配件_过程检验表_20260807.xlsx
[2026-08-14 20:22:52.266] [INFO] [ExcelBatchGenerator.GenerateThread] ✓ 已生成: 26013_AI01配件_过程检验表_20260808.xlsx
[2026-08-14 20:22:53.633] [INFO] [ExcelBatchGenerator.GenerateThread] ✓ 已生成: 26013_AI01配件_过程检验表_20260810.xlsx
[2026-08-14 20:22:55.054] [INFO] [ExcelBatchGenerator.GenerateThread] ✓ 已生成: 26013_AI01配件_过程检验表_20260811.xlsx
[2026-08-14 20:22:56.400] [INFO] [ExcelBatchGenerator.GenerateThread] ✓ 已生成: 26013_AI01配件_过程检验表_20260812.xlsx
[2026-08-14 20:22:56.400] [INFO] [ExcelBatchGenerator.GenerateThread] 生成完成，成功 45/45
[2026-08-14 20:22:56.405] [INFO] [ExcelBatchGenerator.MainWindow] 生成完成，成功 45/45
[2026-08-14 20:23:23.914] [INFO] [ExcelBatchGenerator.MainWindow] 加载模板: 26013_AI01配件成品检验表模板.xlsx
[2026-08-14 20:23:23.914] [INFO] [ExcelBatchGenerator.MainWindow] 加载配置: 26013_AI01配件 - 成品
[2026-08-14 20:23:24.846] [INFO] [ExcelBatchGenerator.MainWindow] 加载配置: 26013_AI01配件 - 成品
[2026-08-14 20:23:24.847] [INFO] [ExcelBatchGenerator.MainWindow] 模板路径已保存: E:/test-shenzhen/文档模板/AI01/26013/成品检验表/26013_AI01配件成品检验表模板.xlsx
[2026-08-14 20:30:21.931] [INFO] [ExcelBatchGenerator.MainWindow] 输出目录已记录: E:/惠州需求-确定版/首件、成品、过程/AI01/26013/成品检验表
[2026-08-14 20:30:21.936] [INFO] [ExcelBatchGenerator.MainWindow] 开始生成，类型: 成品，共 8 个文件
[2026-08-14 20:30:21.937] [INFO] [ExcelBatchGenerator.GenerateThread] 开始生成，类型: 成品，共 8 个文件
[2026-08-14 20:30:23.206] [INFO] [ExcelBatchGenerator.GenerateThread] ✓ 已生成: 26013_AI01配件_成品检验表_20260627.xlsx
[2026-08-14 20:30:24.347] [INFO] [ExcelBatchGenerator.GenerateThread] ✓ 已生成: 26013_AI01配件_成品检验表_20260704.xlsx
[2026-08-14 20:30:25.510] [INFO] [ExcelBatchGenerator.GenerateThread] ✓ 已生成: 26013_AI01配件_成品检验表_20260709.xlsx
[2026-08-14 20:30:26.721] [INFO] [ExcelBatchGenerator.GenerateThread] ✓ 已生成: 26013_AI01配件_成品检验表_20260718.xlsx
[2026-08-14 20:30:27.866] [INFO] [ExcelBatchGenerator.GenerateThread] ✓ 已生成: 26013_AI01配件_成品检验表_20260725.xlsx
[2026-08-14 20:30:29.032] [INFO] [ExcelBatchGenerator.GenerateThread] ✓ 已生成: 26013_AI01配件_成品检验表_20260801.xlsx
[2026-08-14 20:30:30.213] [INFO] [ExcelBatchGenerator.GenerateThread] ✓ 已生成: 26013_AI01配件_成品检验表_20260808.xlsx
[2026-08-14 20:30:31.390] [INFO] [ExcelBatchGenerator.GenerateThread] ✓ 已生成: 26013_AI01配件_成品检验表_20260812.xlsx
[2026-08-14 20:30:31.390] [INFO] [ExcelBatchGenerator.GenerateThread] 生成完成，成功 8/8
[2026-08-14 20:30:31.392] [INFO] [ExcelBatchGenerator.MainWindow] 生成完成，成功 8/8
[2026-08-14 20:31:09.226] [INFO] [ExcelBatchGenerator.MainWindow] 加载模板: 18018_接收器首件检验表模板.xlsx
[2026-08-14 20:31:09.226] [INFO] [ExcelBatchGenerator.MainWindow] 加载配置: 18018_接收器 - 首件
[2026-08-14 20:31:10.222] [INFO] [ExcelBatchGenerator.MainWindow] 加载配置: 18018_接收器 - 首件
[2026-08-14 20:31:10.223] [INFO] [ExcelBatchGenerator.MainWindow] 模板路径已保存: E:/test-shenzhen/文档模板/接收器/18018/首件检验表/18018_接收器首件检验表模板.xlsx
[2026-08-14 20:31:50.612] [INFO] [ExcelBatchGenerator.MainWindow] 添加规则: d0cb878e
[2026-08-14 20:32:02.354] [INFO] [ExcelBatchGenerator.MainWindow] 添加规则: c1f6deef
[2026-08-14 20:32:19.583] [INFO] [ExcelBatchGenerator.MainWindow] 添加规则: c430613a
[2026-08-14 20:32:37.359] [INFO] [ExcelBatchGenerator.MainWindow] 添加规则: 9b8299b2
[2026-08-14 20:32:45.472] [INFO] [ExcelBatchGenerator.MainWindow] 添加规则: 8b09b206
[2026-08-14 20:32:57.386] [INFO] [ExcelBatchGenerator.MainWindow] 添加规则: 6bf48a13
[2026-08-14 20:33:06.564] [INFO] [ExcelBatchGenerator.MainWindow] 添加规则: ac5a62ef
[2026-08-14 20:33:18.358] [INFO] [ExcelBatchGenerator.MainWindow] 输出目录已记录: E:/惠州需求-确定版/首件、成品、过程/接收器/18018/首件检验表
[2026-08-14 20:33:18.362] [INFO] [ExcelBatchGenerator.MainWindow] 开始生成，类型: 首件，共 7 个文件
[2026-08-14 20:33:18.363] [INFO] [ExcelBatchGenerator.GenerateThread] 开始生成，类型: 首件，共 7 个文件
[2026-08-14 20:33:19.522] [INFO] [ExcelBatchGenerator.GenerateThread] ✓ 已生成: 18018_接收器_首件检验表_20260629.xlsx
[2026-08-14 20:33:20.711] [INFO] [ExcelBatchGenerator.GenerateThread] ✓ 已生成: 18018_接收器_首件检验表_20260706.xlsx
[2026-08-14 20:33:21.900] [INFO] [ExcelBatchGenerator.GenerateThread] ✓ 已生成: 18018_接收器_首件检验表_20260712.xlsx
[2026-08-14 20:33:23.119] [INFO] [ExcelBatchGenerator.GenerateThread] ✓ 已生成: 18018_接收器_首件检验表_20260720.xlsx
[2026-08-14 20:33:24.311] [INFO] [ExcelBatchGenerator.GenerateThread] ✓ 已生成: 18018_接收器_首件检验表_20260727.xlsx
[2026-08-14 20:33:25.467] [INFO] [ExcelBatchGenerator.GenerateThread] ✓ 已生成: 18018_接收器_首件检验表_20260803.xlsx
[2026-08-14 20:33:26.641] [INFO] [ExcelBatchGenerator.GenerateThread] ✓ 已生成: 18018_接收器_首件检验表_20260810.xlsx
[2026-08-14 20:33:26.642] [INFO] [ExcelBatchGenerator.GenerateThread] 生成完成，成功 7/7
[2026-08-14 20:33:26.643] [INFO] [ExcelBatchGenerator.MainWindow] 生成完成，成功 7/7
[2026-08-14 20:34:26.946] [INFO] [ExcelBatchGenerator.MainWindow] 加载模板: 18018_接收器过程检验表模板.xlsx
[2026-08-14 20:34:26.946] [INFO] [ExcelBatchGenerator.MainWindow] 加载配置: 18018_接收器 - 过程
[2026-08-14 20:34:27.947] [INFO] [ExcelBatchGenerator.MainWindow] 加载配置: 18018_接收器 - 过程
[2026-08-14 20:34:27.948] [INFO] [ExcelBatchGenerator.MainWindow] 模板路径已保存: E:/test-shenzhen/文档模板/接收器/18018/过程检验表/18018_接收器过程检验表模板.xlsx
[2026-08-14 20:35:57.845] [INFO] [ExcelBatchGenerator.MainWindow] 添加规则: e3dab5b2
[2026-08-14 20:36:02.916] [INFO] [ExcelBatchGenerator.MainWindow] 输出目录已记录: E:/惠州需求-确定版/首件、成品、过程/接收器/18018/过程检验表
[2026-08-14 20:36:02.921] [INFO] [ExcelBatchGenerator.MainWindow] 开始生成，类型: 过程，共 39 个文件
[2026-08-14 20:36:02.921] [INFO] [ExcelBatchGenerator.GenerateThread] 开始生成，类型: 过程，共 39 个文件
[2026-08-14 20:36:04.182] [INFO] [ExcelBatchGenerator.GenerateThread] ✓ 已生成: 18018_接收器_过程检验表_20260629.xlsx
[2026-08-14 20:36:05.375] [INFO] [ExcelBatchGenerator.GenerateThread] ✓ 已生成: 18018_接收器_过程检验表_20260630.xlsx
[2026-08-14 20:36:06.610] [INFO] [ExcelBatchGenerator.GenerateThread] ✓ 已生成: 18018_接收器_过程检验表_20260701.xlsx
[2026-08-14 20:36:07.819] [INFO] [ExcelBatchGenerator.GenerateThread] ✓ 已生成: 18018_接收器_过程检验表_20260702.xlsx
[2026-08-14 20:36:09.021] [INFO] [ExcelBatchGenerator.GenerateThread] ✓ 已生成: 18018_接收器_过程检验表_20260703.xlsx
[2026-08-14 20:36:10.216] [INFO] [ExcelBatchGenerator.GenerateThread] ✓ 已生成: 18018_接收器_过程检验表_20260704.xlsx
[2026-08-14 20:36:11.294] [INFO] [ExcelBatchGenerator.GenerateThread] ✓ 已生成: 18018_接收器_过程检验表_20260706.xlsx
[2026-08-14 20:36:12.626] [INFO] [ExcelBatchGenerator.GenerateThread] ✓ 已生成: 18018_接收器_过程检验表_20260707.xlsx
[2026-08-14 20:36:13.677] [INFO] [ExcelBatchGenerator.GenerateThread] ✓ 已生成: 18018_接收器_过程检验表_20260708.xlsx
[2026-08-14 20:36:15.042] [INFO] [ExcelBatchGenerator.GenerateThread] ✓ 已生成: 18018_接收器_过程检验表_20260709.xlsx
[2026-08-14 20:36:16.091] [INFO] [ExcelBatchGenerator.GenerateThread] ✓ 已生成: 18018_接收器_过程检验表_20260712.xlsx
[2026-08-14 20:36:17.311] [INFO] [ExcelBatchGenerator.GenerateThread] ✓ 已生成: 18018_接收器_过程检验表_20260713.xlsx
[2026-08-14 20:36:18.547] [INFO] [ExcelBatchGenerator.GenerateThread] ✓ 已生成: 18018_接收器_过程检验表_20260714.xlsx
[2026-08-14 20:36:18.687] [ERROR] [ExcelBatchGenerator.GenerateThread] ✗ 生成失败: 18018_接收器_过程检验表_20260715.xlsx - (-2147023174, 'RPC 服务器不可用。', None, None)
[2026-08-14 20:36:18.688] [ERROR] [ExcelBatchGenerator.GenerateThread] 详细错误: (-2147023174, 'RPC 服务器不可用。', None, None)
Traceback (most recent call last):
  File "e:\test-shenzhen\excel_batch_generator\core\generate_thread.py", line 98, in run
    generator.generate(date, filename)
    ~~~~~~~~~~~~~~~~~~^^^^^^^^^^^^^^^^
  File "e:\test-shenzhen\excel_batch_generator\core\excel_generator.py", line 311, in generate
    raise e
  File "e:\test-shenzhen\excel_batch_generator\core\excel_generator.py", line 294, in generate
    excel.Visible = False
    ^^^^^^^^^^^^^
  File "C:\Users\Administrator\AppData\Local\Programs\Python\Python313\Lib\site-packages\win32com\client\__init__.py", line 600, in __setattr__
    self._oleobj_.Invoke(*(args + (value,) + defArgs))
    ~~~~~~~~~~~~~~~~~~~~^^^^^^^^^^^^^^^^^^^^^^^^^^^^^^
pywintypes.com_error: (-2147023174, 'RPC 服务器不可用。', None, None)
[2026-08-14 20:36:19.870] [INFO] [ExcelBatchGenerator.GenerateThread] ✓ 已生成: 18018_接收器_过程检验表_20260716.xlsx
[2026-08-14 20:36:21.054] [INFO] [ExcelBatchGenerator.GenerateThread] ✓ 已生成: 18018_接收器_过程检验表_20260717.xlsx
[2026-08-14 20:36:22.299] [INFO] [ExcelBatchGenerator.GenerateThread] ✓ 已生成: 18018_接收器_过程检验表_20260718.xlsx
[2026-08-14 20:36:23.480] [INFO] [ExcelBatchGenerator.GenerateThread] ✓ 已生成: 18018_接收器_过程检验表_20260720.xlsx
[2026-08-14 20:36:24.673] [INFO] [ExcelBatchGenerator.GenerateThread] ✓ 已生成: 18018_接收器_过程检验表_20260721.xlsx
[2026-08-14 20:36:25.904] [INFO] [ExcelBatchGenerator.GenerateThread] ✓ 已生成: 18018_接收器_过程检验表_20260722.xlsx
[2026-08-14 20:36:27.129] [INFO] [ExcelBatchGenerator.GenerateThread] ✓ 已生成: 18018_接收器_过程检验表_20260723.xlsx
[2026-08-14 20:36:28.302] [INFO] [ExcelBatchGenerator.GenerateThread] ✓ 已生成: 18018_接收器_过程检验表_20260724.xlsx
[2026-08-14 20:36:29.525] [INFO] [ExcelBatchGenerator.GenerateThread] ✓ 已生成: 18018_接收器_过程检验表_20260725.xlsx
[2026-08-14 20:36:30.797] [INFO] [ExcelBatchGenerator.GenerateThread] ✓ 已生成: 18018_接收器_过程检验表_20260727.xlsx
[2026-08-14 20:36:31.981] [INFO] [ExcelBatchGenerator.GenerateThread] ✓ 已生成: 18018_接收器_过程检验表_20260728.xlsx
[2026-08-14 20:36:33.205] [INFO] [ExcelBatchGenerator.GenerateThread] ✓ 已生成: 18018_接收器_过程检验表_20260729.xlsx
[2026-08-14 20:36:34.400] [INFO] [ExcelBatchGenerator.GenerateThread] ✓ 已生成: 18018_接收器_过程检验表_20260730.xlsx
[2026-08-14 20:36:35.586] [INFO] [ExcelBatchGenerator.GenerateThread] ✓ 已生成: 18018_接收器_过程检验表_20260731.xlsx
[2026-08-14 20:36:36.805] [INFO] [ExcelBatchGenerator.GenerateThread] ✓ 已生成: 18018_接收器_过程检验表_20260801.xlsx
[2026-08-14 20:36:37.921] [INFO] [ExcelBatchGenerator.GenerateThread] ✓ 已生成: 18018_接收器_过程检验表_20260803.xlsx
[2026-08-14 20:36:38.066] [ERROR] [ExcelBatchGenerator.GenerateThread] ✗ 生成失败: 18018_接收器_过程检验表_20260804.xlsx - This COM object can not automate the makepy process - please run makepy manually for this object
[2026-08-14 20:36:38.066] [ERROR] [ExcelBatchGenerator.GenerateThread] 详细错误: This COM object can not automate the makepy process - please run makepy manually for this object
Traceback (most recent call last):
  File "C:\Users\Administrator\AppData\Local\Programs\Python\Python313\Lib\site-packages\win32com\client\gencache.py", line 643, in EnsureDispatch
    ti = disp._oleobj_.GetTypeInfo()
pywintypes.com_error: (-2147023174, 'RPC 服务器不可用。', None, None)

During handling of the above exception, another exception occurred:

Traceback (most recent call last):
  File "e:\test-shenzhen\excel_batch_generator\core\generate_thread.py", line 98, in run
    generator.generate(date, filename)
    ~~~~~~~~~~~~~~~~~~^^^^^^^^^^^^^^^^
  File "e:\test-shenzhen\excel_batch_generator\core\excel_generator.py", line 311, in generate
    raise e
  File "e:\test-shenzhen\excel_batch_generator\core\excel_generator.py", line 293, in generate
    excel = win32.gencache.EnsureDispatch('Excel.Application')
  File "C:\Users\Administrator\AppData\Local\Programs\Python\Python313\Lib\site-packages\win32com\client\gencache.py", line 655, in EnsureDispatch
    raise TypeError(
        "This COM object can not automate the makepy process - please run makepy manually for this object"
    )
TypeError: This COM object can not automate the makepy process - please run makepy manually for this object
[2026-08-14 20:36:39.279] [INFO] [ExcelBatchGenerator.GenerateThread] ✓ 已生成: 18018_接收器_过程检验表_20260805.xlsx
[2026-08-14 20:36:40.498] [INFO] [ExcelBatchGenerator.GenerateThread] ✓ 已生成: 18018_接收器_过程检验表_20260806.xlsx
[2026-08-14 20:36:41.593] [INFO] [ExcelBatchGenerator.GenerateThread] ✓ 已生成: 18018_接收器_过程检验表_20260807.xlsx
[2026-08-14 20:36:42.950] [INFO] [ExcelBatchGenerator.GenerateThread] ✓ 已生成: 18018_接收器_过程检验表_20260808.xlsx
[2026-08-14 20:36:44.187] [INFO] [ExcelBatchGenerator.GenerateThread] ✓ 已生成: 18018_接收器_过程检验表_20260810.xlsx
[2026-08-14 20:36:45.389] [INFO] [ExcelBatchGenerator.GenerateThread] ✓ 已生成: 18018_接收器_过程检验表_20260811.xlsx
[2026-08-14 20:36:46.438] [INFO] [ExcelBatchGenerator.GenerateThread] ✓ 已生成: 18018_接收器_过程检验表_20260812.xlsx
[2026-08-14 20:36:47.790] [INFO] [ExcelBatchGenerator.GenerateThread] ✓ 已生成: 18018_接收器_过程检验表_20260813.xlsx
[2026-08-14 20:36:47.790] [INFO] [ExcelBatchGenerator.GenerateThread] 生成完成，成功 37/39
[2026-08-14 20:36:47.792] [INFO] [ExcelBatchGenerator.MainWindow] 生成完成，成功 37/39
[2026-08-14 20:37:26.125] [INFO] [ExcelBatchGenerator.MainWindow] 输出目录已记录: E:/惠州需求-确定版/首件、成品、过程/接收器/18018/过程检验表
[2026-08-14 20:37:26.129] [INFO] [ExcelBatchGenerator.MainWindow] 开始生成，类型: 过程，共 22 个文件
[2026-08-14 20:37:26.130] [INFO] [ExcelBatchGenerator.GenerateThread] 开始生成，类型: 过程，共 22 个文件
[2026-08-14 20:37:26.131] [WARNING] [ExcelBatchGenerator.GenerateThread] 文件已存在，跳过: 18018_接收器_过程检验表_20260720.xlsx
[2026-08-14 20:37:26.132] [WARNING] [ExcelBatchGenerator.GenerateThread] 文件已存在，跳过: 18018_接收器_过程检验表_20260721.xlsx
[2026-08-14 20:37:26.132] [WARNING] [ExcelBatchGenerator.GenerateThread] 文件已存在，跳过: 18018_接收器_过程检验表_20260722.xlsx
[2026-08-14 20:37:26.132] [WARNING] [ExcelBatchGenerator.GenerateThread] 文件已存在，跳过: 18018_接收器_过程检验表_20260723.xlsx
[2026-08-14 20:37:26.132] [WARNING] [ExcelBatchGenerator.GenerateThread] 文件已存在，跳过: 18018_接收器_过程检验表_20260724.xlsx
[2026-08-14 20:37:26.133] [WARNING] [ExcelBatchGenerator.GenerateThread] 文件已存在，跳过: 18018_接收器_过程检验表_20260725.xlsx
[2026-08-14 20:37:26.133] [WARNING] [ExcelBatchGenerator.GenerateThread] 文件已存在，跳过: 18018_接收器_过程检验表_20260727.xlsx
[2026-08-14 20:37:26.133] [WARNING] [ExcelBatchGenerator.GenerateThread] 文件已存在，跳过: 18018_接收器_过程检验表_20260728.xlsx
[2026-08-14 20:37:26.133] [WARNING] [ExcelBatchGenerator.GenerateThread] 文件已存在，跳过: 18018_接收器_过程检验表_20260729.xlsx
[2026-08-14 20:37:26.133] [WARNING] [ExcelBatchGenerator.GenerateThread] 文件已存在，跳过: 18018_接收器_过程检验表_20260730.xlsx
[2026-08-14 20:37:26.134] [WARNING] [ExcelBatchGenerator.GenerateThread] 文件已存在，跳过: 18018_接收器_过程检验表_20260731.xlsx
[2026-08-14 20:37:26.134] [WARNING] [ExcelBatchGenerator.GenerateThread] 文件已存在，跳过: 18018_接收器_过程检验表_20260801.xlsx
[2026-08-14 20:37:26.134] [WARNING] [ExcelBatchGenerator.GenerateThread] 文件已存在，跳过: 18018_接收器_过程检验表_20260803.xlsx
[2026-08-14 20:37:27.217] [INFO] [ExcelBatchGenerator.GenerateThread] ✓ 已生成: 18018_接收器_过程检验表_20260804.xlsx
[2026-08-14 20:37:27.217] [WARNING] [ExcelBatchGenerator.GenerateThread] 文件已存在，跳过: 18018_接收器_过程检验表_20260805.xlsx
[2026-08-14 20:37:27.218] [WARNING] [ExcelBatchGenerator.GenerateThread] 文件已存在，跳过: 18018_接收器_过程检验表_20260806.xlsx
[2026-08-14 20:37:27.218] [WARNING] [ExcelBatchGenerator.GenerateThread] 文件已存在，跳过: 18018_接收器_过程检验表_20260807.xlsx
[2026-08-14 20:37:27.219] [WARNING] [ExcelBatchGenerator.GenerateThread] 文件已存在，跳过: 18018_接收器_过程检验表_20260808.xlsx
[2026-08-14 20:37:27.219] [WARNING] [ExcelBatchGenerator.GenerateThread] 文件已存在，跳过: 18018_接收器_过程检验表_20260810.xlsx
[2026-08-14 20:37:27.220] [WARNING] [ExcelBatchGenerator.GenerateThread] 文件已存在，跳过: 18018_接收器_过程检验表_20260811.xlsx
[2026-08-14 20:37:27.220] [WARNING] [ExcelBatchGenerator.GenerateThread] 文件已存在，跳过: 18018_接收器_过程检验表_20260812.xlsx
[2026-08-14 20:37:27.221] [WARNING] [ExcelBatchGenerator.GenerateThread] 文件已存在，跳过: 18018_接收器_过程检验表_20260813.xlsx
[2026-08-14 20:37:27.221] [INFO] [ExcelBatchGenerator.GenerateThread] 生成完成，成功 22/22
[2026-08-14 20:37:27.223] [INFO] [ExcelBatchGenerator.MainWindow] 生成完成，成功 22/22
[2026-08-14 20:37:48.713] [INFO] [ExcelBatchGenerator.MainWindow] 加载模板: 18018_接收器成品检验表模板.xlsx
[2026-08-14 20:37:48.714] [INFO] [ExcelBatchGenerator.MainWindow] 加载配置: 18018_接收器 - 成品
[2026-08-14 20:37:49.506] [INFO] [ExcelBatchGenerator.MainWindow] 加载配置: 18018_接收器 - 成品
[2026-08-14 20:37:49.507] [INFO] [ExcelBatchGenerator.MainWindow] 模板路径已保存: E:/test-shenzhen/文档模板/接收器/18018/成品检验表/18018_接收器成品检验表模板.xlsx
[2026-08-14 20:39:05.930] [INFO] [ExcelBatchGenerator.MainWindow] 输出目录已记录: E:/惠州需求-确定版/首件、成品、过程/接收器/18018/成品检验表
[2026-08-14 20:39:05.935] [INFO] [ExcelBatchGenerator.MainWindow] 开始生成，类型: 成品，共 7 个文件
[2026-08-14 20:39:05.935] [INFO] [ExcelBatchGenerator.GenerateThread] 开始生成，类型: 成品，共 7 个文件
[2026-08-14 20:39:06.938] [INFO] [ExcelBatchGenerator.GenerateThread] ✓ 已生成: 18018_接收器_成品检验表_20260704.xlsx
[2026-08-14 20:39:07.960] [INFO] [ExcelBatchGenerator.GenerateThread] ✓ 已生成: 18018_接收器_成品检验表_20260709.xlsx
[2026-08-14 20:39:09.054] [INFO] [ExcelBatchGenerator.GenerateThread] ✓ 已生成: 18018_接收器_成品检验表_20260718.xlsx
[2026-08-14 20:39:10.140] [INFO] [ExcelBatchGenerator.GenerateThread] ✓ 已生成: 18018_接收器_成品检验表_20260725.xlsx
[2026-08-14 20:39:11.170] [INFO] [ExcelBatchGenerator.GenerateThread] ✓ 已生成: 18018_接收器_成品检验表_20260801.xlsx
[2026-08-14 20:39:12.174] [INFO] [ExcelBatchGenerator.GenerateThread] ✓ 已生成: 18018_接收器_成品检验表_20260808.xlsx
[2026-08-14 20:39:13.238] [INFO] [ExcelBatchGenerator.GenerateThread] ✓ 已生成: 18018_接收器_成品检验表_20260813.xlsx
[2026-08-14 20:39:13.238] [INFO] [ExcelBatchGenerator.GenerateThread] 生成完成，成功 7/7
[2026-08-14 20:39:13.240] [INFO] [ExcelBatchGenerator.MainWindow] 生成完成，成功 7/7
[2026-08-14 20:40:20.803] [INFO] [ExcelBatchGenerator.MainWindow] 加载模板: 2012-055_W-97B镜片首件检验表模板.xlsx
[2026-08-14 20:40:20.803] [INFO] [ExcelBatchGenerator.MainWindow] 加载配置: 2012-055_W-97B镜片 - 首件
[2026-08-14 20:40:21.797] [INFO] [ExcelBatchGenerator.MainWindow] 加载配置: 2012-055_W-97B镜片 - 首件
[2026-08-14 20:40:21.798] [INFO] [ExcelBatchGenerator.MainWindow] 模板路径已保存: E:/test-shenzhen/文档模板/97B/2012-055-W-97B镜片/首件检验表/2012-055_W-97B镜片首件检验表模板.xlsx
[2026-08-14 20:41:05.297] [INFO] [ExcelBatchGenerator.MainWindow] 输出目录已记录: E:/惠州需求-确定版/首件、成品、过程/97B/2012-055-W-97B镜片/首件检验表
[2026-08-14 20:41:05.301] [INFO] [ExcelBatchGenerator.MainWindow] 开始生成，类型: 首件，共 7 个文件
[2026-08-14 20:41:05.302] [INFO] [ExcelBatchGenerator.GenerateThread] 开始生成，类型: 首件，共 7 个文件
[2026-08-14 20:41:06.522] [INFO] [ExcelBatchGenerator.GenerateThread] ✓ 已生成: 2012-055_W-97B镜片_首件检验表_20260629.xlsx
[2026-08-14 20:41:07.673] [INFO] [ExcelBatchGenerator.GenerateThread] ✓ 已生成: 2012-055_W-97B镜片_首件检验表_20260706.xlsx
[2026-08-14 20:41:08.842] [INFO] [ExcelBatchGenerator.GenerateThread] ✓ 已生成: 2012-055_W-97B镜片_首件检验表_20260712.xlsx
[2026-08-14 20:41:10.010] [INFO] [ExcelBatchGenerator.GenerateThread] ✓ 已生成: 2012-055_W-97B镜片_首件检验表_20260720.xlsx
[2026-08-14 20:41:11.139] [INFO] [ExcelBatchGenerator.GenerateThread] ✓ 已生成: 2012-055_W-97B镜片_首件检验表_20260727.xlsx
[2026-08-14 20:41:12.291] [INFO] [ExcelBatchGenerator.GenerateThread] ✓ 已生成: 2012-055_W-97B镜片_首件检验表_20260803.xlsx
[2026-08-14 20:41:13.463] [INFO] [ExcelBatchGenerator.GenerateThread] ✓ 已生成: 2012-055_W-97B镜片_首件检验表_20260810.xlsx
[2026-08-14 20:41:13.463] [INFO] [ExcelBatchGenerator.GenerateThread] 生成完成，成功 7/7
[2026-08-14 20:41:13.465] [INFO] [ExcelBatchGenerator.MainWindow] 生成完成，成功 7/7
[2026-08-14 20:41:40.114] [INFO] [ExcelBatchGenerator.MainWindow] 加载模板: 2012-055_W-97B镜片过程检验表模板.xlsx
[2026-08-14 20:41:40.114] [INFO] [ExcelBatchGenerator.MainWindow] 加载配置: 2012-055_W-97B镜片 - 过程
[2026-08-14 20:41:41.218] [INFO] [ExcelBatchGenerator.MainWindow] 加载配置: 2012-055_W-97B镜片 - 过程
[2026-08-14 20:41:41.219] [INFO] [ExcelBatchGenerator.MainWindow] 模板路径已保存: E:/test-shenzhen/文档模板/97B/2012-055-W-97B镜片/过程检验表/2012-055_W-97B镜片过程检验表模板.xlsx
[2026-08-14 20:41:46.203] [INFO] [ExcelBatchGenerator.MainWindow] 输出目录已记录: E:/惠州需求-确定版/首件、成品、过程/97B/2012-055-W-97B镜片/过程检验表
[2026-08-14 20:41:46.207] [INFO] [ExcelBatchGenerator.MainWindow] 开始生成，类型: 过程，共 39 个文件
[2026-08-14 20:41:46.208] [INFO] [ExcelBatchGenerator.GenerateThread] 开始生成，类型: 过程，共 39 个文件
[2026-08-14 20:41:47.364] [INFO] [ExcelBatchGenerator.GenerateThread] ✓ 已生成: 2012-055_W-97B镜片_过程检验表_20260629.xlsx
[2026-08-14 20:41:48.548] [INFO] [ExcelBatchGenerator.GenerateThread] ✓ 已生成: 2012-055_W-97B镜片_过程检验表_20260630.xlsx
[2026-08-14 20:41:49.783] [INFO] [ExcelBatchGenerator.GenerateThread] ✓ 已生成: 2012-055_W-97B镜片_过程检验表_20260701.xlsx
[2026-08-14 20:41:51.020] [INFO] [ExcelBatchGenerator.GenerateThread] ✓ 已生成: 2012-055_W-97B镜片_过程检验表_20260702.xlsx
[2026-08-14 20:41:52.190] [INFO] [ExcelBatchGenerator.GenerateThread] ✓ 已生成: 2012-055_W-97B镜片_过程检验表_20260703.xlsx
[2026-08-14 20:41:53.255] [INFO] [ExcelBatchGenerator.GenerateThread] ✓ 已生成: 2012-055_W-97B镜片_过程检验表_20260704.xlsx
[2026-08-14 20:41:54.642] [INFO] [ExcelBatchGenerator.GenerateThread] ✓ 已生成: 2012-055_W-97B镜片_过程检验表_20260706.xlsx
[2026-08-14 20:41:55.862] [INFO] [ExcelBatchGenerator.GenerateThread] ✓ 已生成: 2012-055_W-97B镜片_过程检验表_20260707.xlsx
[2026-08-14 20:41:57.018] [INFO] [ExcelBatchGenerator.GenerateThread] ✓ 已生成: 2012-055_W-97B镜片_过程检验表_20260708.xlsx
[2026-08-14 20:41:58.246] [INFO] [ExcelBatchGenerator.GenerateThread] ✓ 已生成: 2012-055_W-97B镜片_过程检验表_20260709.xlsx
[2026-08-14 20:41:59.417] [INFO] [ExcelBatchGenerator.GenerateThread] ✓ 已生成: 2012-055_W-97B镜片_过程检验表_20260712.xlsx
[2026-08-14 20:42:00.590] [INFO] [ExcelBatchGenerator.GenerateThread] ✓ 已生成: 2012-055_W-97B镜片_过程检验表_20260713.xlsx
[2026-08-14 20:42:01.819] [INFO] [ExcelBatchGenerator.GenerateThread] ✓ 已生成: 2012-055_W-97B镜片_过程检验表_20260714.xlsx
[2026-08-14 20:42:03.018] [INFO] [ExcelBatchGenerator.GenerateThread] ✓ 已生成: 2012-055_W-97B镜片_过程检验表_20260715.xlsx
[2026-08-14 20:42:04.192] [INFO] [ExcelBatchGenerator.GenerateThread] ✓ 已生成: 2012-055_W-97B镜片_过程检验表_20260716.xlsx
[2026-08-14 20:42:05.442] [INFO] [ExcelBatchGenerator.GenerateThread] ✓ 已生成: 2012-055_W-97B镜片_过程检验表_20260717.xlsx
[2026-08-14 20:42:06.622] [INFO] [ExcelBatchGenerator.GenerateThread] ✓ 已生成: 2012-055_W-97B镜片_过程检验表_20260718.xlsx
[2026-08-14 20:42:07.820] [INFO] [ExcelBatchGenerator.GenerateThread] ✓ 已生成: 2012-055_W-97B镜片_过程检验表_20260720.xlsx
[2026-08-14 20:42:09.062] [INFO] [ExcelBatchGenerator.GenerateThread] ✓ 已生成: 2012-055_W-97B镜片_过程检验表_20260721.xlsx
[2026-08-14 20:42:10.270] [INFO] [ExcelBatchGenerator.GenerateThread] ✓ 已生成: 2012-055_W-97B镜片_过程检验表_20260722.xlsx
[2026-08-14 20:42:11.343] [INFO] [ExcelBatchGenerator.GenerateThread] ✓ 已生成: 2012-055_W-97B镜片_过程检验表_20260723.xlsx
[2026-08-14 20:42:12.727] [INFO] [ExcelBatchGenerator.GenerateThread] ✓ 已生成: 2012-055_W-97B镜片_过程检验表_20260724.xlsx
[2026-08-14 20:42:13.929] [INFO] [ExcelBatchGenerator.GenerateThread] ✓ 已生成: 2012-055_W-97B镜片_过程检验表_20260725.xlsx
[2026-08-14 20:42:15.132] [INFO] [ExcelBatchGenerator.GenerateThread] ✓ 已生成: 2012-055_W-97B镜片_过程检验表_20260727.xlsx
[2026-08-14 20:42:16.333] [INFO] [ExcelBatchGenerator.GenerateThread] ✓ 已生成: 2012-055_W-97B镜片_过程检验表_20260728.xlsx
[2026-08-14 20:42:17.516] [INFO] [ExcelBatchGenerator.GenerateThread] ✓ 已生成: 2012-055_W-97B镜片_过程检验表_20260729.xlsx
[2026-08-14 20:42:18.702] [INFO] [ExcelBatchGenerator.GenerateThread] ✓ 已生成: 2012-055_W-97B镜片_过程检验表_20260730.xlsx
[2026-08-14 20:42:19.935] [INFO] [ExcelBatchGenerator.GenerateThread] ✓ 已生成: 2012-055_W-97B镜片_过程检验表_20260731.xlsx
[2026-08-14 20:42:21.126] [INFO] [ExcelBatchGenerator.GenerateThread] ✓ 已生成: 2012-055_W-97B镜片_过程检验表_20260801.xlsx
[2026-08-14 20:42:22.346] [INFO] [ExcelBatchGenerator.GenerateThread] ✓ 已生成: 2012-055_W-97B镜片_过程检验表_20260803.xlsx
[2026-08-14 20:42:23.597] [INFO] [ExcelBatchGenerator.GenerateThread] ✓ 已生成: 2012-055_W-97B镜片_过程检验表_20260804.xlsx
[2026-08-14 20:42:24.765] [INFO] [ExcelBatchGenerator.GenerateThread] ✓ 已生成: 2012-055_W-97B镜片_过程检验表_20260805.xlsx
[2026-08-14 20:42:25.956] [INFO] [ExcelBatchGenerator.GenerateThread] ✓ 已生成: 2012-055_W-97B镜片_过程检验表_20260806.xlsx
[2026-08-14 20:42:27.176] [INFO] [ExcelBatchGenerator.GenerateThread] ✓ 已生成: 2012-055_W-97B镜片_过程检验表_20260807.xlsx
[2026-08-14 20:42:28.341] [INFO] [ExcelBatchGenerator.GenerateThread] ✓ 已生成: 2012-055_W-97B镜片_过程检验表_20260808.xlsx
[2026-08-14 20:42:29.522] [INFO] [ExcelBatchGenerator.GenerateThread] ✓ 已生成: 2012-055_W-97B镜片_过程检验表_20260810.xlsx
[2026-08-14 20:42:30.772] [INFO] [ExcelBatchGenerator.GenerateThread] ✓ 已生成: 2012-055_W-97B镜片_过程检验表_20260811.xlsx
[2026-08-14 20:42:31.844] [INFO] [ExcelBatchGenerator.GenerateThread] ✓ 已生成: 2012-055_W-97B镜片_过程检验表_20260812.xlsx
[2026-08-14 20:42:33.183] [INFO] [ExcelBatchGenerator.GenerateThread] ✓ 已生成: 2012-055_W-97B镜片_过程检验表_20260813.xlsx
[2026-08-14 20:42:33.183] [INFO] [ExcelBatchGenerator.GenerateThread] 生成完成，成功 39/39
[2026-08-14 20:42:33.188] [INFO] [ExcelBatchGenerator.MainWindow] 生成完成，成功 39/39
[2026-08-14 20:42:54.330] [INFO] [ExcelBatchGenerator.MainWindow] 加载模板: 2012-055_W-97B镜片成品检验表模板.xlsx
[2026-08-14 20:42:54.331] [INFO] [ExcelBatchGenerator.MainWindow] 加载配置: 2012-055_W-97B镜片 - 成品
[2026-08-14 20:42:55.114] [INFO] [ExcelBatchGenerator.MainWindow] 加载配置: 2012-055_W-97B镜片 - 成品
[2026-08-14 20:42:55.114] [INFO] [ExcelBatchGenerator.MainWindow] 模板路径已保存: E:/test-shenzhen/文档模板/97B/2012-055-W-97B镜片/成品检验表/2012-055_W-97B镜片成品检验表模板.xlsx
[2026-08-14 20:43:01.279] [INFO] [ExcelBatchGenerator.MainWindow] 输出目录已记录: E:/惠州需求-确定版/首件、成品、过程/97B/2012-055-W-97B镜片/成品检验表
[2026-08-14 20:43:01.282] [INFO] [ExcelBatchGenerator.MainWindow] 开始生成，类型: 成品，共 7 个文件
[2026-08-14 20:43:01.283] [INFO] [ExcelBatchGenerator.GenerateThread] 开始生成，类型: 成品，共 7 个文件
[2026-08-14 20:43:02.241] [INFO] [ExcelBatchGenerator.GenerateThread] ✓ 已生成: 2012-055_W-97B镜片_成品检验表_20260704.xlsx
[2026-08-14 20:43:03.248] [INFO] [ExcelBatchGenerator.GenerateThread] ✓ 已生成: 2012-055_W-97B镜片_成品检验表_20260709.xlsx
[2026-08-14 20:43:04.259] [INFO] [ExcelBatchGenerator.GenerateThread] ✓ 已生成: 2012-055_W-97B镜片_成品检验表_20260718.xlsx
[2026-08-14 20:43:05.279] [INFO] [ExcelBatchGenerator.GenerateThread] ✓ 已生成: 2012-055_W-97B镜片_成品检验表_20260725.xlsx
[2026-08-14 20:43:06.291] [INFO] [ExcelBatchGenerator.GenerateThread] ✓ 已生成: 2012-055_W-97B镜片_成品检验表_20260801.xlsx
[2026-08-14 20:43:07.319] [INFO] [ExcelBatchGenerator.GenerateThread] ✓ 已生成: 2012-055_W-97B镜片_成品检验表_20260808.xlsx
[2026-08-14 20:43:08.328] [INFO] [ExcelBatchGenerator.GenerateThread] ✓ 已生成: 2012-055_W-97B镜片_成品检验表_20260813.xlsx
[2026-08-14 20:43:08.328] [INFO] [ExcelBatchGenerator.GenerateThread] 生成完成，成功 7/7
[2026-08-14 20:43:08.330] [INFO] [ExcelBatchGenerator.MainWindow] 生成完成，成功 7/7
[2026-08-14 20:43:39.879] [INFO] [ExcelBatchGenerator.MainWindow] 加载模板: 25040_W-97B配件首件检验表模板.xlsx
[2026-08-14 20:43:39.880] [INFO] [ExcelBatchGenerator.MainWindow] 加载配置: 25040_W-97B配件 - 首件
[2026-08-14 20:43:40.876] [INFO] [ExcelBatchGenerator.MainWindow] 加载配置: 25040_W-97B配件 - 首件
[2026-08-14 20:43:40.877] [INFO] [ExcelBatchGenerator.MainWindow] 模板路径已保存: E:/test-shenzhen/文档模板/97B/25040-97B配件/首件检验表/25040_W-97B配件首件检验表模板.xlsx
[2026-08-14 20:43:48.684] [INFO] [ExcelBatchGenerator.MainWindow] 输出目录已记录: E:/惠州需求-确定版/首件、成品、过程/97B/25040-97B配件/首件检验表
[2026-08-14 20:43:48.689] [INFO] [ExcelBatchGenerator.MainWindow] 开始生成，类型: 首件，共 7 个文件
[2026-08-14 20:43:48.690] [INFO] [ExcelBatchGenerator.GenerateThread] 开始生成，类型: 首件，共 7 个文件
[2026-08-14 20:43:49.695] [INFO] [ExcelBatchGenerator.GenerateThread] ✓ 已生成: 25040_W-97B配件_首件检验表_20260629.xlsx
[2026-08-14 20:43:50.985] [INFO] [ExcelBatchGenerator.GenerateThread] ✓ 已生成: 25040_W-97B配件_首件检验表_20260706.xlsx
[2026-08-14 20:43:52.122] [INFO] [ExcelBatchGenerator.GenerateThread] ✓ 已生成: 25040_W-97B配件_首件检验表_20260712.xlsx
[2026-08-14 20:43:53.308] [INFO] [ExcelBatchGenerator.GenerateThread] ✓ 已生成: 25040_W-97B配件_首件检验表_20260720.xlsx
[2026-08-14 20:43:54.465] [INFO] [ExcelBatchGenerator.GenerateThread] ✓ 已生成: 25040_W-97B配件_首件检验表_20260727.xlsx
[2026-08-14 20:43:55.642] [INFO] [ExcelBatchGenerator.GenerateThread] ✓ 已生成: 25040_W-97B配件_首件检验表_20260803.xlsx
[2026-08-14 20:43:56.853] [INFO] [ExcelBatchGenerator.GenerateThread] ✓ 已生成: 25040_W-97B配件_首件检验表_20260810.xlsx
[2026-08-14 20:43:56.853] [INFO] [ExcelBatchGenerator.GenerateThread] 生成完成，成功 7/7
[2026-08-14 20:43:56.858] [INFO] [ExcelBatchGenerator.MainWindow] 生成完成，成功 7/7
[2026-08-14 20:44:21.769] [INFO] [ExcelBatchGenerator.MainWindow] 加载模板: 25040_W-97B配件过程检验表模板.xlsx
[2026-08-14 20:44:21.770] [INFO] [ExcelBatchGenerator.MainWindow] 加载配置: 25040_W-97B配件 - 过程
[2026-08-14 20:44:22.761] [INFO] [ExcelBatchGenerator.MainWindow] 加载配置: 25040_W-97B配件 - 过程
[2026-08-14 20:44:22.762] [INFO] [ExcelBatchGenerator.MainWindow] 模板路径已保存: E:/test-shenzhen/文档模板/97B/25040-97B配件/过程检验表/25040_W-97B配件过程检验表模板.xlsx
[2026-08-14 20:44:41.644] [INFO] [ExcelBatchGenerator.MainWindow] 输出目录已记录: E:/惠州需求-确定版/首件、成品、过程/97B/25040-97B配件/过程检验表
[2026-08-14 20:44:41.648] [INFO] [ExcelBatchGenerator.MainWindow] 开始生成，类型: 过程，共 35 个文件
[2026-08-14 20:44:41.648] [INFO] [ExcelBatchGenerator.GenerateThread] 开始生成，类型: 过程，共 35 个文件
[2026-08-14 20:44:42.908] [INFO] [ExcelBatchGenerator.GenerateThread] ✓ 已生成: 25040_W-97B配件_过程检验表_20260629.xlsx
[2026-08-14 20:44:44.194] [INFO] [ExcelBatchGenerator.GenerateThread] ✓ 已生成: 25040_W-97B配件_过程检验表_20260630.xlsx
[2026-08-14 20:44:45.489] [INFO] [ExcelBatchGenerator.GenerateThread] ✓ 已生成: 25040_W-97B配件_过程检验表_20260701.xlsx
[2026-08-14 20:44:46.786] [INFO] [ExcelBatchGenerator.GenerateThread] ✓ 已生成: 25040_W-97B配件_过程检验表_20260702.xlsx
[2026-08-14 20:44:48.071] [INFO] [ExcelBatchGenerator.GenerateThread] ✓ 已生成: 25040_W-97B配件_过程检验表_20260703.xlsx
[2026-08-14 20:44:49.361] [INFO] [ExcelBatchGenerator.GenerateThread] ✓ 已生成: 25040_W-97B配件_过程检验表_20260704.xlsx
[2026-08-14 20:44:50.662] [INFO] [ExcelBatchGenerator.GenerateThread] ✓ 已生成: 25040_W-97B配件_过程检验表_20260706.xlsx
[2026-08-14 20:44:51.964] [INFO] [ExcelBatchGenerator.GenerateThread] ✓ 已生成: 25040_W-97B配件_过程检验表_20260707.xlsx
[2026-08-14 20:44:53.273] [INFO] [ExcelBatchGenerator.GenerateThread] ✓ 已生成: 25040_W-97B配件_过程检验表_20260708.xlsx
[2026-08-14 20:44:54.595] [INFO] [ExcelBatchGenerator.GenerateThread] ✓ 已生成: 25040_W-97B配件_过程检验表_20260709.xlsx
[2026-08-14 20:44:55.868] [INFO] [ExcelBatchGenerator.GenerateThread] ✓ 已生成: 25040_W-97B配件_过程检验表_20260712.xlsx
[2026-08-14 20:44:57.159] [INFO] [ExcelBatchGenerator.GenerateThread] ✓ 已生成: 25040_W-97B配件_过程检验表_20260713.xlsx
[2026-08-14 20:44:58.450] [INFO] [ExcelBatchGenerator.GenerateThread] ✓ 已生成: 25040_W-97B配件_过程检验表_20260714.xlsx
[2026-08-14 20:44:59.738] [INFO] [ExcelBatchGenerator.GenerateThread] ✓ 已生成: 25040_W-97B配件_过程检验表_20260715.xlsx
[2026-08-14 20:45:01.036] [INFO] [ExcelBatchGenerator.GenerateThread] ✓ 已生成: 25040_W-97B配件_过程检验表_20260716.xlsx
[2026-08-14 20:45:02.328] [INFO] [ExcelBatchGenerator.GenerateThread] ✓ 已生成: 25040_W-97B配件_过程检验表_20260717.xlsx
[2026-08-14 20:45:03.620] [INFO] [ExcelBatchGenerator.GenerateThread] ✓ 已生成: 25040_W-97B配件_过程检验表_20260718.xlsx
[2026-08-14 20:45:04.909] [INFO] [ExcelBatchGenerator.GenerateThread] ✓ 已生成: 25040_W-97B配件_过程检验表_20260720.xlsx
[2026-08-14 20:45:06.195] [INFO] [ExcelBatchGenerator.GenerateThread] ✓ 已生成: 25040_W-97B配件_过程检验表_20260721.xlsx
[2026-08-14 20:45:07.459] [INFO] [ExcelBatchGenerator.GenerateThread] ✓ 已生成: 25040_W-97B配件_过程检验表_20260722.xlsx
[2026-08-14 20:45:08.757] [INFO] [ExcelBatchGenerator.GenerateThread] ✓ 已生成: 25040_W-97B配件_过程检验表_20260723.xlsx
[2026-08-14 20:45:10.088] [INFO] [ExcelBatchGenerator.GenerateThread] ✓ 已生成: 25040_W-97B配件_过程检验表_20260724.xlsx
[2026-08-14 20:45:11.368] [INFO] [ExcelBatchGenerator.GenerateThread] ✓ 已生成: 25040_W-97B配件_过程检验表_20260725.xlsx
[2026-08-14 20:45:12.640] [INFO] [ExcelBatchGenerator.GenerateThread] ✓ 已生成: 25040_W-97B配件_过程检验表_20260727.xlsx
[2026-08-14 20:45:13.997] [INFO] [ExcelBatchGenerator.GenerateThread] ✓ 已生成: 25040_W-97B配件_过程检验表_20260728.xlsx
[2026-08-14 20:45:15.274] [INFO] [ExcelBatchGenerator.GenerateThread] ✓ 已生成: 25040_W-97B配件_过程检验表_20260729.xlsx
[2026-08-14 20:45:16.532] [INFO] [ExcelBatchGenerator.GenerateThread] ✓ 已生成: 25040_W-97B配件_过程检验表_20260730.xlsx
[2026-08-14 20:45:17.865] [INFO] [ExcelBatchGenerator.GenerateThread] ✓ 已生成: 25040_W-97B配件_过程检验表_20260731.xlsx
[2026-08-14 20:45:19.141] [INFO] [ExcelBatchGenerator.GenerateThread] ✓ 已生成: 25040_W-97B配件_过程检验表_20260801.xlsx
[2026-08-14 20:45:20.431] [INFO] [ExcelBatchGenerator.GenerateThread] ✓ 已生成: 25040_W-97B配件_过程检验表_20260803.xlsx
[2026-08-14 20:45:21.747] [INFO] [ExcelBatchGenerator.GenerateThread] ✓ 已生成: 25040_W-97B配件_过程检验表_20260804.xlsx
[2026-08-14 20:45:23.004] [INFO] [ExcelBatchGenerator.GenerateThread] ✓ 已生成: 25040_W-97B配件_过程检验表_20260805.xlsx
[2026-08-14 20:45:24.303] [INFO] [ExcelBatchGenerator.GenerateThread] ✓ 已生成: 25040_W-97B配件_过程检验表_20260806.xlsx
[2026-08-14 20:45:25.676] [INFO] [ExcelBatchGenerator.GenerateThread] ✓ 已生成: 25040_W-97B配件_过程检验表_20260807.xlsx
[2026-08-14 20:45:26.946] [INFO] [ExcelBatchGenerator.GenerateThread] ✓ 已生成: 25040_W-97B配件_过程检验表_20260808.xlsx
[2026-08-14 20:45:26.946] [INFO] [ExcelBatchGenerator.GenerateThread] 生成完成，成功 35/35
[2026-08-14 20:45:26.948] [INFO] [ExcelBatchGenerator.MainWindow] 生成完成，成功 35/35
[2026-08-14 20:45:32.956] [INFO] [ExcelBatchGenerator.MainWindow] 输出目录已记录: E:/惠州需求-确定版/首件、成品、过程/97B/25040-97B配件/过程检验表
[2026-08-14 20:45:32.961] [INFO] [ExcelBatchGenerator.MainWindow] 开始生成，类型: 过程，共 39 个文件
[2026-08-14 20:45:32.962] [INFO] [ExcelBatchGenerator.GenerateThread] 开始生成，类型: 过程，共 39 个文件
[2026-08-14 20:45:32.962] [WARNING] [ExcelBatchGenerator.GenerateThread] 文件已存在，跳过: 25040_W-97B配件_过程检验表_20260629.xlsx
[2026-08-14 20:45:32.963] [WARNING] [ExcelBatchGenerator.GenerateThread] 文件已存在，跳过: 25040_W-97B配件_过程检验表_20260630.xlsx
[2026-08-14 20:45:32.963] [WARNING] [ExcelBatchGenerator.GenerateThread] 文件已存在，跳过: 25040_W-97B配件_过程检验表_20260701.xlsx
[2026-08-14 20:45:32.963] [WARNING] [ExcelBatchGenerator.GenerateThread] 文件已存在，跳过: 25040_W-97B配件_过程检验表_20260702.xlsx
[2026-08-14 20:45:32.963] [WARNING] [ExcelBatchGenerator.GenerateThread] 文件已存在，跳过: 25040_W-97B配件_过程检验表_20260703.xlsx
[2026-08-14 20:45:32.964] [WARNING] [ExcelBatchGenerator.GenerateThread] 文件已存在，跳过: 25040_W-97B配件_过程检验表_20260704.xlsx
[2026-08-14 20:45:32.964] [WARNING] [ExcelBatchGenerator.GenerateThread] 文件已存在，跳过: 25040_W-97B配件_过程检验表_20260706.xlsx
[2026-08-14 20:45:32.964] [WARNING] [ExcelBatchGenerator.GenerateThread] 文件已存在，跳过: 25040_W-97B配件_过程检验表_20260707.xlsx
[2026-08-14 20:45:32.964] [WARNING] [ExcelBatchGenerator.GenerateThread] 文件已存在，跳过: 25040_W-97B配件_过程检验表_20260708.xlsx
[2026-08-14 20:45:32.964] [WARNING] [ExcelBatchGenerator.GenerateThread] 文件已存在，跳过: 25040_W-97B配件_过程检验表_20260709.xlsx
[2026-08-14 20:45:32.965] [WARNING] [ExcelBatchGenerator.GenerateThread] 文件已存在，跳过: 25040_W-97B配件_过程检验表_20260712.xlsx
[2026-08-14 20:45:32.965] [WARNING] [ExcelBatchGenerator.GenerateThread] 文件已存在，跳过: 25040_W-97B配件_过程检验表_20260713.xlsx
[2026-08-14 20:45:32.965] [WARNING] [ExcelBatchGenerator.GenerateThread] 文件已存在，跳过: 25040_W-97B配件_过程检验表_20260714.xlsx
[2026-08-14 20:45:32.965] [WARNING] [ExcelBatchGenerator.GenerateThread] 文件已存在，跳过: 25040_W-97B配件_过程检验表_20260715.xlsx
[2026-08-14 20:45:32.965] [WARNING] [ExcelBatchGenerator.GenerateThread] 文件已存在，跳过: 25040_W-97B配件_过程检验表_20260716.xlsx
[2026-08-14 20:45:32.966] [WARNING] [ExcelBatchGenerator.GenerateThread] 文件已存在，跳过: 25040_W-97B配件_过程检验表_20260717.xlsx
[2026-08-14 20:45:32.966] [WARNING] [ExcelBatchGenerator.GenerateThread] 文件已存在，跳过: 25040_W-97B配件_过程检验表_20260718.xlsx
[2026-08-14 20:45:32.970] [WARNING] [ExcelBatchGenerator.GenerateThread] 文件已存在，跳过: 25040_W-97B配件_过程检验表_20260720.xlsx
[2026-08-14 20:45:32.970] [WARNING] [ExcelBatchGenerator.GenerateThread] 文件已存在，跳过: 25040_W-97B配件_过程检验表_20260721.xlsx
[2026-08-14 20:45:32.970] [WARNING] [ExcelBatchGenerator.GenerateThread] 文件已存在，跳过: 25040_W-97B配件_过程检验表_20260722.xlsx
[2026-08-14 20:45:32.970] [WARNING] [ExcelBatchGenerator.GenerateThread] 文件已存在，跳过: 25040_W-97B配件_过程检验表_20260723.xlsx
[2026-08-14 20:45:32.971] [WARNING] [ExcelBatchGenerator.GenerateThread] 文件已存在，跳过: 25040_W-97B配件_过程检验表_20260724.xlsx
[2026-08-14 20:45:32.971] [WARNING] [ExcelBatchGenerator.GenerateThread] 文件已存在，跳过: 25040_W-97B配件_过程检验表_20260725.xlsx
[2026-08-14 20:45:32.971] [WARNING] [ExcelBatchGenerator.GenerateThread] 文件已存在，跳过: 25040_W-97B配件_过程检验表_20260727.xlsx
[2026-08-14 20:45:32.972] [WARNING] [ExcelBatchGenerator.GenerateThread] 文件已存在，跳过: 25040_W-97B配件_过程检验表_20260728.xlsx
[2026-08-14 20:45:32.972] [WARNING] [ExcelBatchGenerator.GenerateThread] 文件已存在，跳过: 25040_W-97B配件_过程检验表_20260729.xlsx
[2026-08-14 20:45:32.972] [WARNING] [ExcelBatchGenerator.GenerateThread] 文件已存在，跳过: 25040_W-97B配件_过程检验表_20260730.xlsx
[2026-08-14 20:45:32.972] [WARNING] [ExcelBatchGenerator.GenerateThread] 文件已存在，跳过: 25040_W-97B配件_过程检验表_20260731.xlsx
[2026-08-14 20:45:32.972] [WARNING] [ExcelBatchGenerator.GenerateThread] 文件已存在，跳过: 25040_W-97B配件_过程检验表_20260801.xlsx
[2026-08-14 20:45:32.973] [WARNING] [ExcelBatchGenerator.GenerateThread] 文件已存在，跳过: 25040_W-97B配件_过程检验表_20260803.xlsx
[2026-08-14 20:45:32.973] [WARNING] [ExcelBatchGenerator.GenerateThread] 文件已存在，跳过: 25040_W-97B配件_过程检验表_20260804.xlsx
[2026-08-14 20:45:32.973] [WARNING] [ExcelBatchGenerator.GenerateThread] 文件已存在，跳过: 25040_W-97B配件_过程检验表_20260805.xlsx
[2026-08-14 20:45:32.973] [WARNING] [ExcelBatchGenerator.GenerateThread] 文件已存在，跳过: 25040_W-97B配件_过程检验表_20260806.xlsx
[2026-08-14 20:45:32.973] [WARNING] [ExcelBatchGenerator.GenerateThread] 文件已存在，跳过: 25040_W-97B配件_过程检验表_20260807.xlsx
[2026-08-14 20:45:32.974] [WARNING] [ExcelBatchGenerator.GenerateThread] 文件已存在，跳过: 25040_W-97B配件_过程检验表_20260808.xlsx
[2026-08-14 20:45:34.269] [INFO] [ExcelBatchGenerator.GenerateThread] ✓ 已生成: 25040_W-97B配件_过程检验表_20260810.xlsx
[2026-08-14 20:45:35.581] [INFO] [ExcelBatchGenerator.GenerateThread] ✓ 已生成: 25040_W-97B配件_过程检验表_20260811.xlsx
[2026-08-14 20:45:36.863] [INFO] [ExcelBatchGenerator.GenerateThread] ✓ 已生成: 25040_W-97B配件_过程检验表_20260812.xlsx
[2026-08-14 20:45:38.175] [INFO] [ExcelBatchGenerator.GenerateThread] ✓ 已生成: 25040_W-97B配件_过程检验表_20260813.xlsx
[2026-08-14 20:45:38.176] [INFO] [ExcelBatchGenerator.GenerateThread] 生成完成，成功 39/39
[2026-08-14 20:45:38.178] [INFO] [ExcelBatchGenerator.MainWindow] 生成完成，成功 39/39
[2026-08-14 20:48:13.639] [INFO] [ExcelBatchGenerator.MainWindow] 输出目录已记录: E:/惠州需求-确定版/首件、成品、过程/97B/25040-97B配件/过程检验表
[2026-08-14 20:48:13.642] [INFO] [ExcelBatchGenerator.MainWindow] 开始生成，类型: 过程，共 39 个文件
[2026-08-14 20:48:13.643] [INFO] [ExcelBatchGenerator.GenerateThread] 开始生成，类型: 过程，共 39 个文件
[2026-08-14 20:48:15.062] [INFO] [ExcelBatchGenerator.GenerateThread] ✓ 已生成: 25040_W-97B配件_过程检验表_20260629.xlsx
[2026-08-14 20:48:16.407] [INFO] [ExcelBatchGenerator.GenerateThread] ✓ 已生成: 25040_W-97B配件_过程检验表_20260630.xlsx
[2026-08-14 20:48:17.717] [INFO] [ExcelBatchGenerator.GenerateThread] ✓ 已生成: 25040_W-97B配件_过程检验表_20260701.xlsx
[2026-08-14 20:48:19.069] [INFO] [ExcelBatchGenerator.GenerateThread] ✓ 已生成: 25040_W-97B配件_过程检验表_20260702.xlsx
[2026-08-14 20:48:20.379] [INFO] [ExcelBatchGenerator.GenerateThread] ✓ 已生成: 25040_W-97B配件_过程检验表_20260703.xlsx
[2026-08-14 20:48:21.752] [INFO] [ExcelBatchGenerator.GenerateThread] ✓ 已生成: 25040_W-97B配件_过程检验表_20260704.xlsx
[2026-08-14 20:48:22.659] [INFO] [ExcelBatchGenerator.GenerateThread] 用户请求中止生成
[2026-08-14 20:48:23.072] [INFO] [ExcelBatchGenerator.GenerateThread] ✓ 已生成: 25040_W-97B配件_过程检验表_20260706.xlsx
[2026-08-14 20:48:23.073] [INFO] [ExcelBatchGenerator.GenerateThread] 生成已取消，已处理 7/39 个文件
[2026-08-14 20:48:23.073] [INFO] [ExcelBatchGenerator.GenerateThread] 生成已取消，成功 7/39
[2026-08-14 20:48:23.080] [INFO] [ExcelBatchGenerator.MainWindow] 生成完成，成功 7/39
[2026-08-14 20:48:35.578] [INFO] [ExcelBatchGenerator.MainWindow] 输出目录已记录: E:/惠州需求-确定版/首件、成品、过程/97B/25040-97B配件/过程检验表
[2026-08-14 20:48:35.582] [INFO] [ExcelBatchGenerator.MainWindow] 开始生成，类型: 过程，共 39 个文件
[2026-08-14 20:48:35.583] [INFO] [ExcelBatchGenerator.GenerateThread] 开始生成，类型: 过程，共 39 个文件
[2026-08-14 20:48:35.583] [WARNING] [ExcelBatchGenerator.GenerateThread] 文件已存在，跳过: 25040_W-97B配件_过程检验表_20260629.xlsx
[2026-08-14 20:48:35.584] [WARNING] [ExcelBatchGenerator.GenerateThread] 文件已存在，跳过: 25040_W-97B配件_过程检验表_20260630.xlsx
[2026-08-14 20:48:35.588] [WARNING] [ExcelBatchGenerator.GenerateThread] 文件已存在，跳过: 25040_W-97B配件_过程检验表_20260701.xlsx
[2026-08-14 20:48:35.589] [WARNING] [ExcelBatchGenerator.GenerateThread] 文件已存在，跳过: 25040_W-97B配件_过程检验表_20260702.xlsx
[2026-08-14 20:48:35.589] [WARNING] [ExcelBatchGenerator.GenerateThread] 文件已存在，跳过: 25040_W-97B配件_过程检验表_20260703.xlsx
[2026-08-14 20:48:35.589] [WARNING] [ExcelBatchGenerator.GenerateThread] 文件已存在，跳过: 25040_W-97B配件_过程检验表_20260704.xlsx
[2026-08-14 20:48:35.591] [WARNING] [ExcelBatchGenerator.GenerateThread] 文件已存在，跳过: 25040_W-97B配件_过程检验表_20260706.xlsx
[2026-08-14 20:48:37.003] [INFO] [ExcelBatchGenerator.GenerateThread] ✓ 已生成: 25040_W-97B配件_过程检验表_20260707.xlsx
[2026-08-14 20:48:38.303] [INFO] [ExcelBatchGenerator.GenerateThread] ✓ 已生成: 25040_W-97B配件_过程检验表_20260708.xlsx
[2026-08-14 20:48:39.687] [INFO] [ExcelBatchGenerator.GenerateThread] ✓ 已生成: 25040_W-97B配件_过程检验表_20260709.xlsx
[2026-08-14 20:48:40.986] [INFO] [ExcelBatchGenerator.GenerateThread] ✓ 已生成: 25040_W-97B配件_过程检验表_20260712.xlsx
[2026-08-14 20:48:42.436] [INFO] [ExcelBatchGenerator.GenerateThread] ✓ 已生成: 25040_W-97B配件_过程检验表_20260713.xlsx
[2026-08-14 20:48:43.788] [INFO] [ExcelBatchGenerator.GenerateThread] ✓ 已生成: 25040_W-97B配件_过程检验表_20260714.xlsx
[2026-08-14 20:48:45.085] [INFO] [ExcelBatchGenerator.GenerateThread] ✓ 已生成: 25040_W-97B配件_过程检验表_20260715.xlsx
[2026-08-14 20:48:46.450] [INFO] [ExcelBatchGenerator.GenerateThread] ✓ 已生成: 25040_W-97B配件_过程检验表_20260716.xlsx
[2026-08-14 20:48:47.794] [INFO] [ExcelBatchGenerator.GenerateThread] ✓ 已生成: 25040_W-97B配件_过程检验表_20260717.xlsx
[2026-08-14 20:48:49.099] [INFO] [ExcelBatchGenerator.GenerateThread] ✓ 已生成: 25040_W-97B配件_过程检验表_20260718.xlsx
[2026-08-14 20:48:50.284] [INFO] [ExcelBatchGenerator.GenerateThread] ✓ 已生成: 25040_W-97B配件_过程检验表_20260720.xlsx
[2026-08-14 20:48:51.750] [INFO] [ExcelBatchGenerator.GenerateThread] ✓ 已生成: 25040_W-97B配件_过程检验表_20260721.xlsx
[2026-08-14 20:48:53.070] [INFO] [ExcelBatchGenerator.GenerateThread] ✓ 已生成: 25040_W-97B配件_过程检验表_20260722.xlsx
[2026-08-14 20:48:54.405] [INFO] [ExcelBatchGenerator.GenerateThread] ✓ 已生成: 25040_W-97B配件_过程检验表_20260723.xlsx
[2026-08-14 20:48:55.681] [INFO] [ExcelBatchGenerator.GenerateThread] ✓ 已生成: 25040_W-97B配件_过程检验表_20260724.xlsx
[2026-08-14 20:48:57.011] [INFO] [ExcelBatchGenerator.GenerateThread] ✓ 已生成: 25040_W-97B配件_过程检验表_20260725.xlsx
[2026-08-14 20:48:58.290] [INFO] [ExcelBatchGenerator.GenerateThread] ✓ 已生成: 25040_W-97B配件_过程检验表_20260727.xlsx
[2026-08-14 20:48:59.579] [INFO] [ExcelBatchGenerator.GenerateThread] ✓ 已生成: 25040_W-97B配件_过程检验表_20260728.xlsx
[2026-08-14 20:49:00.913] [INFO] [ExcelBatchGenerator.GenerateThread] ✓ 已生成: 25040_W-97B配件_过程检验表_20260729.xlsx
[2026-08-14 20:49:02.233] [INFO] [ExcelBatchGenerator.GenerateThread] ✓ 已生成: 25040_W-97B配件_过程检验表_20260730.xlsx
[2026-08-14 20:49:03.586] [INFO] [ExcelBatchGenerator.GenerateThread] ✓ 已生成: 25040_W-97B配件_过程检验表_20260731.xlsx
[2026-08-14 20:49:04.937] [INFO] [ExcelBatchGenerator.GenerateThread] ✓ 已生成: 25040_W-97B配件_过程检验表_20260801.xlsx
[2026-08-14 20:49:06.262] [INFO] [ExcelBatchGenerator.GenerateThread] ✓ 已生成: 25040_W-97B配件_过程检验表_20260803.xlsx
[2026-08-14 20:49:07.576] [INFO] [ExcelBatchGenerator.GenerateThread] ✓ 已生成: 25040_W-97B配件_过程检验表_20260804.xlsx
[2026-08-14 20:49:08.940] [INFO] [ExcelBatchGenerator.GenerateThread] ✓ 已生成: 25040_W-97B配件_过程检验表_20260805.xlsx
[2026-08-14 20:49:10.359] [INFO] [ExcelBatchGenerator.GenerateThread] ✓ 已生成: 25040_W-97B配件_过程检验表_20260806.xlsx
[2026-08-14 20:49:11.699] [INFO] [ExcelBatchGenerator.GenerateThread] ✓ 已生成: 25040_W-97B配件_过程检验表_20260807.xlsx
[2026-08-14 20:49:13.013] [INFO] [ExcelBatchGenerator.GenerateThread] ✓ 已生成: 25040_W-97B配件_过程检验表_20260808.xlsx
[2026-08-14 20:49:14.373] [INFO] [ExcelBatchGenerator.GenerateThread] ✓ 已生成: 25040_W-97B配件_过程检验表_20260810.xlsx
[2026-08-14 20:49:15.661] [INFO] [ExcelBatchGenerator.GenerateThread] ✓ 已生成: 25040_W-97B配件_过程检验表_20260811.xlsx
[2026-08-14 20:49:17.035] [INFO] [ExcelBatchGenerator.GenerateThread] ✓ 已生成: 25040_W-97B配件_过程检验表_20260812.xlsx
[2026-08-14 20:49:18.320] [INFO] [ExcelBatchGenerator.GenerateThread] ✓ 已生成: 25040_W-97B配件_过程检验表_20260813.xlsx
[2026-08-14 20:49:18.321] [INFO] [ExcelBatchGenerator.GenerateThread] 生成完成，成功 39/39
[2026-08-14 20:49:18.322] [INFO] [ExcelBatchGenerator.MainWindow] 生成完成，成功 39/39
[2026-08-14 20:49:38.939] [INFO] [ExcelBatchGenerator.MainWindow] 加载模板: 25040_W-97B配件成品检验表模板.xlsx
[2026-08-14 20:49:38.940] [INFO] [ExcelBatchGenerator.MainWindow] 加载配置: 25040_W-97B配件 - 成品
[2026-08-14 20:49:39.853] [INFO] [ExcelBatchGenerator.MainWindow] 加载配置: 25040_W-97B配件 - 成品
[2026-08-14 20:49:39.854] [INFO] [ExcelBatchGenerator.MainWindow] 模板路径已保存: E:/test-shenzhen/文档模板/97B/25040-97B配件/成品检验表/25040_W-97B配件成品检验表模板.xlsx
[2026-08-14 20:49:45.731] [INFO] [ExcelBatchGenerator.MainWindow] 输出目录已记录: E:/惠州需求-确定版/首件、成品、过程/97B/25040-97B配件/过程检验表
[2026-08-14 20:49:45.736] [INFO] [ExcelBatchGenerator.MainWindow] 开始生成，类型: 成品，共 7 个文件
[2026-08-14 20:49:45.737] [INFO] [ExcelBatchGenerator.GenerateThread] 开始生成，类型: 成品，共 7 个文件
[2026-08-14 20:49:46.819] [INFO] [ExcelBatchGenerator.GenerateThread] ✓ 已生成: 25040_W-97B配件_成品检验表_20260704.xlsx
[2026-08-14 20:49:47.940] [INFO] [ExcelBatchGenerator.GenerateThread] ✓ 已生成: 25040_W-97B配件_成品检验表_20260709.xlsx
[2026-08-14 20:49:49.054] [INFO] [ExcelBatchGenerator.GenerateThread] ✓ 已生成: 25040_W-97B配件_成品检验表_20260718.xlsx
[2026-08-14 20:49:50.242] [INFO] [ExcelBatchGenerator.GenerateThread] ✓ 已生成: 25040_W-97B配件_成品检验表_20260725.xlsx
[2026-08-14 20:49:51.413] [INFO] [ExcelBatchGenerator.GenerateThread] ✓ 已生成: 25040_W-97B配件_成品检验表_20260801.xlsx
[2026-08-14 20:49:52.520] [INFO] [ExcelBatchGenerator.GenerateThread] ✓ 已生成: 25040_W-97B配件_成品检验表_20260808.xlsx
[2026-08-14 20:49:53.664] [INFO] [ExcelBatchGenerator.GenerateThread] ✓ 已生成: 25040_W-97B配件_成品检验表_20260813.xlsx
[2026-08-14 20:49:53.664] [INFO] [ExcelBatchGenerator.GenerateThread] 生成完成，成功 7/7
[2026-08-14 20:49:53.667] [INFO] [ExcelBatchGenerator.MainWindow] 生成完成，成功 7/7
[2026-08-14 20:50:16.850] [INFO] [ExcelBatchGenerator.MainWindow] 输出目录已记录: E:/惠州需求-确定版/首件、成品、过程/97B/25040-97B配件/成品检验表
[2026-08-14 20:50:16.854] [INFO] [ExcelBatchGenerator.MainWindow] 开始生成，类型: 成品，共 7 个文件
[2026-08-14 20:50:16.855] [INFO] [ExcelBatchGenerator.GenerateThread] 开始生成，类型: 成品，共 7 个文件
[2026-08-14 20:50:16.857] [WARNING] [ExcelBatchGenerator.GenerateThread] 文件已存在，跳过: 25040_W-97B配件_成品检验表_20260704.xlsx
[2026-08-14 20:50:16.857] [WARNING] [ExcelBatchGenerator.GenerateThread] 文件已存在，跳过: 25040_W-97B配件_成品检验表_20260709.xlsx
[2026-08-14 20:50:16.857] [WARNING] [ExcelBatchGenerator.GenerateThread] 文件已存在，跳过: 25040_W-97B配件_成品检验表_20260718.xlsx
[2026-08-14 20:50:16.857] [WARNING] [ExcelBatchGenerator.GenerateThread] 文件已存在，跳过: 25040_W-97B配件_成品检验表_20260725.xlsx
[2026-08-14 20:50:16.861] [WARNING] [ExcelBatchGenerator.GenerateThread] 文件已存在，跳过: 25040_W-97B配件_成品检验表_20260801.xlsx
[2026-08-14 20:50:16.862] [WARNING] [ExcelBatchGenerator.GenerateThread] 文件已存在，跳过: 25040_W-97B配件_成品检验表_20260808.xlsx
[2026-08-14 20:50:16.862] [WARNING] [ExcelBatchGenerator.GenerateThread] 文件已存在，跳过: 25040_W-97B配件_成品检验表_20260813.xlsx
[2026-08-14 20:50:16.863] [INFO] [ExcelBatchGenerator.GenerateThread] 生成完成，成功 7/7
[2026-08-14 20:50:16.864] [INFO] [ExcelBatchGenerator.MainWindow] 生成完成，成功 7/7
