[2026-08-21 07:40:02.206] [INFO] [ExcelBatchGenerator.MainWindow] 程序启动
[2026-08-21 07:40:02.434] [INFO] [ExcelBatchGenerator.MainWindow] 开始执行自动化任务
[2026-08-21 07:40:02.439] [INFO] [ExcelBatchGenerator.MainWindow] products_str: '24081_夹子硬胶,W-12010_3T1&3T2,W-12010_T1&T2,W-12010_V1&V2,19069_8代滤镜框,25039_W-97B面底壳', products: ['24081_夹子硬胶', 'W-12010_3T1&3T2', 'W-12010_T1&T2', 'W-12010_V1&V2', '19069_8代滤镜框', '25039_W-97B面底壳']
[2026-08-21 07:40:02.451] [INFO] [ExcelBatchGenerator.AutoScheduler] 今日任务: 6 个产品
[2026-08-21 07:40:02.452] [INFO] [ExcelBatchGenerator.MainWindow] tasks 结果: {'24081_夹子硬胶': {'首件': False, '过程': True, '成品': False, 'dates': {'过程': '2026-08-21'}, 'date_ranges': [(datetime.datetime(2026, 8, 6, 0, 0), datetime.datetime(2026, 8, 13, 0, 0)), (datetime.datetime(2026, 8, 17, 0, 0), datetime.datetime(2026, 8, 22, 0, 0))], 'output_dir': ''}, 'W-12010_3T1&3T2': {'首件': False, '过程': True, '成品': False, 'dates': {'过程': '2026-08-21'}, 'date_ranges': [(datetime.datetime(2026, 5, 3, 0, 0), datetime.datetime(2026, 8, 8, 0, 0)), (datetime.datetime(2026, 8, 10, 0, 0), datetime.datetime(2026, 8, 13, 0, 0)), (datetime.datetime(2026, 8, 17, 0, 0), datetime.datetime(2026, 8, 22, 0, 0))], 'output_dir': ''}, 'W-12010_T1&T2': {'首件': False, '过程': True, '成品': False, 'dates': {'过程': '2026-08-21'}, 'date_ranges': [(datetime.datetime(2026, 5, 3, 0, 0), datetime.datetime(2026, 8, 8, 0, 0)), (datetime.datetime(2026, 8, 10, 0, 0), datetime.datetime(2026, 8, 13, 0, 0)), (datetime.datetime(2026, 8, 17, 0, 0), datetime.datetime(2026, 8, 22, 0, 0))], 'output_dir': ''}, 'W-12010_V1&V2': {'首件': False, '过程': True, '成品': False, 'dates': {'过程': '2026-08-21'}, 'date_ranges': [(datetime.datetime(2026, 5, 3, 0, 0), datetime.datetime(2026, 8, 8, 0, 0)), (datetime.datetime(2026, 8, 10, 0, 0), datetime.datetime(2026, 8, 13, 0, 0)), (datetime.datetime(2026, 8, 17, 0, 0), datetime.datetime(2026, 8, 22, 0, 0))], 'output_dir': ''}, '19069_8代滤镜框': {'首件': False, '过程': True, '成品': False, 'dates': {'过程': '2026-08-21'}, 'date_ranges': [(datetime.datetime(2026, 5, 8, 0, 0), datetime.datetime(2026, 5, 19, 0, 0)), (datetime.datetime(2026, 8, 17, 0, 0), datetime.datetime(2026, 8, 22, 0, 0))], 'output_dir': ''}, '25039_W-97B面底壳': {'首件': False, '过程': True, '成品': False, 'dates': {'过程': '2026-08-21'}, 'date_ranges': [(datetime.datetime(2026, 6, 29, 0, 0), datetime.datetime(2026, 8, 8, 0, 0)), (datetime.datetime(2026, 8, 10, 0, 0), datetime.datetime(2026, 8, 13, 0, 0)), (datetime.datetime(2026, 8, 17, 0, 0), datetime.datetime(2026, 8, 22, 0, 0))], 'output_dir': ''}}
[2026-08-21 07:40:02.452] [INFO] [ExcelBatchGenerator.MainWindow] 今日任务: 6 个产品
[2026-08-21 07:40:02.452] [INFO] [ExcelBatchGenerator.MainWindow] 处理产品: 24081_夹子硬胶
[2026-08-21 07:40:03.951] [INFO] [ExcelBatchGenerator.MainWindow] ✓ 已生成: 24081_夹子硬胶_过程检验表_20260821.xlsx
[2026-08-21 07:40:03.951] [INFO] [ExcelBatchGenerator.MainWindow] 处理产品: W-12010_3T1&3T2
[2026-08-21 07:40:04.966] [INFO] [ExcelBatchGenerator.MainWindow] ✓ 已生成: W-12010_3T1&3T2_过程检验表_20260821.xlsx
[2026-08-21 07:40:04.966] [INFO] [ExcelBatchGenerator.MainWindow] 处理产品: W-12010_T1&T2
[2026-08-21 07:40:05.764] [WARNING] [ExcelBatchGenerator.ExcelGenerator] 应用规则 146959ba 失败: month must be in 1..12
[2026-08-21 07:40:06.063] [INFO] [ExcelBatchGenerator.MainWindow] ✓ 已生成: W-12010_T1&T2_过程检验表_20260821.xlsx
[2026-08-21 07:40:06.063] [INFO] [ExcelBatchGenerator.MainWindow] 处理产品: W-12010_V1&V2
[2026-08-21 07:40:07.130] [INFO] [ExcelBatchGenerator.MainWindow] ✓ 已生成: W-12010_V1&V2_过程检验表_20260821.xlsx
[2026-08-21 07:40:07.130] [INFO] [ExcelBatchGenerator.MainWindow] 处理产品: 19069_8代滤镜框
[2026-08-21 07:40:08.171] [INFO] [ExcelBatchGenerator.MainWindow] ✓ 已生成: 19069_8代滤镜框_过程检验表_20260821.xlsx
[2026-08-21 07:40:08.171] [INFO] [ExcelBatchGenerator.MainWindow] 处理产品: 25039_W-97B面底壳
[2026-08-21 07:40:09.390] [INFO] [ExcelBatchGenerator.MainWindow] ✓ 已生成: 25039_W-97B面底壳_过程检验表_20260821.xlsx
[2026-08-21 07:40:10.269] [INFO] [ExcelBatchGenerator.EmailReporter] 邮件已发送: Excel生成报告 - 2026-08-21
[2026-08-21 07:40:10.271] [INFO] [ExcelBatchGenerator.MainWindow] 自动化完成: 成功 6, 失败 0, 跳过 0
[2026-08-21 07:40:10.271] [INFO] [ExcelBatchGenerator.MainWindow] 无界面模式，退出程序
[2026-08-21 11:57:05.041] [INFO] [ExcelBatchGenerator.MainWindow] 程序启动
[2026-08-21 11:57:07.983] [INFO] [ExcelBatchGenerator.MainWindow] 加载模板: W-12010_T1&T2过程检验表模板.xlsx
[2026-08-21 11:57:07.983] [INFO] [ExcelBatchGenerator.MainWindow] 加载配置: W-12010_T1&T2 - 过程
[2026-08-21 11:57:08.051] [INFO] [ExcelBatchGenerator.MainWindow] 加载配置: W-12010_T1&T2 - 过程
[2026-08-21 11:57:08.052] [INFO] [ExcelBatchGenerator.MainWindow] 模板路径已保存: E:/test-shenzhen/文档模板/W-12010/T1&T2/过程检验表/W-12010_T1&T2过程检验表模板.xlsx
[2026-08-21 11:57:25.878] [INFO] [ExcelBatchGenerator.MainWindow] 输出目录已记录: E:/惠州需求-确定版/首件、成品、过程/W-12010/T1&T2/过程检验表
[2026-08-21 11:57:25.879] [INFO] [ExcelBatchGenerator.MainWindow] 开始生成，类型: 过程，共 93 个文件
[2026-08-21 11:57:25.879] [INFO] [ExcelBatchGenerator.GenerateThread] 开始生成，类型: 过程，共 93 个文件
[2026-08-21 11:57:26.097] [INFO] [ExcelBatchGenerator.GenerateThread] ✓ 已生成: W-12010_T1&T2_过程检验表_20260503.xlsx
[2026-08-21 11:57:26.248] [INFO] [ExcelBatchGenerator.GenerateThread] ✓ 已生成: W-12010_T1&T2_过程检验表_20260504.xlsx
[2026-08-21 11:57:26.400] [INFO] [ExcelBatchGenerator.GenerateThread] ✓ 已生成: W-12010_T1&T2_过程检验表_20260505.xlsx
[2026-08-21 11:57:26.548] [INFO] [ExcelBatchGenerator.GenerateThread] ✓ 已生成: W-12010_T1&T2_过程检验表_20260506.xlsx
[2026-08-21 11:57:26.697] [INFO] [ExcelBatchGenerator.GenerateThread] ✓ 已生成: W-12010_T1&T2_过程检验表_20260507.xlsx
[2026-08-21 11:57:26.861] [INFO] [ExcelBatchGenerator.GenerateThread] ✓ 已生成: W-12010_T1&T2_过程检验表_20260508.xlsx
[2026-08-21 11:57:27.070] [INFO] [ExcelBatchGenerator.GenerateThread] ✓ 已生成: W-12010_T1&T2_过程检验表_20260509.xlsx
[2026-08-21 11:57:27.221] [INFO] [ExcelBatchGenerator.GenerateThread] ✓ 已生成: W-12010_T1&T2_过程检验表_20260511.xlsx
[2026-08-21 11:57:27.370] [INFO] [ExcelBatchGenerator.GenerateThread] ✓ 已生成: W-12010_T1&T2_过程检验表_20260512.xlsx
[2026-08-21 11:57:27.555] [INFO] [ExcelBatchGenerator.GenerateThread] ✓ 已生成: W-12010_T1&T2_过程检验表_20260513.xlsx
[2026-08-21 11:57:27.719] [INFO] [ExcelBatchGenerator.GenerateThread] ✓ 已生成: W-12010_T1&T2_过程检验表_20260514.xlsx
[2026-08-21 11:57:27.891] [INFO] [ExcelBatchGenerator.GenerateThread] ✓ 已生成: W-12010_T1&T2_过程检验表_20260515.xlsx
[2026-08-21 11:57:28.063] [INFO] [ExcelBatchGenerator.GenerateThread] ✓ 已生成: W-12010_T1&T2_过程检验表_20260516.xlsx
[2026-08-21 11:57:28.205] [INFO] [ExcelBatchGenerator.GenerateThread] ✓ 已生成: W-12010_T1&T2_过程检验表_20260518.xlsx
[2026-08-21 11:57:28.376] [INFO] [ExcelBatchGenerator.GenerateThread] ✓ 已生成: W-12010_T1&T2_过程检验表_20260519.xlsx
[2026-08-21 11:57:28.545] [INFO] [ExcelBatchGenerator.GenerateThread] ✓ 已生成: W-12010_T1&T2_过程检验表_20260520.xlsx
[2026-08-21 11:57:28.691] [INFO] [ExcelBatchGenerator.GenerateThread] ✓ 已生成: W-12010_T1&T2_过程检验表_20260521.xlsx
[2026-08-21 11:57:28.855] [INFO] [ExcelBatchGenerator.GenerateThread] ✓ 已生成: W-12010_T1&T2_过程检验表_20260522.xlsx
[2026-08-21 11:57:29.068] [INFO] [ExcelBatchGenerator.GenerateThread] ✓ 已生成: W-12010_T1&T2_过程检验表_20260523.xlsx
[2026-08-21 11:57:29.224] [INFO] [ExcelBatchGenerator.GenerateThread] ✓ 已生成: W-12010_T1&T2_过程检验表_20260525.xlsx
[2026-08-21 11:57:29.382] [INFO] [ExcelBatchGenerator.GenerateThread] ✓ 已生成: W-12010_T1&T2_过程检验表_20260526.xlsx
[2026-08-21 11:57:29.547] [INFO] [ExcelBatchGenerator.GenerateThread] ✓ 已生成: W-12010_T1&T2_过程检验表_20260527.xlsx
[2026-08-21 11:57:29.709] [INFO] [ExcelBatchGenerator.GenerateThread] ✓ 已生成: W-12010_T1&T2_过程检验表_20260528.xlsx
[2026-08-21 11:57:29.857] [INFO] [ExcelBatchGenerator.GenerateThread] ✓ 已生成: W-12010_T1&T2_过程检验表_20260529.xlsx
[2026-08-21 11:57:30.032] [INFO] [ExcelBatchGenerator.GenerateThread] ✓ 已生成: W-12010_T1&T2_过程检验表_20260530.xlsx
[2026-08-21 11:57:30.186] [INFO] [ExcelBatchGenerator.GenerateThread] ✓ 已生成: W-12010_T1&T2_过程检验表_20260601.xlsx
[2026-08-21 11:57:30.356] [INFO] [ExcelBatchGenerator.GenerateThread] ✓ 已生成: W-12010_T1&T2_过程检验表_20260602.xlsx
[2026-08-21 11:57:30.524] [INFO] [ExcelBatchGenerator.GenerateThread] ✓ 已生成: W-12010_T1&T2_过程检验表_20260603.xlsx
[2026-08-21 11:57:30.666] [INFO] [ExcelBatchGenerator.GenerateThread] ✓ 已生成: W-12010_T1&T2_过程检验表_20260604.xlsx
[2026-08-21 11:57:30.830] [INFO] [ExcelBatchGenerator.GenerateThread] ✓ 已生成: W-12010_T1&T2_过程检验表_20260605.xlsx
[2026-08-21 11:57:31.014] [INFO] [ExcelBatchGenerator.GenerateThread] ✓ 已生成: W-12010_T1&T2_过程检验表_20260606.xlsx
[2026-08-21 11:57:31.164] [INFO] [ExcelBatchGenerator.GenerateThread] ✓ 已生成: W-12010_T1&T2_过程检验表_20260608.xlsx
[2026-08-21 11:57:31.337] [INFO] [ExcelBatchGenerator.GenerateThread] ✓ 已生成: W-12010_T1&T2_过程检验表_20260609.xlsx
[2026-08-21 11:57:31.544] [INFO] [ExcelBatchGenerator.GenerateThread] ✓ 已生成: W-12010_T1&T2_过程检验表_20260610.xlsx
[2026-08-21 11:57:31.715] [INFO] [ExcelBatchGenerator.GenerateThread] ✓ 已生成: W-12010_T1&T2_过程检验表_20260611.xlsx
[2026-08-21 11:57:31.892] [INFO] [ExcelBatchGenerator.GenerateThread] ✓ 已生成: W-12010_T1&T2_过程检验表_20260612.xlsx
[2026-08-21 11:57:32.098] [INFO] [ExcelBatchGenerator.GenerateThread] ✓ 已生成: W-12010_T1&T2_过程检验表_20260613.xlsx
[2026-08-21 11:57:32.274] [INFO] [ExcelBatchGenerator.GenerateThread] ✓ 已生成: W-12010_T1&T2_过程检验表_20260615.xlsx
[2026-08-21 11:57:32.472] [INFO] [ExcelBatchGenerator.GenerateThread] ✓ 已生成: W-12010_T1&T2_过程检验表_20260616.xlsx
[2026-08-21 11:57:32.632] [INFO] [ExcelBatchGenerator.GenerateThread] ✓ 已生成: W-12010_T1&T2_过程检验表_20260617.xlsx
[2026-08-21 11:57:32.784] [INFO] [ExcelBatchGenerator.GenerateThread] ✓ 已生成: W-12010_T1&T2_过程检验表_20260618.xlsx
[2026-08-21 11:57:32.945] [INFO] [ExcelBatchGenerator.GenerateThread] ✓ 已生成: W-12010_T1&T2_过程检验表_20260621.xlsx
[2026-08-21 11:57:33.122] [INFO] [ExcelBatchGenerator.GenerateThread] ✓ 已生成: W-12010_T1&T2_过程检验表_20260622.xlsx
[2026-08-21 11:57:33.267] [INFO] [ExcelBatchGenerator.GenerateThread] ✓ 已生成: W-12010_T1&T2_过程检验表_20260623.xlsx
[2026-08-21 11:57:33.463] [INFO] [ExcelBatchGenerator.GenerateThread] ✓ 已生成: W-12010_T1&T2_过程检验表_20260624.xlsx
[2026-08-21 11:57:33.613] [INFO] [ExcelBatchGenerator.GenerateThread] ✓ 已生成: W-12010_T1&T2_过程检验表_20260625.xlsx
[2026-08-21 11:57:33.758] [INFO] [ExcelBatchGenerator.GenerateThread] ✓ 已生成: W-12010_T1&T2_过程检验表_20260626.xlsx
[2026-08-21 11:57:33.946] [INFO] [ExcelBatchGenerator.GenerateThread] ✓ 已生成: W-12010_T1&T2_过程检验表_20260627.xlsx
[2026-08-21 11:57:34.107] [INFO] [ExcelBatchGenerator.GenerateThread] ✓ 已生成: W-12010_T1&T2_过程检验表_20260629.xlsx
[2026-08-21 11:57:34.274] [INFO] [ExcelBatchGenerator.GenerateThread] ✓ 已生成: W-12010_T1&T2_过程检验表_20260630.xlsx
[2026-08-21 11:57:34.472] [INFO] [ExcelBatchGenerator.GenerateThread] ✓ 已生成: W-12010_T1&T2_过程检验表_20260701.xlsx
[2026-08-21 11:57:34.627] [INFO] [ExcelBatchGenerator.GenerateThread] ✓ 已生成: W-12010_T1&T2_过程检验表_20260702.xlsx
[2026-08-21 11:57:34.776] [INFO] [ExcelBatchGenerator.GenerateThread] ✓ 已生成: W-12010_T1&T2_过程检验表_20260703.xlsx
[2026-08-21 11:57:34.930] [INFO] [ExcelBatchGenerator.GenerateThread] ✓ 已生成: W-12010_T1&T2_过程检验表_20260704.xlsx
[2026-08-21 11:57:35.091] [INFO] [ExcelBatchGenerator.GenerateThread] ✓ 已生成: W-12010_T1&T2_过程检验表_20260706.xlsx
[2026-08-21 11:57:35.261] [INFO] [ExcelBatchGenerator.GenerateThread] ✓ 已生成: W-12010_T1&T2_过程检验表_20260707.xlsx
[2026-08-21 11:57:35.453] [INFO] [ExcelBatchGenerator.GenerateThread] ✓ 已生成: W-12010_T1&T2_过程检验表_20260708.xlsx
[2026-08-21 11:57:35.608] [INFO] [ExcelBatchGenerator.GenerateThread] ✓ 已生成: W-12010_T1&T2_过程检验表_20260709.xlsx
[2026-08-21 11:57:35.772] [INFO] [ExcelBatchGenerator.GenerateThread] ✓ 已生成: W-12010_T1&T2_过程检验表_20260712.xlsx
[2026-08-21 11:57:35.947] [INFO] [ExcelBatchGenerator.GenerateThread] ✓ 已生成: W-12010_T1&T2_过程检验表_20260713.xlsx
[2026-08-21 11:57:36.098] [INFO] [ExcelBatchGenerator.GenerateThread] ✓ 已生成: W-12010_T1&T2_过程检验表_20260714.xlsx
[2026-08-21 11:57:36.252] [INFO] [ExcelBatchGenerator.GenerateThread] ✓ 已生成: W-12010_T1&T2_过程检验表_20260715.xlsx
[2026-08-21 11:57:36.404] [INFO] [ExcelBatchGenerator.GenerateThread] ✓ 已生成: W-12010_T1&T2_过程检验表_20260716.xlsx
[2026-08-21 11:57:36.571] [INFO] [ExcelBatchGenerator.GenerateThread] ✓ 已生成: W-12010_T1&T2_过程检验表_20260717.xlsx
[2026-08-21 11:57:36.722] [INFO] [ExcelBatchGenerator.GenerateThread] ✓ 已生成: W-12010_T1&T2_过程检验表_20260718.xlsx
[2026-08-21 11:57:36.888] [INFO] [ExcelBatchGenerator.GenerateThread] ✓ 已生成: W-12010_T1&T2_过程检验表_20260720.xlsx
[2026-08-21 11:57:37.059] [INFO] [ExcelBatchGenerator.GenerateThread] ✓ 已生成: W-12010_T1&T2_过程检验表_20260721.xlsx
[2026-08-21 11:57:37.223] [INFO] [ExcelBatchGenerator.GenerateThread] ✓ 已生成: W-12010_T1&T2_过程检验表_20260722.xlsx
[2026-08-21 11:57:37.371] [INFO] [ExcelBatchGenerator.GenerateThread] ✓ 已生成: W-12010_T1&T2_过程检验表_20260723.xlsx
[2026-08-21 11:57:37.552] [INFO] [ExcelBatchGenerator.GenerateThread] ✓ 已生成: W-12010_T1&T2_过程检验表_20260724.xlsx
[2026-08-21 11:57:37.700] [INFO] [ExcelBatchGenerator.GenerateThread] ✓ 已生成: W-12010_T1&T2_过程检验表_20260725.xlsx
[2026-08-21 11:57:37.869] [INFO] [ExcelBatchGenerator.GenerateThread] ✓ 已生成: W-12010_T1&T2_过程检验表_20260727.xlsx
[2026-08-21 11:57:38.053] [INFO] [ExcelBatchGenerator.GenerateThread] ✓ 已生成: W-12010_T1&T2_过程检验表_20260728.xlsx
[2026-08-21 11:57:38.198] [INFO] [ExcelBatchGenerator.GenerateThread] ✓ 已生成: W-12010_T1&T2_过程检验表_20260729.xlsx
[2026-08-21 11:57:38.348] [INFO] [ExcelBatchGenerator.GenerateThread] ✓ 已生成: W-12010_T1&T2_过程检验表_20260730.xlsx
[2026-08-21 11:57:38.523] [INFO] [ExcelBatchGenerator.GenerateThread] ✓ 已生成: W-12010_T1&T2_过程检验表_20260731.xlsx
[2026-08-21 11:57:38.673] [INFO] [ExcelBatchGenerator.GenerateThread] ✓ 已生成: W-12010_T1&T2_过程检验表_20260801.xlsx
[2026-08-21 11:57:38.818] [INFO] [ExcelBatchGenerator.GenerateThread] ✓ 已生成: W-12010_T1&T2_过程检验表_20260803.xlsx
[2026-08-21 11:57:38.978] [INFO] [ExcelBatchGenerator.GenerateThread] ✓ 已生成: W-12010_T1&T2_过程检验表_20260804.xlsx
[2026-08-21 11:57:39.132] [INFO] [ExcelBatchGenerator.GenerateThread] ✓ 已生成: W-12010_T1&T2_过程检验表_20260805.xlsx
[2026-08-21 11:57:39.281] [INFO] [ExcelBatchGenerator.GenerateThread] ✓ 已生成: W-12010_T1&T2_过程检验表_20260806.xlsx
[2026-08-21 11:57:39.432] [INFO] [ExcelBatchGenerator.GenerateThread] ✓ 已生成: W-12010_T1&T2_过程检验表_20260807.xlsx
[2026-08-21 11:57:39.592] [INFO] [ExcelBatchGenerator.GenerateThread] ✓ 已生成: W-12010_T1&T2_过程检验表_20260808.xlsx
[2026-08-21 11:57:39.738] [INFO] [ExcelBatchGenerator.GenerateThread] ✓ 已生成: W-12010_T1&T2_过程检验表_20260810.xlsx
[2026-08-21 11:57:39.884] [INFO] [ExcelBatchGenerator.GenerateThread] ✓ 已生成: W-12010_T1&T2_过程检验表_20260811.xlsx
[2026-08-21 11:57:40.057] [INFO] [ExcelBatchGenerator.GenerateThread] ✓ 已生成: W-12010_T1&T2_过程检验表_20260812.xlsx
[2026-08-21 11:57:40.203] [INFO] [ExcelBatchGenerator.GenerateThread] ✓ 已生成: W-12010_T1&T2_过程检验表_20260813.xlsx
[2026-08-21 11:57:40.359] [INFO] [ExcelBatchGenerator.GenerateThread] ✓ 已生成: W-12010_T1&T2_过程检验表_20260817.xlsx
[2026-08-21 11:57:40.524] [INFO] [ExcelBatchGenerator.GenerateThread] ✓ 已生成: W-12010_T1&T2_过程检验表_20260818.xlsx
[2026-08-21 11:57:40.673] [INFO] [ExcelBatchGenerator.GenerateThread] ✓ 已生成: W-12010_T1&T2_过程检验表_20260819.xlsx
[2026-08-21 11:57:40.822] [INFO] [ExcelBatchGenerator.GenerateThread] ✓ 已生成: W-12010_T1&T2_过程检验表_20260820.xlsx
[2026-08-21 11:57:41.004] [INFO] [ExcelBatchGenerator.GenerateThread] ✓ 已生成: W-12010_T1&T2_过程检验表_20260821.xlsx
[2026-08-21 11:57:41.150] [INFO] [ExcelBatchGenerator.GenerateThread] ✓ 已生成: W-12010_T1&T2_过程检验表_20260822.xlsx
[2026-08-21 11:57:41.150] [INFO] [ExcelBatchGenerator.GenerateThread] 生成完成，成功 93/93
[2026-08-21 11:57:41.152] [INFO] [ExcelBatchGenerator.MainWindow] 生成完成，成功 93/93
[2026-08-21 14:55:35.774] [INFO] [ExcelBatchGenerator.MainWindow] 程序启动
[2026-08-21 15:40:17.976] [INFO] [ExcelBatchGenerator.MainWindow] 程序启动
[2026-08-21 15:58:22.715] [INFO] [ExcelBatchGenerator.MainWindow] 程序启动
[2026-08-21 16:10:13.007] [INFO] [ExcelBatchGenerator.MainWindow] 程序启动
[2026-08-21 16:10:31.580] [INFO] [ExcelBatchGenerator.AutoConfigWindow] 用户选择保持现状，暂不同步
[2026-08-21 16:10:40.619] [INFO] [ExcelBatchGenerator.AutoConfigWindow] 用户选择统一工期: 首件 [['2026-08-06', '2026-08-13'], ['2026-08-17', '2026-08-22']]
[2026-08-21 19:03:45.065] [INFO] [ExcelBatchGenerator.MainWindow] 程序启动
[2026-08-21 19:06:01.928] [INFO] [ExcelBatchGenerator.MainWindow] 程序启动
[2026-08-21 19:07:02.009] [INFO] [ExcelBatchGenerator.MainWindow] 程序启动
[2026-08-21 19:07:39.849] [INFO] [ExcelBatchGenerator.MainWindow] 加载模板: 15024_W-102面底壳过程检验表模板.xlsx
[2026-08-21 19:07:39.850] [INFO] [ExcelBatchGenerator.MainWindow] 加载配置: 15024_W-102面底壳 - 过程
[2026-08-21 19:07:39.954] [INFO] [ExcelBatchGenerator.MainWindow] 加载配置: 15024_W-102面底壳 - 过程
[2026-08-21 19:07:39.954] [INFO] [ExcelBatchGenerator.MainWindow] 模板路径已保存: E:/test-shenzhen/文档模板/W-102/15024/过程检验表/15024_W-102面底壳过程检验表模板.xlsx
[2026-08-21 19:07:51.953] [INFO] [ExcelBatchGenerator.MainWindow] === 打开规则生成器 ===
[2026-08-21 19:07:51.953] [INFO] [ExcelBatchGenerator.MainWindow] 模板路径: E:/test-shenzhen/文档模板/W-102/15024/过程检验表/15024_W-102面底壳过程检验表模板.xlsx
[2026-08-21 19:07:51.953] [INFO] [ExcelBatchGenerator.MainWindow] 创建 RuleGeneratorDialog...
[2026-08-21 19:07:52.090] [INFO] [ExcelBatchGenerator.RuleGenerator] ==================================================
[2026-08-21 19:07:52.091] [INFO] [ExcelBatchGenerator.RuleGenerator] 规则生成器启动
[2026-08-21 19:07:52.091] [INFO] [ExcelBatchGenerator.RuleGenerator]   模板路径: E:/test-shenzhen/文档模板/W-102/15024/过程检验表/15024_W-102面底壳过程检验表模板.xlsx
[2026-08-21 19:07:52.091] [INFO] [ExcelBatchGenerator.RuleGenerator]   产品名称: 15024_W-102面底壳
[2026-08-21 19:07:52.091] [INFO] [ExcelBatchGenerator.RuleGenerator]   模板类型: 过程
[2026-08-21 19:07:52.091] [INFO] [ExcelBatchGenerator.RuleGenerator] ==================================================
[2026-08-21 19:07:52.091] [INFO] [ExcelBatchGenerator.RuleGenerator] 初始化 UI...
[2026-08-21 19:07:52.099] [INFO] [ExcelBatchGenerator.RuleGenerator] UI 初始化完成
[2026-08-21 19:07:52.099] [INFO] [ExcelBatchGenerator.RuleGenerator] 切换到按列匹配模式
[2026-08-21 19:07:52.099] [INFO] [ExcelBatchGenerator.RuleGenerator] 自动切换到按列匹配模式（过程模板）
[2026-08-21 19:07:52.100] [INFO] [ExcelBatchGenerator.RuleGenerator] 开始加载 Excel...
[2026-08-21 19:07:52.100] [INFO] [ExcelBatchGenerator.RuleGenerator] load_excel: 开始
[2026-08-21 19:07:52.100] [INFO] [ExcelBatchGenerator.RuleGenerator] 使用 win32com 加载: E:/test-shenzhen/文档模板/W-102/15024/过程检验表/15024_W-102面底壳过程检验表模板.xlsx
[2026-08-21 19:07:52.100] [INFO] [ExcelBatchGenerator.RuleGenerator] 启动 Excel 应用程序...
[2026-08-21 19:07:52.103] [INFO] [ExcelBatchGenerator.RuleGenerator] Excel 已启动
[2026-08-21 19:07:52.103] [INFO] [ExcelBatchGenerator.RuleGenerator] 打开工作簿: E:/test-shenzhen/文档模板/W-102/15024/过程检验表/15024_W-102面底壳过程检验表模板.xlsx
[2026-08-21 19:07:52.142] [INFO] [ExcelBatchGenerator.RuleGenerator] 工作簿已打开
[2026-08-21 19:07:52.148] [INFO] [ExcelBatchGenerator.RuleGenerator] 共 2 个工作表: ['按时检验记录', '过程尺寸检验记录']
[2026-08-21 19:07:52.149] [INFO] [ExcelBatchGenerator.RuleGenerator] _load_sheet_data: 加载工作表 按时检验记录
[2026-08-21 19:07:53.025] [INFO] [ExcelBatchGenerator.RuleGenerator] 通过遍历方式获取到 21 个合并区域
[2026-08-21 19:07:53.025] [INFO] [ExcelBatchGenerator.RuleGenerator] 检测到 21 个合并区域
[2026-08-21 19:07:53.776] [INFO] [ExcelBatchGenerator.RuleGenerator] 实际数据范围: 17 行, 17 列
[2026-08-21 19:07:53.776] [INFO] [ExcelBatchGenerator.RuleGenerator] _populate_table_from_win32: 开始填充 17x17
[2026-08-21 19:07:53.779] [INFO] [ExcelBatchGenerator.RuleGenerator] 读取单元格数据...
[2026-08-21 19:07:54.661] [INFO] [ExcelBatchGenerator.RuleGenerator] 单元格数据读取完成
[2026-08-21 19:07:54.663] [INFO] [ExcelBatchGenerator.RuleGenerator] 已应用 21 个合并区域
[2026-08-21 19:07:54.663] [INFO] [ExcelBatchGenerator.RuleGenerator] _populate_table_from_win32: 完成
[2026-08-21 19:07:54.673] [INFO] [ExcelBatchGenerator.RuleGenerator] load_excel: 完成
[2026-08-21 19:07:54.673] [INFO] [ExcelBatchGenerator.MainWindow] 对话框已创建，开始执行...
[2026-08-21 19:08:07.062] [INFO] [ExcelBatchGenerator.MainWindow] 对话框已关闭
[2026-08-21 19:40:37.711] [INFO] [ExcelBatchGenerator.MainWindow] 程序启动
[2026-08-21 19:42:51.318] [INFO] [ExcelBatchGenerator.MainWindow] 程序启动
[2026-08-21 19:42:58.801] [INFO] [ExcelBatchGenerator.MainWindow] 加载模板: 15024_W-102面底壳过程检验表模板.xlsx
[2026-08-21 19:42:58.801] [INFO] [ExcelBatchGenerator.MainWindow] 加载配置: 15024_W-102面底壳 - 过程
[2026-08-21 19:42:58.889] [INFO] [ExcelBatchGenerator.MainWindow] 加载配置: 15024_W-102面底壳 - 过程
[2026-08-21 19:42:58.890] [INFO] [ExcelBatchGenerator.MainWindow] 模板路径已保存: E:/test-shenzhen/文档模板/W-102/15024/过程检验表/15024_W-102面底壳过程检验表模板.xlsx
[2026-08-21 19:43:04.477] [INFO] [ExcelBatchGenerator.RuleGenerator] ==================================================
[2026-08-21 19:43:04.477] [INFO] [ExcelBatchGenerator.RuleGenerator] 规则生成器启动
[2026-08-21 19:43:04.477] [INFO] [ExcelBatchGenerator.RuleGenerator]   模板路径: E:/test-shenzhen/文档模板/W-102/15024/过程检验表/15024_W-102面底壳过程检验表模板.xlsx
[2026-08-21 19:43:04.477] [INFO] [ExcelBatchGenerator.RuleGenerator]   产品名称: 15024_W-102面底壳
[2026-08-21 19:43:04.477] [INFO] [ExcelBatchGenerator.RuleGenerator]   模板类型: 
[2026-08-21 19:43:04.477] [INFO] [ExcelBatchGenerator.RuleGenerator] ==================================================
[2026-08-21 19:43:04.478] [INFO] [ExcelBatchGenerator.RuleGenerator] 初始化 UI...
[2026-08-21 19:43:04.480] [INFO] [ExcelBatchGenerator.RuleGenerator] UI 初始化完成
[2026-08-21 19:43:04.481] [INFO] [ExcelBatchGenerator.RuleGenerator] 自动切换到按行匹配模式（首件/成品模板）
[2026-08-21 19:43:04.481] [INFO] [ExcelBatchGenerator.RuleGenerator] 开始加载 Excel...
[2026-08-21 19:43:04.481] [INFO] [ExcelBatchGenerator.RuleGenerator] load_excel: 开始
[2026-08-21 19:43:04.481] [INFO] [ExcelBatchGenerator.RuleGenerator] 使用 win32com 加载: E:/test-shenzhen/文档模板/W-102/15024/过程检验表/15024_W-102面底壳过程检验表模板.xlsx
[2026-08-21 19:43:04.481] [INFO] [ExcelBatchGenerator.RuleGenerator] 启动 Excel 应用程序...
[2026-08-21 19:43:04.485] [INFO] [ExcelBatchGenerator.RuleGenerator] Excel 已启动
[2026-08-21 19:43:04.485] [INFO] [ExcelBatchGenerator.RuleGenerator] 打开工作簿: E:/test-shenzhen/文档模板/W-102/15024/过程检验表/15024_W-102面底壳过程检验表模板.xlsx
[2026-08-21 19:43:04.523] [INFO] [ExcelBatchGenerator.RuleGenerator] 工作簿已打开
[2026-08-21 19:43:04.531] [INFO] [ExcelBatchGenerator.RuleGenerator] 共 2 个工作表: ['按时检验记录', '过程尺寸检验记录']
[2026-08-21 19:43:04.532] [INFO] [ExcelBatchGenerator.RuleGenerator] _load_sheet_data: 加载工作表 按时检验记录
[2026-08-21 19:43:05.397] [INFO] [ExcelBatchGenerator.RuleGenerator] 通过遍历方式获取到 21 个合并区域
[2026-08-21 19:43:05.397] [INFO] [ExcelBatchGenerator.RuleGenerator] 检测到 21 个合并区域
[2026-08-21 19:43:06.153] [INFO] [ExcelBatchGenerator.RuleGenerator] 实际数据范围: 17 行, 17 列
[2026-08-21 19:43:06.153] [INFO] [ExcelBatchGenerator.RuleGenerator] _populate_table_from_win32: 开始填充 17x17
[2026-08-21 19:43:06.157] [INFO] [ExcelBatchGenerator.RuleGenerator] 读取单元格数据...
[2026-08-21 19:43:07.011] [INFO] [ExcelBatchGenerator.RuleGenerator] 单元格数据读取完成
[2026-08-21 19:43:07.014] [INFO] [ExcelBatchGenerator.RuleGenerator] 已应用 21 个合并区域
[2026-08-21 19:43:07.014] [INFO] [ExcelBatchGenerator.RuleGenerator] _populate_table_from_win32: 完成
[2026-08-21 19:43:07.023] [INFO] [ExcelBatchGenerator.RuleGenerator] load_excel: 完成
[2026-08-21 19:43:12.616] [INFO] [ExcelBatchGenerator.RuleGenerator] _load_sheet_data: 加载工作表 过程尺寸检验记录
[2026-08-21 19:43:13.092] [INFO] [ExcelBatchGenerator.RuleGenerator] 通过遍历方式获取到 10 个合并区域
[2026-08-21 19:43:13.093] [INFO] [ExcelBatchGenerator.RuleGenerator] 检测到 10 个合并区域
[2026-08-21 19:43:13.857] [INFO] [ExcelBatchGenerator.RuleGenerator] 实际数据范围: 18 行, 13 列
[2026-08-21 19:43:13.857] [INFO] [ExcelBatchGenerator.RuleGenerator] _populate_table_from_win32: 开始填充 18x13
[2026-08-21 19:43:13.857] [INFO] [ExcelBatchGenerator.RuleGenerator] 读取单元格数据...
[2026-08-21 19:43:14.781] [INFO] [ExcelBatchGenerator.RuleGenerator] 单元格数据读取完成
[2026-08-21 19:43:14.783] [INFO] [ExcelBatchGenerator.RuleGenerator] 已应用 10 个合并区域
[2026-08-21 19:43:14.783] [INFO] [ExcelBatchGenerator.RuleGenerator] _populate_table_from_win32: 完成
[2026-08-21 19:43:14.787] [INFO] [ExcelBatchGenerator.RuleGenerator] 切换到工作表: 过程尺寸检验记录
[2026-08-21 19:44:02.052] [INFO] [ExcelBatchGenerator.RuleGenerator] generate_rules: 开始
[2026-08-21 19:44:02.052] [INFO] [ExcelBatchGenerator.RuleGenerator] 参考行: 1 个, 目标单元格: 80 个
[2026-08-21 19:44:02.053] [INFO] [ExcelBatchGenerator.RuleGenerator] generate_rules: 完成，共 0 条规则
[2026-08-21 19:44:10.991] [INFO] [ExcelBatchGenerator.RuleGenerator] generate_rules: 开始
[2026-08-21 19:44:10.991] [INFO] [ExcelBatchGenerator.RuleGenerator] 参考行: 1 个, 目标单元格: 80 个
[2026-08-21 19:44:10.992] [INFO] [ExcelBatchGenerator.RuleGenerator] generate_rules: 完成，共 0 条规则
[2026-08-21 19:44:22.413] [INFO] [ExcelBatchGenerator.RuleGenerator] 切换到按列匹配模式
[2026-08-21 19:44:28.676] [INFO] [ExcelBatchGenerator.RuleGenerator] generate_rules: 开始
[2026-08-21 19:44:28.676] [INFO] [ExcelBatchGenerator.RuleGenerator] 参考列: 8 个, 目标单元格: 80 个
[2026-08-21 19:44:28.677] [INFO] [ExcelBatchGenerator.RuleGenerator] generate_rules: 完成，共 8 条规则
[2026-08-21 19:44:31.724] [INFO] [ExcelBatchGenerator.RuleGenerator] import_rules: 开始
[2026-08-21 19:44:31.724] [INFO] [ExcelBatchGenerator.RuleGenerator] 主程序现有规则: 0 条
[2026-08-21 19:44:32.960] [INFO] [ExcelBatchGenerator.RuleGenerator] import_rules: 完成，导入 8 条，跳过 0 条
[2026-08-21 19:44:40.722] [INFO] [ExcelBatchGenerator.MainWindow] 输出目录已记录: E:/test-shenzhen
[2026-08-21 19:44:40.724] [INFO] [ExcelBatchGenerator.MainWindow] 开始生成，类型: 过程，共 1 个文件
[2026-08-21 19:44:40.725] [INFO] [ExcelBatchGenerator.GenerateThread] 开始生成，类型: 过程，共 1 个文件
[2026-08-21 19:44:40.913] [INFO] [ExcelBatchGenerator.GenerateThread] ✓ 已生成: 15024_W-102面底壳_过程检验表_20260821.xlsx
[2026-08-21 19:44:40.913] [INFO] [ExcelBatchGenerator.GenerateThread] 生成完成，成功 1/1
[2026-08-21 19:44:40.915] [INFO] [ExcelBatchGenerator.MainWindow] 生成完成，成功 1/1
[2026-08-21 19:45:17.263] [INFO] [ExcelBatchGenerator.RuleGenerator] ==================================================
[2026-08-21 19:45:17.263] [INFO] [ExcelBatchGenerator.RuleGenerator] 规则生成器启动
[2026-08-21 19:45:17.263] [INFO] [ExcelBatchGenerator.RuleGenerator]   模板路径: E:/test-shenzhen/文档模板/W-102/15024/过程检验表/15024_W-102面底壳过程检验表模板.xlsx
[2026-08-21 19:45:17.264] [INFO] [ExcelBatchGenerator.RuleGenerator]   产品名称: 15024_W-102面底壳
[2026-08-21 19:45:17.264] [INFO] [ExcelBatchGenerator.RuleGenerator]   模板类型: 
[2026-08-21 19:45:17.264] [INFO] [ExcelBatchGenerator.RuleGenerator] ==================================================
[2026-08-21 19:45:17.264] [INFO] [ExcelBatchGenerator.RuleGenerator] 初始化 UI...
[2026-08-21 19:45:17.268] [INFO] [ExcelBatchGenerator.RuleGenerator] UI 初始化完成
[2026-08-21 19:45:17.269] [INFO] [ExcelBatchGenerator.RuleGenerator] 自动切换到按行匹配模式（首件/成品模板）
[2026-08-21 19:45:17.269] [INFO] [ExcelBatchGenerator.RuleGenerator] 开始加载 Excel...
[2026-08-21 19:45:17.269] [INFO] [ExcelBatchGenerator.RuleGenerator] load_excel: 开始
[2026-08-21 19:45:17.269] [INFO] [ExcelBatchGenerator.RuleGenerator] 使用 win32com 加载: E:/test-shenzhen/文档模板/W-102/15024/过程检验表/15024_W-102面底壳过程检验表模板.xlsx
[2026-08-21 19:45:17.269] [INFO] [ExcelBatchGenerator.RuleGenerator] 启动 Excel 应用程序...
[2026-08-21 19:45:17.273] [INFO] [ExcelBatchGenerator.RuleGenerator] Excel 已启动
[2026-08-21 19:45:17.273] [INFO] [ExcelBatchGenerator.RuleGenerator] 打开工作簿: E:/test-shenzhen/文档模板/W-102/15024/过程检验表/15024_W-102面底壳过程检验表模板.xlsx
[2026-08-21 19:45:17.358] [INFO] [ExcelBatchGenerator.RuleGenerator] 工作簿已打开
[2026-08-21 19:45:17.365] [INFO] [ExcelBatchGenerator.RuleGenerator] 共 2 个工作表: ['按时检验记录', '过程尺寸检验记录']
[2026-08-21 19:45:17.366] [INFO] [ExcelBatchGenerator.RuleGenerator] _load_sheet_data: 加载工作表 按时检验记录
[2026-08-21 19:45:18.003] [INFO] [ExcelBatchGenerator.RuleGenerator] 通过遍历方式获取到 21 个合并区域
[2026-08-21 19:45:18.003] [INFO] [ExcelBatchGenerator.RuleGenerator] 检测到 21 个合并区域
[2026-08-21 19:45:18.674] [INFO] [ExcelBatchGenerator.RuleGenerator] 实际数据范围: 17 行, 17 列
[2026-08-21 19:45:18.674] [INFO] [ExcelBatchGenerator.RuleGenerator] _populate_table_from_win32: 开始填充 17x17
[2026-08-21 19:45:18.676] [INFO] [ExcelBatchGenerator.RuleGenerator] 读取单元格数据...
[2026-08-21 19:45:19.479] [INFO] [ExcelBatchGenerator.RuleGenerator] 单元格数据读取完成
[2026-08-21 19:45:19.484] [INFO] [ExcelBatchGenerator.RuleGenerator] 已应用 21 个合并区域
[2026-08-21 19:45:19.484] [INFO] [ExcelBatchGenerator.RuleGenerator] _populate_table_from_win32: 完成
[2026-08-21 19:45:19.491] [INFO] [ExcelBatchGenerator.RuleGenerator] load_excel: 完成
[2026-08-21 19:45:21.950] [INFO] [ExcelBatchGenerator.RuleGenerator] _load_sheet_data: 加载工作表 过程尺寸检验记录
[2026-08-21 19:45:22.405] [INFO] [ExcelBatchGenerator.RuleGenerator] 通过遍历方式获取到 10 个合并区域
[2026-08-21 19:45:22.405] [INFO] [ExcelBatchGenerator.RuleGenerator] 检测到 10 个合并区域
[2026-08-21 19:45:22.977] [INFO] [ExcelBatchGenerator.RuleGenerator] 实际数据范围: 18 行, 13 列
[2026-08-21 19:45:22.977] [INFO] [ExcelBatchGenerator.RuleGenerator] _populate_table_from_win32: 开始填充 18x13
[2026-08-21 19:45:22.977] [INFO] [ExcelBatchGenerator.RuleGenerator] 读取单元格数据...
[2026-08-21 19:45:23.650] [INFO] [ExcelBatchGenerator.RuleGenerator] 单元格数据读取完成
[2026-08-21 19:45:23.652] [INFO] [ExcelBatchGenerator.RuleGenerator] 已应用 10 个合并区域
[2026-08-21 19:45:23.652] [INFO] [ExcelBatchGenerator.RuleGenerator] _populate_table_from_win32: 完成
[2026-08-21 19:45:23.655] [INFO] [ExcelBatchGenerator.RuleGenerator] 切换到工作表: 过程尺寸检验记录
[2026-08-21 19:45:29.862] [INFO] [ExcelBatchGenerator.RuleGenerator] 规则生成器关闭
[2026-08-21 19:45:47.997] [INFO] [ExcelBatchGenerator.RuleGenerator] ==================================================
[2026-08-21 19:45:47.998] [INFO] [ExcelBatchGenerator.RuleGenerator] 规则生成器启动
[2026-08-21 19:45:47.998] [INFO] [ExcelBatchGenerator.RuleGenerator]   模板路径: E:/test-shenzhen/文档模板/W-102/15024/过程检验表/15024_W-102面底壳过程检验表模板.xlsx
[2026-08-21 19:45:47.998] [INFO] [ExcelBatchGenerator.RuleGenerator]   产品名称: 15024_W-102面底壳
[2026-08-21 19:45:47.998] [INFO] [ExcelBatchGenerator.RuleGenerator]   模板类型: 
[2026-08-21 19:45:47.999] [INFO] [ExcelBatchGenerator.RuleGenerator] ==================================================
[2026-08-21 19:45:47.999] [INFO] [ExcelBatchGenerator.RuleGenerator] 初始化 UI...
[2026-08-21 19:45:48.003] [INFO] [ExcelBatchGenerator.RuleGenerator] UI 初始化完成
[2026-08-21 19:45:48.003] [INFO] [ExcelBatchGenerator.RuleGenerator] 自动切换到按行匹配模式（首件/成品模板）
[2026-08-21 19:45:48.003] [INFO] [ExcelBatchGenerator.RuleGenerator] 开始加载 Excel...
[2026-08-21 19:45:48.004] [INFO] [ExcelBatchGenerator.RuleGenerator] load_excel: 开始
[2026-08-21 19:45:48.004] [INFO] [ExcelBatchGenerator.RuleGenerator] 使用 win32com 加载: E:/test-shenzhen/文档模板/W-102/15024/过程检验表/15024_W-102面底壳过程检验表模板.xlsx
[2026-08-21 19:45:48.004] [INFO] [ExcelBatchGenerator.RuleGenerator] 启动 Excel 应用程序...
[2026-08-21 19:45:48.006] [INFO] [ExcelBatchGenerator.RuleGenerator] Excel 已启动
[2026-08-21 19:45:48.007] [INFO] [ExcelBatchGenerator.RuleGenerator] 打开工作簿: E:/test-shenzhen/文档模板/W-102/15024/过程检验表/15024_W-102面底壳过程检验表模板.xlsx
[2026-08-21 19:45:48.059] [INFO] [ExcelBatchGenerator.RuleGenerator] 工作簿已打开
[2026-08-21 19:45:48.066] [INFO] [ExcelBatchGenerator.RuleGenerator] 共 2 个工作表: ['按时检验记录', '过程尺寸检验记录']
[2026-08-21 19:45:48.067] [INFO] [ExcelBatchGenerator.RuleGenerator] _load_sheet_data: 加载工作表 按时检验记录
[2026-08-21 19:45:48.792] [INFO] [ExcelBatchGenerator.RuleGenerator] 通过遍历方式获取到 21 个合并区域
[2026-08-21 19:45:48.792] [INFO] [ExcelBatchGenerator.RuleGenerator] 检测到 21 个合并区域
[2026-08-21 19:45:49.510] [INFO] [ExcelBatchGenerator.RuleGenerator] 实际数据范围: 17 行, 17 列
[2026-08-21 19:45:49.510] [INFO] [ExcelBatchGenerator.RuleGenerator] _populate_table_from_win32: 开始填充 17x17
[2026-08-21 19:45:49.510] [INFO] [ExcelBatchGenerator.RuleGenerator] 读取单元格数据...
[2026-08-21 19:45:50.480] [INFO] [ExcelBatchGenerator.RuleGenerator] 单元格数据读取完成
[2026-08-21 19:45:50.484] [INFO] [ExcelBatchGenerator.RuleGenerator] 已应用 21 个合并区域
[2026-08-21 19:45:50.484] [INFO] [ExcelBatchGenerator.RuleGenerator] _populate_table_from_win32: 完成
[2026-08-21 19:45:50.490] [INFO] [ExcelBatchGenerator.RuleGenerator] load_excel: 完成
[2026-08-21 19:45:51.781] [INFO] [ExcelBatchGenerator.RuleGenerator] 规则生成器关闭
[2026-08-21 19:46:08.576] [INFO] [ExcelBatchGenerator.MainWindow] 加载模板: 19069_8代滤镜框首件检验表模板.xlsx
[2026-08-21 19:46:08.577] [INFO] [ExcelBatchGenerator.MainWindow] 加载配置: 19069_8代滤镜框 - 首件
[2026-08-21 19:46:08.648] [INFO] [ExcelBatchGenerator.MainWindow] 加载配置: 19069_8代滤镜框 - 首件
[2026-08-21 19:46:08.649] [INFO] [ExcelBatchGenerator.MainWindow] 模板路径已保存: E:/test-shenzhen/文档模板/8代滤镜框/19069/首件检验表/19069_8代滤镜框首件检验表模板.xlsx
[2026-08-21 19:46:15.475] [INFO] [ExcelBatchGenerator.RuleGenerator] ==================================================
[2026-08-21 19:46:15.476] [INFO] [ExcelBatchGenerator.RuleGenerator] 规则生成器启动
[2026-08-21 19:46:15.476] [INFO] [ExcelBatchGenerator.RuleGenerator]   模板路径: E:/test-shenzhen/文档模板/8代滤镜框/19069/首件检验表/19069_8代滤镜框首件检验表模板.xlsx
[2026-08-21 19:46:15.476] [INFO] [ExcelBatchGenerator.RuleGenerator]   产品名称: 19069_8代滤镜框
[2026-08-21 19:46:15.476] [INFO] [ExcelBatchGenerator.RuleGenerator]   模板类型: 
[2026-08-21 19:46:15.476] [INFO] [ExcelBatchGenerator.RuleGenerator] ==================================================
[2026-08-21 19:46:15.476] [INFO] [ExcelBatchGenerator.RuleGenerator] 初始化 UI...
[2026-08-21 19:46:15.478] [INFO] [ExcelBatchGenerator.RuleGenerator] UI 初始化完成
[2026-08-21 19:46:15.478] [INFO] [ExcelBatchGenerator.RuleGenerator] 自动切换到按行匹配模式（首件/成品模板）
[2026-08-21 19:46:15.478] [INFO] [ExcelBatchGenerator.RuleGenerator] 开始加载 Excel...
[2026-08-21 19:46:15.479] [INFO] [ExcelBatchGenerator.RuleGenerator] load_excel: 开始
[2026-08-21 19:46:15.479] [INFO] [ExcelBatchGenerator.RuleGenerator] 使用 win32com 加载: E:/test-shenzhen/文档模板/8代滤镜框/19069/首件检验表/19069_8代滤镜框首件检验表模板.xlsx
[2026-08-21 19:46:15.479] [INFO] [ExcelBatchGenerator.RuleGenerator] 启动 Excel 应用程序...
[2026-08-21 19:46:15.480] [INFO] [ExcelBatchGenerator.RuleGenerator] Excel 已启动
[2026-08-21 19:46:15.480] [INFO] [ExcelBatchGenerator.RuleGenerator] 打开工作簿: E:/test-shenzhen/文档模板/8代滤镜框/19069/首件检验表/19069_8代滤镜框首件检验表模板.xlsx
[2026-08-21 19:46:15.514] [INFO] [ExcelBatchGenerator.RuleGenerator] 工作簿已打开
[2026-08-21 19:46:15.518] [INFO] [ExcelBatchGenerator.RuleGenerator] 共 1 个工作表: ['首件检验记录']
[2026-08-21 19:46:15.519] [INFO] [ExcelBatchGenerator.RuleGenerator] _load_sheet_data: 加载工作表 首件检验记录
[2026-08-21 19:46:16.226] [INFO] [ExcelBatchGenerator.RuleGenerator] 通过遍历方式获取到 61 个合并区域
[2026-08-21 19:46:16.226] [INFO] [ExcelBatchGenerator.RuleGenerator] 检测到 61 个合并区域
[2026-08-21 19:46:16.932] [INFO] [ExcelBatchGenerator.RuleGenerator] 实际数据范围: 22 行, 16 列
[2026-08-21 19:46:16.933] [INFO] [ExcelBatchGenerator.RuleGenerator] _populate_table_from_win32: 开始填充 22x16
[2026-08-21 19:46:16.934] [INFO] [ExcelBatchGenerator.RuleGenerator] 读取单元格数据...
[2026-08-21 19:46:17.986] [INFO] [ExcelBatchGenerator.RuleGenerator] 单元格数据读取完成
[2026-08-21 19:46:17.994] [INFO] [ExcelBatchGenerator.RuleGenerator] 已应用 61 个合并区域
[2026-08-21 19:46:17.994] [INFO] [ExcelBatchGenerator.RuleGenerator] _populate_table_from_win32: 完成
[2026-08-21 19:46:18.051] [INFO] [ExcelBatchGenerator.RuleGenerator] load_excel: 完成
[2026-08-21 19:46:23.966] [INFO] [ExcelBatchGenerator.RuleGenerator] 规则生成器关闭
[2026-08-21 19:50:35.376] [INFO] [ExcelBatchGenerator.MainWindow] 加载模板: 19069_8代滤镜框过程检验表模板.xlsx
[2026-08-21 19:50:35.376] [INFO] [ExcelBatchGenerator.MainWindow] 加载配置: 19069_8代滤镜框 - 过程
[2026-08-21 19:50:35.451] [INFO] [ExcelBatchGenerator.MainWindow] 加载配置: 19069_8代滤镜框 - 过程
[2026-08-21 19:50:35.451] [INFO] [ExcelBatchGenerator.MainWindow] 模板路径已保存: E:/test-shenzhen/文档模板/8代滤镜框/19069/过程检验表/19069_8代滤镜框过程检验表模板.xlsx
[2026-08-21 19:50:36.723] [INFO] [ExcelBatchGenerator.RuleGenerator] ==================================================
[2026-08-21 19:50:36.724] [INFO] [ExcelBatchGenerator.RuleGenerator] 规则生成器启动
[2026-08-21 19:50:36.724] [INFO] [ExcelBatchGenerator.RuleGenerator]   模板路径: E:/test-shenzhen/文档模板/8代滤镜框/19069/过程检验表/19069_8代滤镜框过程检验表模板.xlsx
[2026-08-21 19:50:36.724] [INFO] [ExcelBatchGenerator.RuleGenerator]   产品名称: 19069_8代滤镜框
[2026-08-21 19:50:36.724] [INFO] [ExcelBatchGenerator.RuleGenerator]   模板类型: 
[2026-08-21 19:50:36.724] [INFO] [ExcelBatchGenerator.RuleGenerator] ==================================================
[2026-08-21 19:50:36.724] [INFO] [ExcelBatchGenerator.RuleGenerator] 初始化 UI...
[2026-08-21 19:50:36.727] [INFO] [ExcelBatchGenerator.RuleGenerator] UI 初始化完成
[2026-08-21 19:50:36.727] [INFO] [ExcelBatchGenerator.RuleGenerator] 自动切换到按行匹配模式（首件/成品模板）
[2026-08-21 19:50:36.727] [INFO] [ExcelBatchGenerator.RuleGenerator] 开始加载 Excel...
[2026-08-21 19:50:36.727] [INFO] [ExcelBatchGenerator.RuleGenerator] load_excel: 开始
[2026-08-21 19:50:36.727] [INFO] [ExcelBatchGenerator.RuleGenerator] 使用 win32com 加载: E:/test-shenzhen/文档模板/8代滤镜框/19069/过程检验表/19069_8代滤镜框过程检验表模板.xlsx
[2026-08-21 19:50:36.727] [INFO] [ExcelBatchGenerator.RuleGenerator] 启动 Excel 应用程序...
[2026-08-21 19:50:36.728] [INFO] [ExcelBatchGenerator.RuleGenerator] Excel 已启动
[2026-08-21 19:50:36.728] [INFO] [ExcelBatchGenerator.RuleGenerator] 打开工作簿: E:/test-shenzhen/文档模板/8代滤镜框/19069/过程检验表/19069_8代滤镜框过程检验表模板.xlsx
[2026-08-21 19:50:36.765] [INFO] [ExcelBatchGenerator.RuleGenerator] 工作簿已打开
[2026-08-21 19:50:36.772] [INFO] [ExcelBatchGenerator.RuleGenerator] 共 2 个工作表: ['按时检验记录', '过程尺寸检验记录']
[2026-08-21 19:50:36.772] [INFO] [ExcelBatchGenerator.RuleGenerator] _load_sheet_data: 加载工作表 按时检验记录
[2026-08-21 19:50:37.455] [INFO] [ExcelBatchGenerator.RuleGenerator] 通过遍历方式获取到 21 个合并区域
[2026-08-21 19:50:37.455] [INFO] [ExcelBatchGenerator.RuleGenerator] 检测到 21 个合并区域
[2026-08-21 19:50:38.162] [INFO] [ExcelBatchGenerator.RuleGenerator] 实际数据范围: 17 行, 17 列
[2026-08-21 19:50:38.162] [INFO] [ExcelBatchGenerator.RuleGenerator] _populate_table_from_win32: 开始填充 17x17
[2026-08-21 19:50:38.162] [INFO] [ExcelBatchGenerator.RuleGenerator] 读取单元格数据...
[2026-08-21 19:50:39.058] [INFO] [ExcelBatchGenerator.RuleGenerator] 单元格数据读取完成
[2026-08-21 19:50:39.061] [INFO] [ExcelBatchGenerator.RuleGenerator] 已应用 21 个合并区域
[2026-08-21 19:50:39.061] [INFO] [ExcelBatchGenerator.RuleGenerator] _populate_table_from_win32: 完成
[2026-08-21 19:50:39.069] [INFO] [ExcelBatchGenerator.RuleGenerator] load_excel: 完成
[2026-08-21 19:50:41.615] [INFO] [ExcelBatchGenerator.RuleGenerator] _load_sheet_data: 加载工作表 过程尺寸检验记录
[2026-08-21 19:50:42.071] [INFO] [ExcelBatchGenerator.RuleGenerator] 通过遍历方式获取到 10 个合并区域
[2026-08-21 19:50:42.072] [INFO] [ExcelBatchGenerator.RuleGenerator] 检测到 10 个合并区域
[2026-08-21 19:50:42.890] [INFO] [ExcelBatchGenerator.RuleGenerator] 实际数据范围: 18 行, 11 列
[2026-08-21 19:50:42.890] [INFO] [ExcelBatchGenerator.RuleGenerator] _populate_table_from_win32: 开始填充 18x11
[2026-08-21 19:50:42.890] [INFO] [ExcelBatchGenerator.RuleGenerator] 读取单元格数据...
[2026-08-21 19:50:43.645] [INFO] [ExcelBatchGenerator.RuleGenerator] 单元格数据读取完成
[2026-08-21 19:50:43.648] [INFO] [ExcelBatchGenerator.RuleGenerator] 已应用 10 个合并区域
[2026-08-21 19:50:43.648] [INFO] [ExcelBatchGenerator.RuleGenerator] _populate_table_from_win32: 完成
[2026-08-21 19:50:43.652] [INFO] [ExcelBatchGenerator.RuleGenerator] 切换到工作表: 过程尺寸检验记录
[2026-08-21 19:51:22.686] [INFO] [ExcelBatchGenerator.RuleGenerator] 规则生成器关闭
[2026-08-21 19:51:24.737] [INFO] [ExcelBatchGenerator.MainWindow] 加载模板: 25040_W-97B配件过程检验表模板.xlsx
[2026-08-21 19:51:24.805] [INFO] [ExcelBatchGenerator.MainWindow] 加载配置: 25040_W-97B配件 - 过程
[2026-08-21 19:51:24.806] [INFO] [ExcelBatchGenerator.MainWindow] 模板路径已保存: E:/test-shenzhen/文档模板/97B/25040-97B配件/过程检验表/25040_W-97B配件过程检验表模板.xlsx
[2026-08-21 19:51:26.255] [INFO] [ExcelBatchGenerator.RuleGenerator] ==================================================
[2026-08-21 19:51:26.255] [INFO] [ExcelBatchGenerator.RuleGenerator] 规则生成器启动
[2026-08-21 19:51:26.255] [INFO] [ExcelBatchGenerator.RuleGenerator]   模板路径: E:/test-shenzhen/文档模板/97B/25040-97B配件/过程检验表/25040_W-97B配件过程检验表模板.xlsx
[2026-08-21 19:51:26.256] [INFO] [ExcelBatchGenerator.RuleGenerator]   产品名称: 25040_W-97B配件
[2026-08-21 19:51:26.256] [INFO] [ExcelBatchGenerator.RuleGenerator]   模板类型: 
[2026-08-21 19:51:26.256] [INFO] [ExcelBatchGenerator.RuleGenerator] ==================================================
[2026-08-21 19:51:26.256] [INFO] [ExcelBatchGenerator.RuleGenerator] 初始化 UI...
[2026-08-21 19:51:26.260] [INFO] [ExcelBatchGenerator.RuleGenerator] UI 初始化完成
[2026-08-21 19:51:26.260] [INFO] [ExcelBatchGenerator.RuleGenerator] 自动切换到按行匹配模式（首件/成品模板）
[2026-08-21 19:51:26.260] [INFO] [ExcelBatchGenerator.RuleGenerator] 开始加载 Excel...
[2026-08-21 19:51:26.260] [INFO] [ExcelBatchGenerator.RuleGenerator] load_excel: 开始
[2026-08-21 19:51:26.261] [INFO] [ExcelBatchGenerator.RuleGenerator] 使用 win32com 加载: E:/test-shenzhen/文档模板/97B/25040-97B配件/过程检验表/25040_W-97B配件过程检验表模板.xlsx
[2026-08-21 19:51:26.261] [INFO] [ExcelBatchGenerator.RuleGenerator] 启动 Excel 应用程序...
[2026-08-21 19:51:26.263] [INFO] [ExcelBatchGenerator.RuleGenerator] Excel 已启动
[2026-08-21 19:51:26.263] [INFO] [ExcelBatchGenerator.RuleGenerator] 打开工作簿: E:/test-shenzhen/文档模板/97B/25040-97B配件/过程检验表/25040_W-97B配件过程检验表模板.xlsx
[2026-08-21 19:51:26.351] [INFO] [ExcelBatchGenerator.RuleGenerator] 工作簿已打开
[2026-08-21 19:51:26.358] [INFO] [ExcelBatchGenerator.RuleGenerator] 共 2 个工作表: ['按时检验记录', '过程尺寸检验记录']
[2026-08-21 19:51:26.359] [INFO] [ExcelBatchGenerator.RuleGenerator] _load_sheet_data: 加载工作表 按时检验记录
[2026-08-21 19:51:27.108] [INFO] [ExcelBatchGenerator.RuleGenerator] 通过遍历方式获取到 21 个合并区域
[2026-08-21 19:51:27.109] [INFO] [ExcelBatchGenerator.RuleGenerator] 检测到 21 个合并区域
[2026-08-21 19:51:27.809] [INFO] [ExcelBatchGenerator.RuleGenerator] 实际数据范围: 17 行, 17 列
[2026-08-21 19:51:27.809] [INFO] [ExcelBatchGenerator.RuleGenerator] _populate_table_from_win32: 开始填充 17x17
[2026-08-21 19:51:27.810] [INFO] [ExcelBatchGenerator.RuleGenerator] 读取单元格数据...
[2026-08-21 19:51:28.676] [INFO] [ExcelBatchGenerator.RuleGenerator] 单元格数据读取完成
[2026-08-21 19:51:28.679] [INFO] [ExcelBatchGenerator.RuleGenerator] 已应用 21 个合并区域
[2026-08-21 19:51:28.679] [INFO] [ExcelBatchGenerator.RuleGenerator] _populate_table_from_win32: 完成
[2026-08-21 19:51:28.687] [INFO] [ExcelBatchGenerator.RuleGenerator] load_excel: 完成
[2026-08-21 19:51:31.055] [INFO] [ExcelBatchGenerator.RuleGenerator] _load_sheet_data: 加载工作表 过程尺寸检验记录
[2026-08-21 19:51:31.721] [INFO] [ExcelBatchGenerator.RuleGenerator] 通过遍历方式获取到 10 个合并区域
[2026-08-21 19:51:31.722] [INFO] [ExcelBatchGenerator.RuleGenerator] 检测到 10 个合并区域
[2026-08-21 19:51:32.485] [INFO] [ExcelBatchGenerator.RuleGenerator] 实际数据范围: 18 行, 19 列
[2026-08-21 19:51:32.485] [INFO] [ExcelBatchGenerator.RuleGenerator] _populate_table_from_win32: 开始填充 18x19
[2026-08-21 19:51:32.486] [INFO] [ExcelBatchGenerator.RuleGenerator] 读取单元格数据...
[2026-08-21 19:51:33.644] [INFO] [ExcelBatchGenerator.RuleGenerator] 单元格数据读取完成
[2026-08-21 19:51:33.645] [INFO] [ExcelBatchGenerator.RuleGenerator] 已应用 10 个合并区域
[2026-08-21 19:51:33.646] [INFO] [ExcelBatchGenerator.RuleGenerator] _populate_table_from_win32: 完成
[2026-08-21 19:51:33.650] [INFO] [ExcelBatchGenerator.RuleGenerator] 切换到工作表: 过程尺寸检验记录
[2026-08-21 19:52:37.143] [INFO] [ExcelBatchGenerator.RuleGenerator] 规则生成器关闭
[2026-08-21 19:56:25.670] [INFO] [ExcelBatchGenerator.MainWindow] 程序启动
[2026-08-21 19:56:30.363] [INFO] [ExcelBatchGenerator.MainWindow] 加载模板: 25040_W-97B配件过程检验表模板.xlsx
[2026-08-21 19:56:30.363] [INFO] [ExcelBatchGenerator.MainWindow] 加载配置: 25040_W-97B配件 - 过程
[2026-08-21 19:56:30.432] [INFO] [ExcelBatchGenerator.MainWindow] 加载配置: 25040_W-97B配件 - 过程
[2026-08-21 19:56:30.432] [INFO] [ExcelBatchGenerator.MainWindow] 模板路径已保存: E:/test-shenzhen/文档模板/97B/25040-97B配件/过程检验表/25040_W-97B配件过程检验表模板.xlsx
[2026-08-21 19:56:32.229] [INFO] [ExcelBatchGenerator.RuleGenerator] ==================================================
[2026-08-21 19:56:32.230] [INFO] [ExcelBatchGenerator.RuleGenerator] 规则生成器启动
[2026-08-21 19:56:32.230] [INFO] [ExcelBatchGenerator.RuleGenerator]   模板路径: E:/test-shenzhen/文档模板/97B/25040-97B配件/过程检验表/25040_W-97B配件过程检验表模板.xlsx
[2026-08-21 19:56:32.230] [INFO] [ExcelBatchGenerator.RuleGenerator]   产品名称: 25040_W-97B配件
[2026-08-21 19:56:32.230] [INFO] [ExcelBatchGenerator.RuleGenerator]   模板类型: 
[2026-08-21 19:56:32.230] [INFO] [ExcelBatchGenerator.RuleGenerator] ==================================================
[2026-08-21 19:56:32.231] [INFO] [ExcelBatchGenerator.RuleGenerator] 初始化 UI...
[2026-08-21 19:56:32.232] [INFO] [ExcelBatchGenerator.RuleGenerator] UI 初始化完成
[2026-08-21 19:56:32.232] [INFO] [ExcelBatchGenerator.RuleGenerator] 自动切换到按行匹配模式（首件/成品模板）
[2026-08-21 19:56:32.233] [INFO] [ExcelBatchGenerator.RuleGenerator] 开始加载 Excel...
[2026-08-21 19:56:32.233] [INFO] [ExcelBatchGenerator.RuleGenerator] load_excel: 开始
[2026-08-21 19:56:32.233] [INFO] [ExcelBatchGenerator.RuleGenerator] 使用 win32com 加载: E:/test-shenzhen/文档模板/97B/25040-97B配件/过程检验表/25040_W-97B配件过程检验表模板.xlsx
[2026-08-21 19:56:32.233] [INFO] [ExcelBatchGenerator.RuleGenerator] 启动 Excel 应用程序...
[2026-08-21 19:56:32.235] [INFO] [ExcelBatchGenerator.RuleGenerator] Excel 已启动
[2026-08-21 19:56:32.235] [INFO] [ExcelBatchGenerator.RuleGenerator] 打开工作簿: E:/test-shenzhen/文档模板/97B/25040-97B配件/过程检验表/25040_W-97B配件过程检验表模板.xlsx
[2026-08-21 19:56:32.267] [INFO] [ExcelBatchGenerator.RuleGenerator] 工作簿已打开
[2026-08-21 19:56:32.274] [INFO] [ExcelBatchGenerator.RuleGenerator] 共 2 个工作表: ['按时检验记录', '过程尺寸检验记录']
[2026-08-21 19:56:32.274] [INFO] [ExcelBatchGenerator.RuleGenerator] _load_sheet_data: 加载工作表 按时检验记录
[2026-08-21 19:56:32.915] [INFO] [ExcelBatchGenerator.RuleGenerator] 通过遍历方式获取到 21 个合并区域
[2026-08-21 19:56:32.915] [INFO] [ExcelBatchGenerator.RuleGenerator] 检测到 21 个合并区域
[2026-08-21 19:56:34.016] [INFO] [ExcelBatchGenerator.RuleGenerator] 实际数据范围: 17 行, 17 列
[2026-08-21 19:56:34.016] [INFO] [ExcelBatchGenerator.RuleGenerator] _populate_table_from_win32: 开始填充 17x17
[2026-08-21 19:56:34.019] [INFO] [ExcelBatchGenerator.RuleGenerator] 读取单元格数据...
[2026-08-21 19:56:34.856] [INFO] [ExcelBatchGenerator.RuleGenerator] 单元格数据读取完成
[2026-08-21 19:56:34.859] [INFO] [ExcelBatchGenerator.RuleGenerator] 已应用 21 个合并区域
[2026-08-21 19:56:34.859] [INFO] [ExcelBatchGenerator.RuleGenerator] _populate_table_from_win32: 完成
[2026-08-21 19:56:34.866] [INFO] [ExcelBatchGenerator.RuleGenerator] load_excel: 完成
[2026-08-21 19:56:39.791] [INFO] [ExcelBatchGenerator.RuleGenerator] _load_sheet_data: 加载工作表 过程尺寸检验记录
[2026-08-21 19:56:40.406] [INFO] [ExcelBatchGenerator.RuleGenerator] 通过遍历方式获取到 10 个合并区域
[2026-08-21 19:56:40.407] [INFO] [ExcelBatchGenerator.RuleGenerator] 检测到 10 个合并区域
[2026-08-21 19:56:41.556] [INFO] [ExcelBatchGenerator.RuleGenerator] 实际数据范围: 18 行, 19 列
[2026-08-21 19:56:41.556] [INFO] [ExcelBatchGenerator.RuleGenerator] _populate_table_from_win32: 开始填充 18x19
[2026-08-21 19:56:41.556] [INFO] [ExcelBatchGenerator.RuleGenerator] 读取单元格数据...
[2026-08-21 19:56:42.542] [INFO] [ExcelBatchGenerator.RuleGenerator] 单元格数据读取完成
[2026-08-21 19:56:42.543] [INFO] [ExcelBatchGenerator.RuleGenerator] 已应用 10 个合并区域
[2026-08-21 19:56:42.543] [INFO] [ExcelBatchGenerator.RuleGenerator] _populate_table_from_win32: 完成
[2026-08-21 19:56:42.547] [INFO] [ExcelBatchGenerator.RuleGenerator] 切换到工作表: 过程尺寸检验记录
[2026-08-21 19:57:02.507] [INFO] [ExcelBatchGenerator.RuleGenerator] 规则生成器关闭
[2026-08-21 19:57:11.667] [INFO] [ExcelBatchGenerator.MainWindow] 程序启动
[2026-08-21 19:57:18.385] [INFO] [ExcelBatchGenerator.MainWindow] 加载模板: 25040_W-97B配件过程检验表模板.xlsx
[2026-08-21 19:57:18.385] [INFO] [ExcelBatchGenerator.MainWindow] 加载配置: 25040_W-97B配件 - 过程
[2026-08-21 19:57:18.466] [INFO] [ExcelBatchGenerator.MainWindow] 加载配置: 25040_W-97B配件 - 过程
[2026-08-21 19:57:18.466] [INFO] [ExcelBatchGenerator.MainWindow] 模板路径已保存: E:/test-shenzhen/文档模板/97B/25040-97B配件/过程检验表/25040_W-97B配件过程检验表模板.xlsx
[2026-08-21 19:57:20.442] [INFO] [ExcelBatchGenerator.RuleGenerator] ==================================================
[2026-08-21 19:57:20.442] [INFO] [ExcelBatchGenerator.RuleGenerator] 规则生成器启动
[2026-08-21 19:57:20.443] [INFO] [ExcelBatchGenerator.RuleGenerator]   模板路径: E:/test-shenzhen/文档模板/97B/25040-97B配件/过程检验表/25040_W-97B配件过程检验表模板.xlsx
[2026-08-21 19:57:20.443] [INFO] [ExcelBatchGenerator.RuleGenerator]   产品名称: 25040_W-97B配件
[2026-08-21 19:57:20.443] [INFO] [ExcelBatchGenerator.RuleGenerator]   模板类型: 
[2026-08-21 19:57:20.443] [INFO] [ExcelBatchGenerator.RuleGenerator] ==================================================
[2026-08-21 19:57:20.443] [INFO] [ExcelBatchGenerator.RuleGenerator] 初始化 UI...
[2026-08-21 19:57:20.445] [INFO] [ExcelBatchGenerator.RuleGenerator] UI 初始化完成
[2026-08-21 19:57:20.445] [INFO] [ExcelBatchGenerator.RuleGenerator] 自动切换到按行匹配模式（首件/成品模板）
[2026-08-21 19:57:20.445] [INFO] [ExcelBatchGenerator.RuleGenerator] 开始加载 Excel...
[2026-08-21 19:57:20.445] [INFO] [ExcelBatchGenerator.RuleGenerator] load_excel: 开始
[2026-08-21 19:57:20.446] [INFO] [ExcelBatchGenerator.RuleGenerator] 使用 win32com 加载: E:/test-shenzhen/文档模板/97B/25040-97B配件/过程检验表/25040_W-97B配件过程检验表模板.xlsx
[2026-08-21 19:57:20.446] [INFO] [ExcelBatchGenerator.RuleGenerator] 启动 Excel 应用程序...
[2026-08-21 19:57:20.448] [INFO] [ExcelBatchGenerator.RuleGenerator] Excel 已启动
[2026-08-21 19:57:20.448] [INFO] [ExcelBatchGenerator.RuleGenerator] 打开工作簿: E:/test-shenzhen/文档模板/97B/25040-97B配件/过程检验表/25040_W-97B配件过程检验表模板.xlsx
[2026-08-21 19:57:20.486] [INFO] [ExcelBatchGenerator.RuleGenerator] 工作簿已打开
[2026-08-21 19:57:20.493] [INFO] [ExcelBatchGenerator.RuleGenerator] 共 2 个工作表: ['按时检验记录', '过程尺寸检验记录']
[2026-08-21 19:57:20.493] [INFO] [ExcelBatchGenerator.RuleGenerator] _load_sheet_data: 加载工作表 按时检验记录
[2026-08-21 19:57:21.194] [INFO] [ExcelBatchGenerator.RuleGenerator] 通过遍历方式获取到 21 个合并区域
[2026-08-21 19:57:21.195] [INFO] [ExcelBatchGenerator.RuleGenerator] 检测到 21 个合并区域
[2026-08-21 19:57:22.218] [INFO] [ExcelBatchGenerator.RuleGenerator] 实际数据范围: 17 行, 17 列
[2026-08-21 19:57:22.218] [INFO] [ExcelBatchGenerator.RuleGenerator] _populate_table_from_win32: 开始填充 17x17
[2026-08-21 19:57:22.221] [INFO] [ExcelBatchGenerator.RuleGenerator] 读取单元格数据...
[2026-08-21 19:57:23.013] [INFO] [ExcelBatchGenerator.RuleGenerator] 单元格数据读取完成
[2026-08-21 19:57:23.016] [INFO] [ExcelBatchGenerator.RuleGenerator] 已应用 21 个合并区域
[2026-08-21 19:57:23.016] [INFO] [ExcelBatchGenerator.RuleGenerator] _populate_table_from_win32: 完成
[2026-08-21 19:57:23.025] [INFO] [ExcelBatchGenerator.RuleGenerator] load_excel: 完成
[2026-08-21 19:57:27.846] [INFO] [ExcelBatchGenerator.RuleGenerator] _load_sheet_data: 加载工作表 过程尺寸检验记录
[2026-08-21 19:57:28.526] [INFO] [ExcelBatchGenerator.RuleGenerator] 通过遍历方式获取到 10 个合并区域
[2026-08-21 19:57:28.527] [INFO] [ExcelBatchGenerator.RuleGenerator] 检测到 10 个合并区域
[2026-08-21 19:57:29.917] [INFO] [ExcelBatchGenerator.RuleGenerator] 实际数据范围: 18 行, 19 列
[2026-08-21 19:57:29.918] [INFO] [ExcelBatchGenerator.RuleGenerator] _populate_table_from_win32: 开始填充 18x19
[2026-08-21 19:57:29.918] [INFO] [ExcelBatchGenerator.RuleGenerator] 读取单元格数据...
[2026-08-21 19:57:30.898] [INFO] [ExcelBatchGenerator.RuleGenerator] 单元格数据读取完成
[2026-08-21 19:57:30.900] [INFO] [ExcelBatchGenerator.RuleGenerator] 已应用 10 个合并区域
[2026-08-21 19:57:30.900] [INFO] [ExcelBatchGenerator.RuleGenerator] _populate_table_from_win32: 完成
[2026-08-21 19:57:30.904] [INFO] [ExcelBatchGenerator.RuleGenerator] 切换到工作表: 过程尺寸检验记录
[2026-08-21 19:57:35.411] [INFO] [ExcelBatchGenerator.RuleGenerator] 规则生成器关闭
[2026-08-21 20:00:25.121] [INFO] [ExcelBatchGenerator.MainWindow] 程序启动
[2026-08-21 20:00:28.017] [INFO] [ExcelBatchGenerator.MainWindow] 加载模板: 25040_W-97B配件过程检验表模板.xlsx
[2026-08-21 20:00:28.017] [INFO] [ExcelBatchGenerator.MainWindow] 加载配置: 25040_W-97B配件 - 过程
[2026-08-21 20:00:28.101] [INFO] [ExcelBatchGenerator.MainWindow] 加载配置: 25040_W-97B配件 - 过程
[2026-08-21 20:00:28.102] [INFO] [ExcelBatchGenerator.MainWindow] 模板路径已保存: E:/test-shenzhen/文档模板/97B/25040-97B配件/过程检验表/25040_W-97B配件过程检验表模板.xlsx
[2026-08-21 20:00:30.087] [INFO] [ExcelBatchGenerator.RuleGenerator] ==================================================
[2026-08-21 20:00:30.087] [INFO] [ExcelBatchGenerator.RuleGenerator] 规则生成器启动
[2026-08-21 20:00:30.087] [INFO] [ExcelBatchGenerator.RuleGenerator]   模板路径: E:/test-shenzhen/文档模板/97B/25040-97B配件/过程检验表/25040_W-97B配件过程检验表模板.xlsx
[2026-08-21 20:00:30.087] [INFO] [ExcelBatchGenerator.RuleGenerator]   产品名称: 25040_W-97B配件
[2026-08-21 20:00:30.088] [INFO] [ExcelBatchGenerator.RuleGenerator]   模板类型: 
[2026-08-21 20:00:30.088] [INFO] [ExcelBatchGenerator.RuleGenerator] ==================================================
[2026-08-21 20:00:30.088] [INFO] [ExcelBatchGenerator.RuleGenerator] 初始化 UI...
[2026-08-21 20:00:30.090] [INFO] [ExcelBatchGenerator.RuleGenerator] UI 初始化完成
[2026-08-21 20:00:30.090] [INFO] [ExcelBatchGenerator.RuleGenerator] 自动切换到按行匹配模式（首件/成品模板）
[2026-08-21 20:00:30.090] [INFO] [ExcelBatchGenerator.RuleGenerator] 开始加载 Excel...
[2026-08-21 20:00:30.090] [INFO] [ExcelBatchGenerator.RuleGenerator] load_excel: 开始
[2026-08-21 20:00:30.090] [INFO] [ExcelBatchGenerator.RuleGenerator] 使用 win32com 加载: E:/test-shenzhen/文档模板/97B/25040-97B配件/过程检验表/25040_W-97B配件过程检验表模板.xlsx
[2026-08-21 20:00:30.090] [INFO] [ExcelBatchGenerator.RuleGenerator] 启动 Excel 应用程序...
[2026-08-21 20:00:30.093] [INFO] [ExcelBatchGenerator.RuleGenerator] Excel 已启动
[2026-08-21 20:00:30.094] [INFO] [ExcelBatchGenerator.RuleGenerator] 打开工作簿: E:/test-shenzhen/文档模板/97B/25040-97B配件/过程检验表/25040_W-97B配件过程检验表模板.xlsx
[2026-08-21 20:00:30.129] [INFO] [ExcelBatchGenerator.RuleGenerator] 工作簿已打开
[2026-08-21 20:00:30.136] [INFO] [ExcelBatchGenerator.RuleGenerator] 共 2 个工作表: ['按时检验记录', '过程尺寸检验记录']
[2026-08-21 20:00:30.136] [INFO] [ExcelBatchGenerator.RuleGenerator] _load_sheet_data: 加载工作表 按时检验记录
[2026-08-21 20:00:30.848] [INFO] [ExcelBatchGenerator.RuleGenerator] 通过遍历方式获取到 21 个合并区域
[2026-08-21 20:00:30.848] [INFO] [ExcelBatchGenerator.RuleGenerator] 检测到 21 个合并区域
[2026-08-21 20:00:31.992] [INFO] [ExcelBatchGenerator.RuleGenerator] 实际数据范围: 17 行, 17 列
[2026-08-21 20:00:31.992] [INFO] [ExcelBatchGenerator.RuleGenerator] _populate_table_from_win32: 开始填充 17x17
[2026-08-21 20:00:31.997] [INFO] [ExcelBatchGenerator.RuleGenerator] 读取单元格数据...
[2026-08-21 20:00:32.912] [INFO] [ExcelBatchGenerator.RuleGenerator] 单元格数据读取完成
[2026-08-21 20:00:32.915] [INFO] [ExcelBatchGenerator.RuleGenerator] 已应用 21 个合并区域
[2026-08-21 20:00:32.915] [INFO] [ExcelBatchGenerator.RuleGenerator] _populate_table_from_win32: 完成
[2026-08-21 20:00:32.922] [INFO] [ExcelBatchGenerator.RuleGenerator] load_excel: 完成
[2026-08-21 20:00:35.222] [INFO] [ExcelBatchGenerator.RuleGenerator] _load_sheet_data: 加载工作表 过程尺寸检验记录
[2026-08-21 20:00:35.927] [INFO] [ExcelBatchGenerator.RuleGenerator] 通过遍历方式获取到 10 个合并区域
[2026-08-21 20:00:35.928] [INFO] [ExcelBatchGenerator.RuleGenerator] 检测到 10 个合并区域
[2026-08-21 20:00:37.403] [INFO] [ExcelBatchGenerator.RuleGenerator] 实际数据范围: 18 行, 19 列
[2026-08-21 20:00:37.403] [INFO] [ExcelBatchGenerator.RuleGenerator] _populate_table_from_win32: 开始填充 18x19
[2026-08-21 20:00:37.405] [INFO] [ExcelBatchGenerator.RuleGenerator] 读取单元格数据...
[2026-08-21 20:00:38.424] [INFO] [ExcelBatchGenerator.RuleGenerator] 单元格数据读取完成
[2026-08-21 20:00:38.426] [INFO] [ExcelBatchGenerator.RuleGenerator] 已应用 10 个合并区域
[2026-08-21 20:00:38.426] [INFO] [ExcelBatchGenerator.RuleGenerator] _populate_table_from_win32: 完成
[2026-08-21 20:00:38.430] [INFO] [ExcelBatchGenerator.RuleGenerator] 切换到工作表: 过程尺寸检验记录
[2026-08-21 20:02:24.755] [INFO] [ExcelBatchGenerator.RuleGenerator] 规则生成器关闭
[2026-08-21 20:05:46.435] [INFO] [ExcelBatchGenerator.MainWindow] 程序启动
[2026-08-21 20:05:54.039] [INFO] [ExcelBatchGenerator.MainWindow] 加载模板: 25040_W-97B配件过程检验表模板.xlsx
[2026-08-21 20:05:54.039] [INFO] [ExcelBatchGenerator.MainWindow] 加载配置: 25040_W-97B配件 - 过程
[2026-08-21 20:05:54.128] [INFO] [ExcelBatchGenerator.MainWindow] 加载配置: 25040_W-97B配件 - 过程
[2026-08-21 20:05:54.129] [INFO] [ExcelBatchGenerator.MainWindow] 模板路径已保存: E:/test-shenzhen/文档模板/97B/25040-97B配件/过程检验表/25040_W-97B配件过程检验表模板.xlsx
[2026-08-21 20:05:56.720] [INFO] [ExcelBatchGenerator.RuleGenerator] ==================================================
[2026-08-21 20:05:56.720] [INFO] [ExcelBatchGenerator.RuleGenerator] 规则生成器启动
[2026-08-21 20:05:56.720] [INFO] [ExcelBatchGenerator.RuleGenerator]   模板路径: E:/test-shenzhen/文档模板/97B/25040-97B配件/过程检验表/25040_W-97B配件过程检验表模板.xlsx
[2026-08-21 20:05:56.720] [INFO] [ExcelBatchGenerator.RuleGenerator]   产品名称: 25040_W-97B配件
[2026-08-21 20:05:56.720] [INFO] [ExcelBatchGenerator.RuleGenerator]   模板类型: 
[2026-08-21 20:05:56.720] [INFO] [ExcelBatchGenerator.RuleGenerator] ==================================================
[2026-08-21 20:05:56.721] [INFO] [ExcelBatchGenerator.RuleGenerator] 初始化 UI...
[2026-08-21 20:05:56.723] [INFO] [ExcelBatchGenerator.RuleGenerator] UI 初始化完成
[2026-08-21 20:05:56.723] [INFO] [ExcelBatchGenerator.RuleGenerator] 自动切换到按行匹配模式（首件/成品模板）
[2026-08-21 20:05:56.723] [INFO] [ExcelBatchGenerator.RuleGenerator] 开始加载 Excel...
[2026-08-21 20:05:56.723] [INFO] [ExcelBatchGenerator.RuleGenerator] load_excel: 开始
[2026-08-21 20:05:56.723] [INFO] [ExcelBatchGenerator.RuleGenerator] 使用 win32com 加载: E:/test-shenzhen/文档模板/97B/25040-97B配件/过程检验表/25040_W-97B配件过程检验表模板.xlsx
[2026-08-21 20:05:56.723] [INFO] [ExcelBatchGenerator.RuleGenerator] 启动 Excel 应用程序...
[2026-08-21 20:05:56.726] [INFO] [ExcelBatchGenerator.RuleGenerator] Excel 已启动
[2026-08-21 20:05:56.726] [INFO] [ExcelBatchGenerator.RuleGenerator] 打开工作簿: E:/test-shenzhen/文档模板/97B/25040-97B配件/过程检验表/25040_W-97B配件过程检验表模板.xlsx
[2026-08-21 20:05:56.760] [INFO] [ExcelBatchGenerator.RuleGenerator] 工作簿已打开
[2026-08-21 20:05:56.766] [INFO] [ExcelBatchGenerator.RuleGenerator] 共 2 个工作表: ['按时检验记录', '过程尺寸检验记录']
[2026-08-21 20:05:56.767] [INFO] [ExcelBatchGenerator.RuleGenerator] _load_sheet_data: 加载工作表 按时检验记录
[2026-08-21 20:05:57.443] [INFO] [ExcelBatchGenerator.RuleGenerator] 通过遍历方式获取到 21 个合并区域
[2026-08-21 20:05:57.443] [INFO] [ExcelBatchGenerator.RuleGenerator] 检测到 21 个合并区域
[2026-08-21 20:05:57.598] [ERROR] [ExcelBatchGenerator.RuleGenerator] win32com 加载失败: 'float' object has no attribute 'strip'
[2026-08-21 20:05:57.601] [ERROR] [ExcelBatchGenerator.RuleGenerator] Traceback (most recent call last):
  File "e:\test-shenzhen\excel_batch_generator\ui\rule_generator_dialog.py", line 382, in load_excel
    self._load_sheet_data(self.worksheet)
    ~~~~~~~~~~~~~~~~~~~~~^^^^^^^^^^^^^^^^
  File "e:\test-shenzhen\excel_batch_generator\ui\rule_generator_dialog.py", line 442, in _load_sheet_data
    max_row, max_col = self._scan_data_range(sheet, merge_areas)
                       ~~~~~~~~~~~~~~~~~~~~~^^^^^^^^^^^^^^^^^^^^
  File "e:\test-shenzhen\excel_batch_generator\ui\rule_generator_dialog.py", line 475, in _scan_data_range
    if val and val.strip():
               ^^^^^^^^^
AttributeError: 'float' object has no attribute 'strip'

[2026-08-21 20:05:57.610] [INFO] [ExcelBatchGenerator.RuleGenerator] 使用 openpyxl 加载...
[2026-08-21 20:05:57.610] [INFO] [ExcelBatchGenerator.RuleGenerator] load_with_openpyxl: 开始
[2026-08-21 20:05:57.633] [INFO] [ExcelBatchGenerator.RuleGenerator] 共 2 个工作表: ['按时检验记录', '过程尺寸检验记录']
[2026-08-21 20:05:57.634] [INFO] [ExcelBatchGenerator.RuleGenerator] openpyxl 实际数据: 17 行, 17 列
[2026-08-21 20:05:57.643] [INFO] [ExcelBatchGenerator.RuleGenerator] load_with_openpyxl: 完成
[2026-08-21 20:05:57.643] [INFO] [ExcelBatchGenerator.RuleGenerator] openpyxl 加载完成
[2026-08-21 20:07:13.648] [INFO] [ExcelBatchGenerator.MainWindow] 程序启动
[2026-08-21 20:07:19.436] [INFO] [ExcelBatchGenerator.MainWindow] 加载模板: 25040_W-97B配件过程检验表模板.xlsx
[2026-08-21 20:07:19.438] [INFO] [ExcelBatchGenerator.MainWindow] 加载配置: 25040_W-97B配件 - 过程
[2026-08-21 20:07:19.508] [INFO] [ExcelBatchGenerator.MainWindow] 加载配置: 25040_W-97B配件 - 过程
[2026-08-21 20:07:19.509] [INFO] [ExcelBatchGenerator.MainWindow] 模板路径已保存: E:/test-shenzhen/文档模板/97B/25040-97B配件/过程检验表/25040_W-97B配件过程检验表模板.xlsx
[2026-08-21 20:07:22.306] [INFO] [ExcelBatchGenerator.RuleGenerator] ==================================================
[2026-08-21 20:07:22.306] [INFO] [ExcelBatchGenerator.RuleGenerator] 规则生成器启动
[2026-08-21 20:07:22.306] [INFO] [ExcelBatchGenerator.RuleGenerator]   模板路径: E:/test-shenzhen/文档模板/97B/25040-97B配件/过程检验表/25040_W-97B配件过程检验表模板.xlsx
[2026-08-21 20:07:22.306] [INFO] [ExcelBatchGenerator.RuleGenerator]   产品名称: 25040_W-97B配件
[2026-08-21 20:07:22.306] [INFO] [ExcelBatchGenerator.RuleGenerator]   模板类型: 
[2026-08-21 20:07:22.306] [INFO] [ExcelBatchGenerator.RuleGenerator] ==================================================
[2026-08-21 20:07:22.307] [INFO] [ExcelBatchGenerator.RuleGenerator] 初始化 UI...
[2026-08-21 20:07:22.309] [INFO] [ExcelBatchGenerator.RuleGenerator] UI 初始化完成
[2026-08-21 20:07:22.309] [INFO] [ExcelBatchGenerator.RuleGenerator] 自动切换到按行匹配模式（首件/成品模板）
[2026-08-21 20:07:22.309] [INFO] [ExcelBatchGenerator.RuleGenerator] 开始加载 Excel...
[2026-08-21 20:07:22.309] [INFO] [ExcelBatchGenerator.RuleGenerator] load_excel: 开始
[2026-08-21 20:07:22.309] [INFO] [ExcelBatchGenerator.RuleGenerator] 使用 win32com 加载: E:/test-shenzhen/文档模板/97B/25040-97B配件/过程检验表/25040_W-97B配件过程检验表模板.xlsx
[2026-08-21 20:07:22.309] [INFO] [ExcelBatchGenerator.RuleGenerator] 启动 Excel 应用程序...
[2026-08-21 20:07:22.311] [INFO] [ExcelBatchGenerator.RuleGenerator] Excel 已启动
[2026-08-21 20:07:22.312] [INFO] [ExcelBatchGenerator.RuleGenerator] 打开工作簿: E:/test-shenzhen/文档模板/97B/25040-97B配件/过程检验表/25040_W-97B配件过程检验表模板.xlsx
[2026-08-21 20:07:22.347] [INFO] [ExcelBatchGenerator.RuleGenerator] 工作簿已打开
[2026-08-21 20:07:22.354] [INFO] [ExcelBatchGenerator.RuleGenerator] 共 2 个工作表: ['按时检验记录', '过程尺寸检验记录']
[2026-08-21 20:07:22.354] [INFO] [ExcelBatchGenerator.RuleGenerator] _load_sheet_data: 加载工作表 按时检验记录
[2026-08-21 20:07:23.045] [INFO] [ExcelBatchGenerator.RuleGenerator] 通过遍历方式获取到 21 个合并区域
[2026-08-21 20:07:23.046] [INFO] [ExcelBatchGenerator.RuleGenerator] 检测到 21 个合并区域
[2026-08-21 20:07:24.141] [INFO] [ExcelBatchGenerator.RuleGenerator] 实际数据范围: 17 行, 17 列
[2026-08-21 20:07:24.141] [INFO] [ExcelBatchGenerator.RuleGenerator] _populate_table_from_win32: 开始填充 17x17
[2026-08-21 20:07:24.143] [INFO] [ExcelBatchGenerator.RuleGenerator] 读取单元格数据...
[2026-08-21 20:07:25.007] [INFO] [ExcelBatchGenerator.RuleGenerator] 单元格数据读取完成
[2026-08-21 20:07:25.010] [INFO] [ExcelBatchGenerator.RuleGenerator] 已应用 21 个合并区域
[2026-08-21 20:07:25.010] [INFO] [ExcelBatchGenerator.RuleGenerator] _populate_table_from_win32: 完成
[2026-08-21 20:07:25.018] [INFO] [ExcelBatchGenerator.RuleGenerator] load_excel: 完成
[2026-08-21 20:07:30.045] [INFO] [ExcelBatchGenerator.RuleGenerator] _load_sheet_data: 加载工作表 过程尺寸检验记录
[2026-08-21 20:07:30.698] [INFO] [ExcelBatchGenerator.RuleGenerator] 通过遍历方式获取到 10 个合并区域
[2026-08-21 20:07:30.699] [INFO] [ExcelBatchGenerator.RuleGenerator] 检测到 10 个合并区域
[2026-08-21 20:07:31.915] [INFO] [ExcelBatchGenerator.RuleGenerator] 实际数据范围: 18 行, 19 列
[2026-08-21 20:07:31.915] [INFO] [ExcelBatchGenerator.RuleGenerator] _populate_table_from_win32: 开始填充 18x19
[2026-08-21 20:07:31.916] [INFO] [ExcelBatchGenerator.RuleGenerator] 读取单元格数据...
[2026-08-21 20:07:32.926] [INFO] [ExcelBatchGenerator.RuleGenerator] 单元格数据读取完成
[2026-08-21 20:07:32.928] [INFO] [ExcelBatchGenerator.RuleGenerator] 已应用 10 个合并区域
[2026-08-21 20:07:32.928] [INFO] [ExcelBatchGenerator.RuleGenerator] _populate_table_from_win32: 完成
[2026-08-21 20:07:32.931] [INFO] [ExcelBatchGenerator.RuleGenerator] 切换到工作表: 过程尺寸检验记录
[2026-08-21 20:12:14.005] [INFO] [ExcelBatchGenerator.RuleGenerator] 规则生成器关闭
[2026-08-21 20:14:26.344] [INFO] [ExcelBatchGenerator.MainWindow] 程序启动
[2026-08-21 20:14:29.988] [INFO] [ExcelBatchGenerator.MainWindow] 加载模板: 25040_W-97B配件过程检验表模板.xlsx
[2026-08-21 20:14:29.989] [INFO] [ExcelBatchGenerator.MainWindow] 加载配置: 25040_W-97B配件 - 过程
[2026-08-21 20:14:30.063] [INFO] [ExcelBatchGenerator.MainWindow] 加载配置: 25040_W-97B配件 - 过程
[2026-08-21 20:14:30.064] [INFO] [ExcelBatchGenerator.MainWindow] 模板路径已保存: E:/test-shenzhen/文档模板/97B/25040-97B配件/过程检验表/25040_W-97B配件过程检验表模板.xlsx
[2026-08-21 20:14:32.264] [INFO] [ExcelBatchGenerator.RuleGenerator] ==================================================
[2026-08-21 20:14:32.264] [INFO] [ExcelBatchGenerator.RuleGenerator] 规则生成器启动
[2026-08-21 20:14:32.264] [INFO] [ExcelBatchGenerator.RuleGenerator]   模板路径: E:/test-shenzhen/文档模板/97B/25040-97B配件/过程检验表/25040_W-97B配件过程检验表模板.xlsx
[2026-08-21 20:14:32.265] [INFO] [ExcelBatchGenerator.RuleGenerator]   产品名称: 25040_W-97B配件
[2026-08-21 20:14:32.265] [INFO] [ExcelBatchGenerator.RuleGenerator]   模板类型: 
[2026-08-21 20:14:32.265] [INFO] [ExcelBatchGenerator.RuleGenerator] ==================================================
[2026-08-21 20:14:32.265] [INFO] [ExcelBatchGenerator.RuleGenerator] 初始化 UI...
[2026-08-21 20:14:32.267] [INFO] [ExcelBatchGenerator.RuleGenerator] UI 初始化完成
[2026-08-21 20:14:32.267] [INFO] [ExcelBatchGenerator.RuleGenerator] 自动切换到按行匹配模式（首件/成品模板）
[2026-08-21 20:14:32.267] [INFO] [ExcelBatchGenerator.RuleGenerator] 开始加载 Excel...
[2026-08-21 20:14:32.267] [INFO] [ExcelBatchGenerator.RuleGenerator] load_excel: 开始
[2026-08-21 20:14:32.267] [INFO] [ExcelBatchGenerator.RuleGenerator] 使用 win32com 加载: E:/test-shenzhen/文档模板/97B/25040-97B配件/过程检验表/25040_W-97B配件过程检验表模板.xlsx
[2026-08-21 20:14:32.268] [INFO] [ExcelBatchGenerator.RuleGenerator] 启动 Excel 应用程序...
[2026-08-21 20:14:32.271] [INFO] [ExcelBatchGenerator.RuleGenerator] Excel 已启动
[2026-08-21 20:14:32.271] [INFO] [ExcelBatchGenerator.RuleGenerator] 打开工作簿: E:/test-shenzhen/文档模板/97B/25040-97B配件/过程检验表/25040_W-97B配件过程检验表模板.xlsx
[2026-08-21 20:14:32.304] [INFO] [ExcelBatchGenerator.RuleGenerator] 工作簿已打开
[2026-08-21 20:14:32.311] [INFO] [ExcelBatchGenerator.RuleGenerator] 共 2 个工作表: ['按时检验记录', '过程尺寸检验记录']
[2026-08-21 20:14:32.311] [INFO] [ExcelBatchGenerator.RuleGenerator] _load_sheet_data: 加载工作表 按时检验记录
[2026-08-21 20:14:32.963] [INFO] [ExcelBatchGenerator.RuleGenerator] 通过遍历方式获取到 21 个合并区域
[2026-08-21 20:14:32.964] [INFO] [ExcelBatchGenerator.RuleGenerator] 检测到 21 个合并区域
[2026-08-21 20:14:32.964] [ERROR] [ExcelBatchGenerator.RuleGenerator] win32com 加载失败: 'int' object has no attribute 'Count'
[2026-08-21 20:14:32.967] [ERROR] [ExcelBatchGenerator.RuleGenerator] Traceback (most recent call last):
  File "e:\test-shenzhen\excel_batch_generator\ui\rule_generator_dialog.py", line 353, in load_excel
    self._load_sheet_data(self.worksheet)
    ~~~~~~~~~~~~~~~~~~~~~^^^^^^^^^^^^^^^^
  File "e:\test-shenzhen\excel_batch_generator\ui\rule_generator_dialog.py", line 413, in _load_sheet_data
    max_row, max_col = self._scan_data_range(sheet, merge_areas)
                       ~~~~~~~~~~~~~~~~~~~~~^^^^^^^^^^^^^^^^^^^^
  File "e:\test-shenzhen\excel_batch_generator\ui\rule_generator_dialog.py", line 430, in _scan_data_range
    for r in range(area['Row'], area['Row'] + area['Rows'].Count):
                                              ^^^^^^^^^^^^^^^^^^
AttributeError: 'int' object has no attribute 'Count'

[2026-08-21 20:14:32.973] [INFO] [ExcelBatchGenerator.RuleGenerator] 使用 openpyxl 加载...
[2026-08-21 20:14:32.974] [INFO] [ExcelBatchGenerator.RuleGenerator] load_with_openpyxl: 开始
[2026-08-21 20:14:32.998] [INFO] [ExcelBatchGenerator.RuleGenerator] 共 2 个工作表: ['按时检验记录', '过程尺寸检验记录']
[2026-08-21 20:14:32.999] [INFO] [ExcelBatchGenerator.RuleGenerator] openpyxl 实际数据: 17 行, 17 列
[2026-08-21 20:14:33.008] [INFO] [ExcelBatchGenerator.RuleGenerator] load_with_openpyxl: 完成
[2026-08-21 20:14:33.008] [INFO] [ExcelBatchGenerator.RuleGenerator] openpyxl 加载完成
[2026-08-21 20:25:55.904] [INFO] [ExcelBatchGenerator.MainWindow] 程序启动
[2026-08-21 20:26:00.437] [INFO] [ExcelBatchGenerator.MainWindow] 加载模板: 25040_W-97B配件过程检验表模板.xlsx
[2026-08-21 20:26:00.437] [INFO] [ExcelBatchGenerator.MainWindow] 加载配置: 25040_W-97B配件 - 过程
[2026-08-21 20:26:00.508] [INFO] [ExcelBatchGenerator.MainWindow] 加载配置: 25040_W-97B配件 - 过程
[2026-08-21 20:26:00.508] [INFO] [ExcelBatchGenerator.MainWindow] 模板路径已保存: E:/test-shenzhen/文档模板/97B/25040-97B配件/过程检验表/25040_W-97B配件过程检验表模板.xlsx
[2026-08-21 20:26:02.064] [INFO] [ExcelBatchGenerator.RuleGenerator] ==================================================
[2026-08-21 20:26:02.064] [INFO] [ExcelBatchGenerator.RuleGenerator] 规则生成器启动
[2026-08-21 20:26:02.065] [INFO] [ExcelBatchGenerator.RuleGenerator]   模板路径: E:/test-shenzhen/文档模板/97B/25040-97B配件/过程检验表/25040_W-97B配件过程检验表模板.xlsx
[2026-08-21 20:26:02.065] [INFO] [ExcelBatchGenerator.RuleGenerator]   产品名称: 25040_W-97B配件
[2026-08-21 20:26:02.065] [INFO] [ExcelBatchGenerator.RuleGenerator]   模板类型: 
[2026-08-21 20:26:02.065] [INFO] [ExcelBatchGenerator.RuleGenerator] ==================================================
[2026-08-21 20:26:02.066] [INFO] [ExcelBatchGenerator.RuleGenerator] 初始化 UI...
[2026-08-21 20:26:02.067] [INFO] [ExcelBatchGenerator.RuleGenerator] UI 初始化完成
[2026-08-21 20:26:02.067] [INFO] [ExcelBatchGenerator.RuleGenerator] 自动切换到按行匹配模式（首件/成品模板）
[2026-08-21 20:26:02.067] [INFO] [ExcelBatchGenerator.RuleGenerator] 开始加载 Excel...
[2026-08-21 20:26:02.068] [INFO] [ExcelBatchGenerator.RuleGenerator] load_excel: 开始
[2026-08-21 20:26:02.068] [INFO] [ExcelBatchGenerator.RuleGenerator] 使用 win32com 加载: E:/test-shenzhen/文档模板/97B/25040-97B配件/过程检验表/25040_W-97B配件过程检验表模板.xlsx
[2026-08-21 20:26:02.068] [INFO] [ExcelBatchGenerator.RuleGenerator] 启动 Excel 应用程序...
[2026-08-21 20:26:02.070] [INFO] [ExcelBatchGenerator.RuleGenerator] Excel 已启动
[2026-08-21 20:26:02.070] [INFO] [ExcelBatchGenerator.RuleGenerator] 打开工作簿: E:/test-shenzhen/文档模板/97B/25040-97B配件/过程检验表/25040_W-97B配件过程检验表模板.xlsx
[2026-08-21 20:26:02.104] [INFO] [ExcelBatchGenerator.RuleGenerator] 工作簿已打开
[2026-08-21 20:26:02.111] [INFO] [ExcelBatchGenerator.RuleGenerator] 共 2 个工作表: ['按时检验记录', '过程尺寸检验记录']
[2026-08-21 20:26:02.111] [INFO] [ExcelBatchGenerator.RuleGenerator] _load_sheet_data: 加载工作表 按时检验记录
[2026-08-21 20:26:02.837] [INFO] [ExcelBatchGenerator.RuleGenerator] 通过遍历方式获取到 21 个合并区域
[2026-08-21 20:26:02.838] [INFO] [ExcelBatchGenerator.RuleGenerator] 检测到 21 个合并区域
[2026-08-21 20:26:02.838] [ERROR] [ExcelBatchGenerator.RuleGenerator] win32com 加载失败: unsupported operand type(s) for +: 'int' and 'Range'
[2026-08-21 20:26:02.839] [ERROR] [ExcelBatchGenerator.RuleGenerator] Traceback (most recent call last):
  File "e:\test-shenzhen\excel_batch_generator\ui\rule_generator_dialog.py", line 382, in load_excel
    self._load_sheet_data(self.worksheet)
    ~~~~~~~~~~~~~~~~~~~~~^^^^^^^^^^^^^^^^
  File "e:\test-shenzhen\excel_batch_generator\ui\rule_generator_dialog.py", line 442, in _load_sheet_data
    max_row, max_col = self._scan_data_range(sheet, merge_areas)
                       ~~~~~~~~~~~~~~~~~~~~~^^^^^^^^^^^^^^^^^^^^
  File "e:\test-shenzhen\excel_batch_generator\ui\rule_generator_dialog.py", line 459, in _scan_data_range
    for r in range(area['Row'], area['Row'] + area['Rows']):
                                ~~~~~~~~~~~~^~~~~~~~~~~~~~
TypeError: unsupported operand type(s) for +: 'int' and 'Range'

[2026-08-21 20:26:02.850] [INFO] [ExcelBatchGenerator.RuleGenerator] 使用 openpyxl 加载...
[2026-08-21 20:26:02.850] [INFO] [ExcelBatchGenerator.RuleGenerator] load_with_openpyxl: 开始
[2026-08-21 20:26:02.874] [INFO] [ExcelBatchGenerator.RuleGenerator] 共 2 个工作表: ['按时检验记录', '过程尺寸检验记录']
[2026-08-21 20:26:02.875] [INFO] [ExcelBatchGenerator.RuleGenerator] openpyxl 实际数据: 17 行, 17 列
[2026-08-21 20:26:02.883] [INFO] [ExcelBatchGenerator.RuleGenerator] load_with_openpyxl: 完成
[2026-08-21 20:26:02.884] [INFO] [ExcelBatchGenerator.RuleGenerator] openpyxl 加载完成
[2026-08-21 20:28:54.940] [INFO] [ExcelBatchGenerator.RuleGenerator] 规则生成器关闭
[2026-08-21 20:29:00.018] [INFO] [ExcelBatchGenerator.MainWindow] 程序启动
[2026-08-21 20:29:03.727] [INFO] [ExcelBatchGenerator.MainWindow] 加载模板: 25040_W-97B配件过程检验表模板.xlsx
[2026-08-21 20:29:03.727] [INFO] [ExcelBatchGenerator.MainWindow] 加载配置: 25040_W-97B配件 - 过程
[2026-08-21 20:29:03.814] [INFO] [ExcelBatchGenerator.MainWindow] 加载配置: 25040_W-97B配件 - 过程
[2026-08-21 20:29:03.814] [INFO] [ExcelBatchGenerator.MainWindow] 模板路径已保存: E:/test-shenzhen/文档模板/97B/25040-97B配件/过程检验表/25040_W-97B配件过程检验表模板.xlsx
[2026-08-21 20:29:05.290] [INFO] [ExcelBatchGenerator.RuleGenerator] ==================================================
[2026-08-21 20:29:05.290] [INFO] [ExcelBatchGenerator.RuleGenerator] 规则生成器启动
[2026-08-21 20:29:05.290] [INFO] [ExcelBatchGenerator.RuleGenerator]   模板路径: E:/test-shenzhen/文档模板/97B/25040-97B配件/过程检验表/25040_W-97B配件过程检验表模板.xlsx
[2026-08-21 20:29:05.290] [INFO] [ExcelBatchGenerator.RuleGenerator]   产品名称: 25040_W-97B配件
[2026-08-21 20:29:05.290] [INFO] [ExcelBatchGenerator.RuleGenerator]   模板类型: 
[2026-08-21 20:29:05.290] [INFO] [ExcelBatchGenerator.RuleGenerator] ==================================================
[2026-08-21 20:29:05.291] [INFO] [ExcelBatchGenerator.RuleGenerator] 初始化 UI...
[2026-08-21 20:29:05.294] [INFO] [ExcelBatchGenerator.RuleGenerator] UI 初始化完成
[2026-08-21 20:29:05.294] [INFO] [ExcelBatchGenerator.RuleGenerator] 自动切换到按行匹配模式（首件/成品模板）
[2026-08-21 20:29:05.295] [INFO] [ExcelBatchGenerator.RuleGenerator] 开始加载 Excel...
[2026-08-21 20:29:05.295] [INFO] [ExcelBatchGenerator.RuleGenerator] load_excel: 开始
[2026-08-21 20:29:05.295] [INFO] [ExcelBatchGenerator.RuleGenerator] 使用 win32com 加载: E:/test-shenzhen/文档模板/97B/25040-97B配件/过程检验表/25040_W-97B配件过程检验表模板.xlsx
[2026-08-21 20:29:05.295] [INFO] [ExcelBatchGenerator.RuleGenerator] 启动 Excel 应用程序...
[2026-08-21 20:29:05.299] [INFO] [ExcelBatchGenerator.RuleGenerator] Excel 已启动
[2026-08-21 20:29:05.300] [INFO] [ExcelBatchGenerator.RuleGenerator] 打开工作簿: E:/test-shenzhen/文档模板/97B/25040-97B配件/过程检验表/25040_W-97B配件过程检验表模板.xlsx
[2026-08-21 20:29:05.332] [INFO] [ExcelBatchGenerator.RuleGenerator] 工作簿已打开
[2026-08-21 20:29:05.341] [INFO] [ExcelBatchGenerator.RuleGenerator] 共 2 个工作表: ['按时检验记录', '过程尺寸检验记录']
[2026-08-21 20:29:05.341] [INFO] [ExcelBatchGenerator.RuleGenerator] _load_sheet_data: 加载工作表 按时检验记录
[2026-08-21 20:29:06.091] [INFO] [ExcelBatchGenerator.RuleGenerator] 通过遍历方式获取到 21 个合并区域
[2026-08-21 20:29:06.093] [INFO] [ExcelBatchGenerator.RuleGenerator] 检测到 21 个合并区域
[2026-08-21 20:29:07.283] [INFO] [ExcelBatchGenerator.RuleGenerator] 实际数据范围: 17 行, 17 列
[2026-08-21 20:29:07.283] [INFO] [ExcelBatchGenerator.RuleGenerator] _populate_table_from_win32: 开始填充 17x17
[2026-08-21 20:29:07.287] [INFO] [ExcelBatchGenerator.RuleGenerator] 读取单元格数据...
[2026-08-21 20:29:08.170] [INFO] [ExcelBatchGenerator.RuleGenerator] 单元格数据读取完成
[2026-08-21 20:29:08.175] [INFO] [ExcelBatchGenerator.RuleGenerator] 已应用 21 个合并区域
[2026-08-21 20:29:08.175] [INFO] [ExcelBatchGenerator.RuleGenerator] _populate_table_from_win32: 完成
[2026-08-21 20:29:08.191] [INFO] [ExcelBatchGenerator.RuleGenerator] load_excel: 完成
[2026-08-21 20:29:18.405] [INFO] [ExcelBatchGenerator.RuleGenerator] _load_sheet_data: 加载工作表 过程尺寸检验记录
[2026-08-21 20:29:19.055] [INFO] [ExcelBatchGenerator.RuleGenerator] 通过遍历方式获取到 10 个合并区域
[2026-08-21 20:29:19.056] [INFO] [ExcelBatchGenerator.RuleGenerator] 检测到 10 个合并区域
[2026-08-21 20:29:20.549] [INFO] [ExcelBatchGenerator.RuleGenerator] 实际数据范围: 18 行, 19 列
[2026-08-21 20:29:20.550] [INFO] [ExcelBatchGenerator.RuleGenerator] _populate_table_from_win32: 开始填充 18x19
[2026-08-21 20:29:20.550] [INFO] [ExcelBatchGenerator.RuleGenerator] 读取单元格数据...
[2026-08-21 20:29:21.497] [INFO] [ExcelBatchGenerator.RuleGenerator] 单元格数据读取完成
[2026-08-21 20:29:21.499] [INFO] [ExcelBatchGenerator.RuleGenerator] 已应用 10 个合并区域
[2026-08-21 20:29:21.499] [INFO] [ExcelBatchGenerator.RuleGenerator] _populate_table_from_win32: 完成
[2026-08-21 20:29:21.503] [INFO] [ExcelBatchGenerator.RuleGenerator] 切换到工作表: 过程尺寸检验记录
[2026-08-21 20:29:47.971] [INFO] [ExcelBatchGenerator.RuleGenerator] 规则生成器关闭
[2026-08-21 20:30:16.380] [INFO] [ExcelBatchGenerator.RuleGenerator] ==================================================
[2026-08-21 20:30:16.380] [INFO] [ExcelBatchGenerator.RuleGenerator] 规则生成器启动
[2026-08-21 20:30:16.380] [INFO] [ExcelBatchGenerator.RuleGenerator]   模板路径: E:/test-shenzhen/文档模板/97B/25040-97B配件/过程检验表/25040_W-97B配件过程检验表模板.xlsx
[2026-08-21 20:30:16.381] [INFO] [ExcelBatchGenerator.RuleGenerator]   产品名称: 25040_W-97B配件
[2026-08-21 20:30:16.381] [INFO] [ExcelBatchGenerator.RuleGenerator]   模板类型: 
[2026-08-21 20:30:16.381] [INFO] [ExcelBatchGenerator.RuleGenerator] ==================================================
[2026-08-21 20:30:16.381] [INFO] [ExcelBatchGenerator.RuleGenerator] 初始化 UI...
[2026-08-21 20:30:16.386] [INFO] [ExcelBatchGenerator.RuleGenerator] UI 初始化完成
[2026-08-21 20:30:16.386] [INFO] [ExcelBatchGenerator.RuleGenerator] 自动切换到按行匹配模式（首件/成品模板）
[2026-08-21 20:30:16.386] [INFO] [ExcelBatchGenerator.RuleGenerator] 开始加载 Excel...
[2026-08-21 20:30:16.386] [INFO] [ExcelBatchGenerator.RuleGenerator] load_excel: 开始
[2026-08-21 20:30:16.386] [INFO] [ExcelBatchGenerator.RuleGenerator] 使用 win32com 加载: E:/test-shenzhen/文档模板/97B/25040-97B配件/过程检验表/25040_W-97B配件过程检验表模板.xlsx
[2026-08-21 20:30:16.387] [INFO] [ExcelBatchGenerator.RuleGenerator] 启动 Excel 应用程序...
[2026-08-21 20:30:16.389] [INFO] [ExcelBatchGenerator.RuleGenerator] Excel 已启动
[2026-08-21 20:30:16.389] [INFO] [ExcelBatchGenerator.RuleGenerator] 打开工作簿: E:/test-shenzhen/文档模板/97B/25040-97B配件/过程检验表/25040_W-97B配件过程检验表模板.xlsx
[2026-08-21 20:30:16.442] [INFO] [ExcelBatchGenerator.RuleGenerator] 工作簿已打开
[2026-08-21 20:30:16.449] [INFO] [ExcelBatchGenerator.RuleGenerator] 共 2 个工作表: ['按时检验记录', '过程尺寸检验记录']
[2026-08-21 20:30:16.450] [INFO] [ExcelBatchGenerator.RuleGenerator] _load_sheet_data: 加载工作表 按时检验记录
[2026-08-21 20:30:17.351] [INFO] [ExcelBatchGenerator.RuleGenerator] 通过遍历方式获取到 21 个合并区域
[2026-08-21 20:30:17.352] [INFO] [ExcelBatchGenerator.RuleGenerator] 检测到 21 个合并区域
[2026-08-21 20:30:18.582] [INFO] [ExcelBatchGenerator.RuleGenerator] 实际数据范围: 17 行, 17 列
[2026-08-21 20:30:18.582] [INFO] [ExcelBatchGenerator.RuleGenerator] _populate_table_from_win32: 开始填充 17x17
[2026-08-21 20:30:18.583] [INFO] [ExcelBatchGenerator.RuleGenerator] 读取单元格数据...
[2026-08-21 20:30:19.455] [INFO] [ExcelBatchGenerator.RuleGenerator] 单元格数据读取完成
[2026-08-21 20:30:19.459] [INFO] [ExcelBatchGenerator.RuleGenerator] 已应用 21 个合并区域
[2026-08-21 20:30:19.459] [INFO] [ExcelBatchGenerator.RuleGenerator] _populate_table_from_win32: 完成
[2026-08-21 20:30:19.465] [INFO] [ExcelBatchGenerator.RuleGenerator] load_excel: 完成
[2026-08-21 20:30:28.721] [INFO] [ExcelBatchGenerator.RuleGenerator] 规则生成器关闭
[2026-08-21 20:32:52.911] [INFO] [ExcelBatchGenerator.MainWindow] 程序启动
[2026-08-21 20:32:56.238] [INFO] [ExcelBatchGenerator.MainWindow] 加载模板: 25040_W-97B配件过程检验表模板.xlsx
[2026-08-21 20:32:56.238] [INFO] [ExcelBatchGenerator.MainWindow] 加载配置: 25040_W-97B配件 - 过程
[2026-08-21 20:32:56.319] [INFO] [ExcelBatchGenerator.MainWindow] 加载配置: 25040_W-97B配件 - 过程
[2026-08-21 20:32:56.319] [INFO] [ExcelBatchGenerator.MainWindow] 模板路径已保存: E:/test-shenzhen/文档模板/97B/25040-97B配件/过程检验表/25040_W-97B配件过程检验表模板.xlsx
[2026-08-21 20:32:57.799] [INFO] [ExcelBatchGenerator.RuleGenerator] ==================================================
[2026-08-21 20:32:57.799] [INFO] [ExcelBatchGenerator.RuleGenerator] 规则生成器启动
[2026-08-21 20:32:57.799] [INFO] [ExcelBatchGenerator.RuleGenerator]   模板路径: E:/test-shenzhen/文档模板/97B/25040-97B配件/过程检验表/25040_W-97B配件过程检验表模板.xlsx
[2026-08-21 20:32:57.799] [INFO] [ExcelBatchGenerator.RuleGenerator]   产品名称: 25040_W-97B配件
[2026-08-21 20:32:57.800] [INFO] [ExcelBatchGenerator.RuleGenerator]   模板类型: 
[2026-08-21 20:32:57.800] [INFO] [ExcelBatchGenerator.RuleGenerator] ==================================================
[2026-08-21 20:32:57.800] [INFO] [ExcelBatchGenerator.RuleGenerator] 初始化 UI...
[2026-08-21 20:32:57.802] [INFO] [ExcelBatchGenerator.RuleGenerator] UI 初始化完成
[2026-08-21 20:32:57.802] [INFO] [ExcelBatchGenerator.RuleGenerator] 自动切换到按行匹配模式（首件/成品模板）
[2026-08-21 20:32:57.802] [INFO] [ExcelBatchGenerator.RuleGenerator] 开始加载 Excel...
[2026-08-21 20:32:57.802] [INFO] [ExcelBatchGenerator.RuleGenerator] load_excel: 开始
[2026-08-21 20:32:57.802] [INFO] [ExcelBatchGenerator.RuleGenerator] 使用 win32com 加载: E:/test-shenzhen/文档模板/97B/25040-97B配件/过程检验表/25040_W-97B配件过程检验表模板.xlsx
[2026-08-21 20:32:57.802] [INFO] [ExcelBatchGenerator.RuleGenerator] 启动 Excel 应用程序...
[2026-08-21 20:32:57.805] [INFO] [ExcelBatchGenerator.RuleGenerator] Excel 已启动
[2026-08-21 20:32:57.805] [INFO] [ExcelBatchGenerator.RuleGenerator] 打开工作簿: E:/test-shenzhen/文档模板/97B/25040-97B配件/过程检验表/25040_W-97B配件过程检验表模板.xlsx
[2026-08-21 20:32:57.839] [INFO] [ExcelBatchGenerator.RuleGenerator] 工作簿已打开
[2026-08-21 20:32:57.847] [INFO] [ExcelBatchGenerator.RuleGenerator] 共 2 个工作表: ['按时检验记录', '过程尺寸检验记录']
[2026-08-21 20:32:57.847] [INFO] [ExcelBatchGenerator.RuleGenerator] _load_sheet_data: 加载工作表 按时检验记录
[2026-08-21 20:32:59.261] [INFO] [ExcelBatchGenerator.RuleGenerator] 通过遍历方式获取到 445 个合并区域
[2026-08-21 20:32:59.261] [INFO] [ExcelBatchGenerator.RuleGenerator] 检测到 445 个合并区域
[2026-08-21 20:33:00.465] [INFO] [ExcelBatchGenerator.RuleGenerator] 实际数据范围: 18 行, 30 列
[2026-08-21 20:33:00.465] [INFO] [ExcelBatchGenerator.RuleGenerator] _populate_table_from_win32: 开始填充 18x30
[2026-08-21 20:33:00.468] [INFO] [ExcelBatchGenerator.RuleGenerator] 读取单元格数据...
[2026-08-21 20:33:02.084] [INFO] [ExcelBatchGenerator.RuleGenerator] 单元格数据读取完成
[2026-08-21 20:33:02.085] [INFO] [ExcelBatchGenerator.RuleGenerator] 已应用 21 个合并区域
[2026-08-21 20:33:02.085] [INFO] [ExcelBatchGenerator.RuleGenerator] _populate_table_from_win32: 完成
[2026-08-21 20:33:02.091] [INFO] [ExcelBatchGenerator.RuleGenerator] load_excel: 完成
[2026-08-21 20:33:10.925] [INFO] [ExcelBatchGenerator.RuleGenerator] _load_sheet_data: 加载工作表 过程尺寸检验记录
[2026-08-21 20:33:12.320] [INFO] [ExcelBatchGenerator.RuleGenerator] 通过遍历方式获取到 312 个合并区域
[2026-08-21 20:33:12.320] [INFO] [ExcelBatchGenerator.RuleGenerator] 检测到 312 个合并区域
[2026-08-21 20:33:13.639] [INFO] [ExcelBatchGenerator.RuleGenerator] 实际数据范围: 20 行, 20 列
[2026-08-21 20:33:13.639] [INFO] [ExcelBatchGenerator.RuleGenerator] _populate_table_from_win32: 开始填充 20x20
[2026-08-21 20:33:13.639] [INFO] [ExcelBatchGenerator.RuleGenerator] 读取单元格数据...
[2026-08-21 20:33:14.871] [INFO] [ExcelBatchGenerator.RuleGenerator] 单元格数据读取完成
[2026-08-21 20:33:14.871] [INFO] [ExcelBatchGenerator.RuleGenerator] 已应用 10 个合并区域
[2026-08-21 20:33:14.871] [INFO] [ExcelBatchGenerator.RuleGenerator] _populate_table_from_win32: 完成
[2026-08-21 20:33:14.874] [INFO] [ExcelBatchGenerator.RuleGenerator] 切换到工作表: 过程尺寸检验记录
[2026-08-21 20:33:30.532] [INFO] [ExcelBatchGenerator.RuleGenerator] 规则生成器关闭
[2026-08-21 20:36:18.367] [INFO] [ExcelBatchGenerator.MainWindow] 程序启动
[2026-08-21 20:36:22.222] [INFO] [ExcelBatchGenerator.MainWindow] 加载模板: 25040_W-97B配件过程检验表模板.xlsx
[2026-08-21 20:36:22.223] [INFO] [ExcelBatchGenerator.MainWindow] 加载配置: 25040_W-97B配件 - 过程
[2026-08-21 20:36:22.298] [INFO] [ExcelBatchGenerator.MainWindow] 加载配置: 25040_W-97B配件 - 过程
[2026-08-21 20:36:22.298] [INFO] [ExcelBatchGenerator.MainWindow] 模板路径已保存: E:/test-shenzhen/文档模板/97B/25040-97B配件/过程检验表/25040_W-97B配件过程检验表模板.xlsx
[2026-08-21 20:36:25.662] [INFO] [ExcelBatchGenerator.RuleGenerator] ==================================================
[2026-08-21 20:36:25.662] [INFO] [ExcelBatchGenerator.RuleGenerator] 规则生成器启动
[2026-08-21 20:36:25.662] [INFO] [ExcelBatchGenerator.RuleGenerator]   模板路径: E:/test-shenzhen/文档模板/97B/25040-97B配件/过程检验表/25040_W-97B配件过程检验表模板.xlsx
[2026-08-21 20:36:25.662] [INFO] [ExcelBatchGenerator.RuleGenerator]   产品名称: 25040_W-97B配件
[2026-08-21 20:36:25.662] [INFO] [ExcelBatchGenerator.RuleGenerator]   模板类型: 
[2026-08-21 20:36:25.662] [INFO] [ExcelBatchGenerator.RuleGenerator] ==================================================
[2026-08-21 20:36:25.663] [INFO] [ExcelBatchGenerator.RuleGenerator] 初始化 UI...
[2026-08-21 20:36:25.665] [INFO] [ExcelBatchGenerator.RuleGenerator] UI 初始化完成
[2026-08-21 20:36:25.665] [INFO] [ExcelBatchGenerator.RuleGenerator] 自动切换到按行匹配模式（首件/成品模板）
[2026-08-21 20:36:25.665] [INFO] [ExcelBatchGenerator.RuleGenerator] 开始加载 Excel...
[2026-08-21 20:36:25.665] [INFO] [ExcelBatchGenerator.RuleGenerator] load_excel: 开始
[2026-08-21 20:36:25.665] [INFO] [ExcelBatchGenerator.RuleGenerator] 使用 win32com 加载: E:/test-shenzhen/文档模板/97B/25040-97B配件/过程检验表/25040_W-97B配件过程检验表模板.xlsx
[2026-08-21 20:36:25.665] [INFO] [ExcelBatchGenerator.RuleGenerator] 启动 Excel 应用程序...
[2026-08-21 20:36:25.668] [INFO] [ExcelBatchGenerator.RuleGenerator] Excel 已启动
[2026-08-21 20:36:25.668] [INFO] [ExcelBatchGenerator.RuleGenerator] 打开工作簿: E:/test-shenzhen/文档模板/97B/25040-97B配件/过程检验表/25040_W-97B配件过程检验表模板.xlsx
[2026-08-21 20:36:25.705] [INFO] [ExcelBatchGenerator.RuleGenerator] 工作簿已打开
[2026-08-21 20:36:25.711] [INFO] [ExcelBatchGenerator.RuleGenerator] 共 2 个工作表: ['按时检验记录', '过程尺寸检验记录']
[2026-08-21 20:36:25.711] [INFO] [ExcelBatchGenerator.RuleGenerator] _load_sheet_data: 加载工作表 按时检验记录
[2026-08-21 20:36:27.179] [INFO] [ExcelBatchGenerator.RuleGenerator] 通过遍历方式获取到 445 个合并区域
[2026-08-21 20:36:27.179] [INFO] [ExcelBatchGenerator.RuleGenerator] 检测到 445 个合并区域
[2026-08-21 20:36:28.516] [INFO] [ExcelBatchGenerator.RuleGenerator] 实际数据范围: 18 行, 30 列
[2026-08-21 20:36:28.516] [INFO] [ExcelBatchGenerator.RuleGenerator] _populate_table_from_win32: 开始填充 18x30
[2026-08-21 20:36:28.519] [INFO] [ExcelBatchGenerator.RuleGenerator] 读取单元格数据...
[2026-08-21 20:36:30.087] [INFO] [ExcelBatchGenerator.RuleGenerator] 单元格数据读取完成
[2026-08-21 20:36:30.087] [INFO] [ExcelBatchGenerator.RuleGenerator] 已应用 21 个合并区域
[2026-08-21 20:36:30.087] [INFO] [ExcelBatchGenerator.RuleGenerator] _populate_table_from_win32: 完成
[2026-08-21 20:36:30.093] [INFO] [ExcelBatchGenerator.RuleGenerator] load_excel: 完成
[2026-08-21 20:36:32.707] [INFO] [ExcelBatchGenerator.RuleGenerator] _load_sheet_data: 加载工作表 过程尺寸检验记录
[2026-08-21 20:36:33.807] [INFO] [ExcelBatchGenerator.RuleGenerator] 通过遍历方式获取到 312 个合并区域
[2026-08-21 20:36:33.808] [INFO] [ExcelBatchGenerator.RuleGenerator] 检测到 312 个合并区域
[2026-08-21 20:36:34.909] [INFO] [ExcelBatchGenerator.RuleGenerator] 实际数据范围: 20 行, 20 列
[2026-08-21 20:36:34.909] [INFO] [ExcelBatchGenerator.RuleGenerator] _populate_table_from_win32: 开始填充 20x20
[2026-08-21 20:36:34.909] [INFO] [ExcelBatchGenerator.RuleGenerator] 读取单元格数据...
[2026-08-21 20:36:36.031] [INFO] [ExcelBatchGenerator.RuleGenerator] 单元格数据读取完成
[2026-08-21 20:36:36.031] [INFO] [ExcelBatchGenerator.RuleGenerator] 已应用 10 个合并区域
[2026-08-21 20:36:36.032] [INFO] [ExcelBatchGenerator.RuleGenerator] _populate_table_from_win32: 完成
[2026-08-21 20:36:36.034] [INFO] [ExcelBatchGenerator.RuleGenerator] 切换到工作表: 过程尺寸检验记录
[2026-08-21 20:36:52.524] [INFO] [ExcelBatchGenerator.RuleGenerator] 规则生成器关闭
[2026-08-21 20:45:37.420] [INFO] [ExcelBatchGenerator.MainWindow] 程序启动
[2026-08-21 20:45:41.534] [INFO] [ExcelBatchGenerator.MainWindow] 加载模板: 25040_W-97B配件过程检验表模板.xlsx
[2026-08-21 20:45:41.534] [INFO] [ExcelBatchGenerator.MainWindow] 加载配置: 25040_W-97B配件 - 过程
[2026-08-21 20:45:41.620] [INFO] [ExcelBatchGenerator.MainWindow] 加载配置: 25040_W-97B配件 - 过程
[2026-08-21 20:45:41.620] [INFO] [ExcelBatchGenerator.MainWindow] 模板路径已保存: E:/test-shenzhen/文档模板/97B/25040-97B配件/过程检验表/25040_W-97B配件过程检验表模板.xlsx
[2026-08-21 20:45:45.477] [INFO] [ExcelBatchGenerator.RuleGenerator] ==================================================
[2026-08-21 20:45:45.477] [INFO] [ExcelBatchGenerator.RuleGenerator] 规则生成器启动
[2026-08-21 20:45:45.477] [INFO] [ExcelBatchGenerator.RuleGenerator]   模板路径: E:/test-shenzhen/文档模板/97B/25040-97B配件/过程检验表/25040_W-97B配件过程检验表模板.xlsx
[2026-08-21 20:45:45.478] [INFO] [ExcelBatchGenerator.RuleGenerator]   产品名称: 25040_W-97B配件
[2026-08-21 20:45:45.478] [INFO] [ExcelBatchGenerator.RuleGenerator]   模板类型: 
[2026-08-21 20:45:45.478] [INFO] [ExcelBatchGenerator.RuleGenerator] ==================================================
[2026-08-21 20:45:45.479] [INFO] [ExcelBatchGenerator.RuleGenerator] 初始化 UI...
[2026-08-21 20:45:45.481] [INFO] [ExcelBatchGenerator.RuleGenerator] UI 初始化完成
[2026-08-21 20:45:45.481] [INFO] [ExcelBatchGenerator.RuleGenerator] 自动切换到按行匹配模式（首件/成品模板）
[2026-08-21 20:45:45.481] [INFO] [ExcelBatchGenerator.RuleGenerator] 开始加载 Excel...
[2026-08-21 20:45:45.481] [INFO] [ExcelBatchGenerator.RuleGenerator] load_excel: 开始
[2026-08-21 20:45:45.481] [INFO] [ExcelBatchGenerator.RuleGenerator] 使用 win32com 加载: E:/test-shenzhen/文档模板/97B/25040-97B配件/过程检验表/25040_W-97B配件过程检验表模板.xlsx
[2026-08-21 20:45:45.481] [INFO] [ExcelBatchGenerator.RuleGenerator] 启动 Excel 应用程序...
[2026-08-21 20:45:45.485] [INFO] [ExcelBatchGenerator.RuleGenerator] Excel 已启动
[2026-08-21 20:45:45.485] [INFO] [ExcelBatchGenerator.RuleGenerator] 打开工作簿: E:/test-shenzhen/文档模板/97B/25040-97B配件/过程检验表/25040_W-97B配件过程检验表模板.xlsx
[2026-08-21 20:45:45.520] [INFO] [ExcelBatchGenerator.RuleGenerator] 工作簿已打开
[2026-08-21 20:45:45.527] [INFO] [ExcelBatchGenerator.RuleGenerator] 共 2 个工作表: ['按时检验记录', '过程尺寸检验记录']
[2026-08-21 20:45:45.527] [INFO] [ExcelBatchGenerator.RuleGenerator] _load_sheet_data: 加载工作表 按时检验记录
[2026-08-21 20:45:46.977] [INFO] [ExcelBatchGenerator.RuleGenerator] 通过遍历方式获取到 445 个合并区域
[2026-08-21 20:45:46.977] [INFO] [ExcelBatchGenerator.RuleGenerator] 检测到 445 个合并区域
[2026-08-21 20:45:48.148] [INFO] [ExcelBatchGenerator.RuleGenerator] 实际数据范围: 18 行, 30 列
[2026-08-21 20:45:48.148] [INFO] [ExcelBatchGenerator.RuleGenerator] _populate_table_from_win32: 开始填充 18x30
[2026-08-21 20:45:48.150] [INFO] [ExcelBatchGenerator.RuleGenerator] 读取单元格数据...
[2026-08-21 20:45:49.723] [INFO] [ExcelBatchGenerator.RuleGenerator] 单元格数据读取完成
[2026-08-21 20:45:49.724] [INFO] [ExcelBatchGenerator.RuleGenerator] 已应用 21 个合并区域
[2026-08-21 20:45:49.724] [INFO] [ExcelBatchGenerator.RuleGenerator] _populate_table_from_win32: 完成
[2026-08-21 20:45:49.729] [INFO] [ExcelBatchGenerator.RuleGenerator] load_excel: 完成
[2026-08-21 20:45:54.373] [INFO] [ExcelBatchGenerator.RuleGenerator] _load_sheet_data: 加载工作表 过程尺寸检验记录
[2026-08-21 20:45:55.746] [INFO] [ExcelBatchGenerator.RuleGenerator] 通过遍历方式获取到 312 个合并区域
[2026-08-21 20:45:55.747] [INFO] [ExcelBatchGenerator.RuleGenerator] 检测到 312 个合并区域
[2026-08-21 20:45:57.204] [INFO] [ExcelBatchGenerator.RuleGenerator] 实际数据范围: 20 行, 20 列
[2026-08-21 20:45:57.205] [INFO] [ExcelBatchGenerator.RuleGenerator] _populate_table_from_win32: 开始填充 20x20
[2026-08-21 20:45:57.205] [INFO] [ExcelBatchGenerator.RuleGenerator] 读取单元格数据...
[2026-08-21 20:45:58.419] [INFO] [ExcelBatchGenerator.RuleGenerator] 单元格数据读取完成
[2026-08-21 20:45:58.420] [INFO] [ExcelBatchGenerator.RuleGenerator] 已应用 10 个合并区域
[2026-08-21 20:45:58.420] [INFO] [ExcelBatchGenerator.RuleGenerator] _populate_table_from_win32: 完成
[2026-08-21 20:45:58.423] [INFO] [ExcelBatchGenerator.RuleGenerator] 切换到工作表: 过程尺寸检验记录
[2026-08-21 20:46:43.769] [INFO] [ExcelBatchGenerator.RuleGenerator] 规则生成器关闭
[2026-08-21 20:46:48.726] [INFO] [ExcelBatchGenerator.MainWindow] 程序启动
[2026-08-21 20:46:52.497] [INFO] [ExcelBatchGenerator.MainWindow] 加载模板: 25040_W-97B配件过程检验表模板.xlsx
[2026-08-21 20:46:52.497] [INFO] [ExcelBatchGenerator.MainWindow] 加载配置: 25040_W-97B配件 - 过程
[2026-08-21 20:46:52.579] [INFO] [ExcelBatchGenerator.MainWindow] 加载配置: 25040_W-97B配件 - 过程
[2026-08-21 20:46:52.580] [INFO] [ExcelBatchGenerator.MainWindow] 模板路径已保存: E:/test-shenzhen/文档模板/97B/25040-97B配件/过程检验表/25040_W-97B配件过程检验表模板.xlsx
[2026-08-21 20:46:54.280] [INFO] [ExcelBatchGenerator.RuleGenerator] ==================================================
[2026-08-21 20:46:54.281] [INFO] [ExcelBatchGenerator.RuleGenerator] 规则生成器启动
[2026-08-21 20:46:54.281] [INFO] [ExcelBatchGenerator.RuleGenerator]   模板路径: E:/test-shenzhen/文档模板/97B/25040-97B配件/过程检验表/25040_W-97B配件过程检验表模板.xlsx
[2026-08-21 20:46:54.281] [INFO] [ExcelBatchGenerator.RuleGenerator]   产品名称: 25040_W-97B配件
[2026-08-21 20:46:54.281] [INFO] [ExcelBatchGenerator.RuleGenerator]   模板类型: 
[2026-08-21 20:46:54.281] [INFO] [ExcelBatchGenerator.RuleGenerator] ==================================================
[2026-08-21 20:46:54.282] [INFO] [ExcelBatchGenerator.RuleGenerator] 初始化 UI...
[2026-08-21 20:46:54.284] [INFO] [ExcelBatchGenerator.RuleGenerator] UI 初始化完成
[2026-08-21 20:46:54.285] [INFO] [ExcelBatchGenerator.RuleGenerator] 自动切换到按行匹配模式（首件/成品模板）
[2026-08-21 20:46:54.285] [INFO] [ExcelBatchGenerator.RuleGenerator] 开始加载 Excel...
[2026-08-21 20:46:54.285] [INFO] [ExcelBatchGenerator.RuleGenerator] load_excel: 开始
[2026-08-21 20:46:54.285] [INFO] [ExcelBatchGenerator.RuleGenerator] 使用 win32com 加载: E:/test-shenzhen/文档模板/97B/25040-97B配件/过程检验表/25040_W-97B配件过程检验表模板.xlsx
[2026-08-21 20:46:54.285] [INFO] [ExcelBatchGenerator.RuleGenerator] 启动 Excel 应用程序...
[2026-08-21 20:46:54.289] [INFO] [ExcelBatchGenerator.RuleGenerator] Excel 已启动
[2026-08-21 20:46:54.289] [INFO] [ExcelBatchGenerator.RuleGenerator] 打开工作簿: E:/test-shenzhen/文档模板/97B/25040-97B配件/过程检验表/25040_W-97B配件过程检验表模板.xlsx
[2026-08-21 20:46:54.323] [INFO] [ExcelBatchGenerator.RuleGenerator] 工作簿已打开
[2026-08-21 20:46:54.330] [INFO] [ExcelBatchGenerator.RuleGenerator] 共 2 个工作表: ['按时检验记录', '过程尺寸检验记录']
[2026-08-21 20:46:54.331] [INFO] [ExcelBatchGenerator.RuleGenerator] _load_sheet_data: 加载工作表 按时检验记录
[2026-08-21 20:46:55.974] [INFO] [ExcelBatchGenerator.RuleGenerator] 通过遍历方式获取到 445 个合并区域
[2026-08-21 20:46:55.975] [INFO] [ExcelBatchGenerator.RuleGenerator] 检测到 445 个合并区域
[2026-08-21 20:46:57.107] [INFO] [ExcelBatchGenerator.RuleGenerator] 实际数据范围: 18 行, 30 列
[2026-08-21 20:46:57.107] [INFO] [ExcelBatchGenerator.RuleGenerator] _populate_table_from_win32: 开始填充 18x30
[2026-08-21 20:46:57.110] [INFO] [ExcelBatchGenerator.RuleGenerator] 读取单元格数据...
[2026-08-21 20:46:58.755] [INFO] [ExcelBatchGenerator.RuleGenerator] 单元格数据读取完成
[2026-08-21 20:46:58.755] [INFO] [ExcelBatchGenerator.RuleGenerator] 已应用 21 个合并区域
[2026-08-21 20:46:58.755] [INFO] [ExcelBatchGenerator.RuleGenerator] _populate_table_from_win32: 完成
[2026-08-21 20:46:58.761] [INFO] [ExcelBatchGenerator.RuleGenerator] load_excel: 完成
[2026-08-21 20:47:01.628] [INFO] [ExcelBatchGenerator.RuleGenerator] _load_sheet_data: 加载工作表 过程尺寸检验记录
[2026-08-21 20:47:02.756] [INFO] [ExcelBatchGenerator.RuleGenerator] 通过遍历方式获取到 312 个合并区域
[2026-08-21 20:47:02.757] [INFO] [ExcelBatchGenerator.RuleGenerator] 检测到 312 个合并区域
[2026-08-21 20:47:03.935] [INFO] [ExcelBatchGenerator.RuleGenerator] 实际数据范围: 20 行, 20 列
[2026-08-21 20:47:03.935] [INFO] [ExcelBatchGenerator.RuleGenerator] _populate_table_from_win32: 开始填充 20x20
[2026-08-21 20:47:03.936] [INFO] [ExcelBatchGenerator.RuleGenerator] 读取单元格数据...
[2026-08-21 20:47:05.109] [INFO] [ExcelBatchGenerator.RuleGenerator] 单元格数据读取完成
[2026-08-21 20:47:05.110] [INFO] [ExcelBatchGenerator.RuleGenerator] 已应用 10 个合并区域
[2026-08-21 20:47:05.110] [INFO] [ExcelBatchGenerator.RuleGenerator] _populate_table_from_win32: 完成
[2026-08-21 20:47:05.113] [INFO] [ExcelBatchGenerator.RuleGenerator] 切换到工作表: 过程尺寸检验记录
[2026-08-21 20:47:11.002] [INFO] [ExcelBatchGenerator.RuleGenerator] 规则生成器关闭
[2026-08-21 20:47:46.001] [INFO] [ExcelBatchGenerator.MainWindow] 程序启动
[2026-08-21 20:47:49.119] [INFO] [ExcelBatchGenerator.MainWindow] 加载模板: 25040_W-97B配件过程检验表模板.xlsx
[2026-08-21 20:47:49.119] [INFO] [ExcelBatchGenerator.MainWindow] 加载配置: 25040_W-97B配件 - 过程
[2026-08-21 20:47:49.203] [INFO] [ExcelBatchGenerator.MainWindow] 加载配置: 25040_W-97B配件 - 过程
[2026-08-21 20:47:49.203] [INFO] [ExcelBatchGenerator.MainWindow] 模板路径已保存: E:/test-shenzhen/文档模板/97B/25040-97B配件/过程检验表/25040_W-97B配件过程检验表模板.xlsx
[2026-08-21 20:47:51.859] [INFO] [ExcelBatchGenerator.RuleGenerator] ==================================================
[2026-08-21 20:47:51.859] [INFO] [ExcelBatchGenerator.RuleGenerator] 规则生成器启动
[2026-08-21 20:47:51.859] [INFO] [ExcelBatchGenerator.RuleGenerator]   模板路径: E:/test-shenzhen/文档模板/97B/25040-97B配件/过程检验表/25040_W-97B配件过程检验表模板.xlsx
[2026-08-21 20:47:51.859] [INFO] [ExcelBatchGenerator.RuleGenerator]   产品名称: 25040_W-97B配件
[2026-08-21 20:47:51.859] [INFO] [ExcelBatchGenerator.RuleGenerator]   模板类型: 
[2026-08-21 20:47:51.860] [INFO] [ExcelBatchGenerator.RuleGenerator] ==================================================
[2026-08-21 20:47:51.860] [INFO] [ExcelBatchGenerator.RuleGenerator] 初始化 UI...
[2026-08-21 20:47:51.863] [INFO] [ExcelBatchGenerator.RuleGenerator] UI 初始化完成
[2026-08-21 20:47:51.863] [INFO] [ExcelBatchGenerator.RuleGenerator] 自动切换到按行匹配模式（首件/成品模板）
[2026-08-21 20:47:51.863] [INFO] [ExcelBatchGenerator.RuleGenerator] 开始加载 Excel...
[2026-08-21 20:47:51.863] [INFO] [ExcelBatchGenerator.RuleGenerator] load_excel: 开始
[2026-08-21 20:47:51.863] [INFO] [ExcelBatchGenerator.RuleGenerator] 使用 win32com 加载: E:/test-shenzhen/文档模板/97B/25040-97B配件/过程检验表/25040_W-97B配件过程检验表模板.xlsx
[2026-08-21 20:47:51.863] [INFO] [ExcelBatchGenerator.RuleGenerator] 启动 Excel 应用程序...
[2026-08-21 20:47:51.867] [INFO] [ExcelBatchGenerator.RuleGenerator] Excel 已启动
[2026-08-21 20:47:51.867] [INFO] [ExcelBatchGenerator.RuleGenerator] 打开工作簿: E:/test-shenzhen/文档模板/97B/25040-97B配件/过程检验表/25040_W-97B配件过程检验表模板.xlsx
[2026-08-21 20:47:51.901] [INFO] [ExcelBatchGenerator.RuleGenerator] 工作簿已打开
[2026-08-21 20:47:51.907] [INFO] [ExcelBatchGenerator.RuleGenerator] 共 2 个工作表: ['按时检验记录', '过程尺寸检验记录']
[2026-08-21 20:47:51.907] [INFO] [ExcelBatchGenerator.RuleGenerator] _load_sheet_data: 加载工作表 按时检验记录
[2026-08-21 20:47:53.363] [INFO] [ExcelBatchGenerator.RuleGenerator] 通过遍历方式获取到 445 个合并区域
[2026-08-21 20:47:53.363] [INFO] [ExcelBatchGenerator.RuleGenerator] 检测到 445 个合并区域
[2026-08-21 20:47:54.634] [INFO] [ExcelBatchGenerator.RuleGenerator] 实际数据范围: 18 行, 30 列
[2026-08-21 20:47:54.634] [INFO] [ExcelBatchGenerator.RuleGenerator] _populate_table_from_win32: 开始填充 18x30
[2026-08-21 20:47:54.637] [INFO] [ExcelBatchGenerator.RuleGenerator] 读取单元格数据...
[2026-08-21 20:47:56.348] [INFO] [ExcelBatchGenerator.RuleGenerator] 单元格数据读取完成
[2026-08-21 20:47:56.348] [INFO] [ExcelBatchGenerator.RuleGenerator] 已应用 21 个合并区域
[2026-08-21 20:47:56.348] [INFO] [ExcelBatchGenerator.RuleGenerator] _populate_table_from_win32: 完成
[2026-08-21 20:47:56.354] [INFO] [ExcelBatchGenerator.RuleGenerator] load_excel: 完成
[2026-08-21 20:47:58.178] [INFO] [ExcelBatchGenerator.RuleGenerator] _load_sheet_data: 加载工作表 过程尺寸检验记录
[2026-08-21 20:47:59.457] [INFO] [ExcelBatchGenerator.RuleGenerator] 通过遍历方式获取到 312 个合并区域
[2026-08-21 20:47:59.457] [INFO] [ExcelBatchGenerator.RuleGenerator] 检测到 312 个合并区域
[2026-08-21 20:48:00.664] [INFO] [ExcelBatchGenerator.RuleGenerator] 实际数据范围: 20 行, 20 列
[2026-08-21 20:48:00.664] [INFO] [ExcelBatchGenerator.RuleGenerator] _populate_table_from_win32: 开始填充 20x20
[2026-08-21 20:48:00.665] [INFO] [ExcelBatchGenerator.RuleGenerator] 读取单元格数据...
[2026-08-21 20:48:01.943] [INFO] [ExcelBatchGenerator.RuleGenerator] 单元格数据读取完成
[2026-08-21 20:48:01.943] [INFO] [ExcelBatchGenerator.RuleGenerator] 已应用 10 个合并区域
[2026-08-21 20:48:01.943] [INFO] [ExcelBatchGenerator.RuleGenerator] _populate_table_from_win32: 完成
[2026-08-21 20:48:01.945] [INFO] [ExcelBatchGenerator.RuleGenerator] 切换到工作表: 过程尺寸检验记录
[2026-08-21 21:19:12.794] [INFO] [ExcelBatchGenerator.MainWindow] 程序启动
[2026-08-21 21:19:17.940] [INFO] [ExcelBatchGenerator.MainWindow] 加载模板: 25040_W-97B配件过程检验表模板.xlsx
[2026-08-21 21:19:17.940] [INFO] [ExcelBatchGenerator.MainWindow] 加载配置: 25040_W-97B配件 - 过程
[2026-08-21 21:19:18.031] [INFO] [ExcelBatchGenerator.MainWindow] 加载配置: 25040_W-97B配件 - 过程
[2026-08-21 21:19:18.032] [INFO] [ExcelBatchGenerator.MainWindow] 模板路径已保存: E:/test-shenzhen/文档模板/97B/25040-97B配件/过程检验表/25040_W-97B配件过程检验表模板.xlsx
[2026-08-21 21:19:34.419] [INFO] [ExcelBatchGenerator.RuleGenerator] ==================================================
[2026-08-21 21:19:34.419] [INFO] [ExcelBatchGenerator.RuleGenerator] 规则生成器启动
[2026-08-21 21:19:34.419] [INFO] [ExcelBatchGenerator.RuleGenerator]   模板路径: E:/test-shenzhen/文档模板/97B/25040-97B配件/过程检验表/25040_W-97B配件过程检验表模板.xlsx
[2026-08-21 21:19:34.420] [INFO] [ExcelBatchGenerator.RuleGenerator]   产品名称: 25040_W-97B配件
[2026-08-21 21:19:34.420] [INFO] [ExcelBatchGenerator.RuleGenerator]   模板类型: 
[2026-08-21 21:19:34.420] [INFO] [ExcelBatchGenerator.RuleGenerator] ==================================================
[2026-08-21 21:19:34.420] [INFO] [ExcelBatchGenerator.RuleGenerator] 初始化 UI...
[2026-08-21 21:19:34.422] [INFO] [ExcelBatchGenerator.RuleGenerator] UI 初始化完成
[2026-08-21 21:19:34.422] [INFO] [ExcelBatchGenerator.RuleGenerator] 自动切换到按行匹配模式（首件/成品模板）
[2026-08-21 21:19:34.422] [INFO] [ExcelBatchGenerator.RuleGenerator] 开始加载 Excel...
[2026-08-21 21:19:34.422] [INFO] [ExcelBatchGenerator.RuleGenerator] load_excel: 开始
[2026-08-21 21:19:34.423] [INFO] [ExcelBatchGenerator.RuleGenerator] 使用 win32com 加载: E:/test-shenzhen/文档模板/97B/25040-97B配件/过程检验表/25040_W-97B配件过程检验表模板.xlsx
[2026-08-21 21:19:34.423] [INFO] [ExcelBatchGenerator.RuleGenerator] 启动 Excel 应用程序...
[2026-08-21 21:19:34.426] [INFO] [ExcelBatchGenerator.RuleGenerator] Excel 已启动
[2026-08-21 21:19:34.427] [INFO] [ExcelBatchGenerator.RuleGenerator] 打开工作簿: E:/test-shenzhen/文档模板/97B/25040-97B配件/过程检验表/25040_W-97B配件过程检验表模板.xlsx
[2026-08-21 21:19:34.457] [INFO] [ExcelBatchGenerator.RuleGenerator] 工作簿已打开
[2026-08-21 21:19:34.464] [INFO] [ExcelBatchGenerator.RuleGenerator] 共 2 个工作表: ['按时检验记录', '过程尺寸检验记录']
[2026-08-21 21:19:34.464] [INFO] [ExcelBatchGenerator.RuleGenerator] _load_sheet_data: 加载工作表 按时检验记录
[2026-08-21 21:19:35.922] [INFO] [ExcelBatchGenerator.RuleGenerator] 通过遍历方式获取到 445 个合并区域
[2026-08-21 21:19:35.923] [INFO] [ExcelBatchGenerator.RuleGenerator] 检测到 445 个合并区域
[2026-08-21 21:19:37.076] [INFO] [ExcelBatchGenerator.RuleGenerator] 实际数据范围: 18 行, 30 列
[2026-08-21 21:19:37.077] [INFO] [ExcelBatchGenerator.RuleGenerator] max_row=18, max_col=30
[2026-08-21 21:19:37.077] [INFO] [ExcelBatchGenerator.RuleGenerator] _populate_table_from_win32: 开始填充 18x30
[2026-08-21 21:19:37.079] [INFO] [ExcelBatchGenerator.RuleGenerator] 读取单元格数据...
[2026-08-21 21:19:37.501] [INFO] [ExcelBatchGenerator.RuleGenerator] Cell L5: Text='', Value='None'
[2026-08-21 21:19:37.504] [INFO] [ExcelBatchGenerator.RuleGenerator] Cell M5: Text='', Value='None'
[2026-08-21 21:19:37.508] [INFO] [ExcelBatchGenerator.RuleGenerator] Cell N5: Text='', Value='None'
[2026-08-21 21:19:37.512] [INFO] [ExcelBatchGenerator.RuleGenerator] Cell O5: Text='', Value='None'
[2026-08-21 21:19:37.515] [INFO] [ExcelBatchGenerator.RuleGenerator] Cell P5: Text='', Value='None'
[2026-08-21 21:19:37.520] [INFO] [ExcelBatchGenerator.RuleGenerator] Cell Q5: Text='', Value='None'
[2026-08-21 21:19:38.789] [INFO] [ExcelBatchGenerator.RuleGenerator] 单元格数据读取完成
[2026-08-21 21:19:38.789] [INFO] [ExcelBatchGenerator.RuleGenerator] 已应用 21 个合并区域
[2026-08-21 21:19:38.789] [INFO] [ExcelBatchGenerator.RuleGenerator] _populate_table_from_win32: 完成
[2026-08-21 21:19:38.793] [INFO] [ExcelBatchGenerator.RuleGenerator] 合并区域: 行1 列1 跨1行 17列
[2026-08-21 21:19:38.793] [INFO] [ExcelBatchGenerator.RuleGenerator] 合并区域: 行1 列18 跨1行 1列
[2026-08-21 21:19:38.793] [INFO] [ExcelBatchGenerator.RuleGenerator] 合并区域: 行1 列19 跨1行 1列
[2026-08-21 21:19:38.794] [INFO] [ExcelBatchGenerator.RuleGenerator] 合并区域: 行1 列20 跨1行 1列
[2026-08-21 21:19:38.794] [INFO] [ExcelBatchGenerator.RuleGenerator] 合并区域: 行1 列21 跨1行 1列
[2026-08-21 21:19:38.794] [INFO] [ExcelBatchGenerator.RuleGenerator] 合并区域: 行1 列22 跨1行 1列
[2026-08-21 21:19:38.794] [INFO] [ExcelBatchGenerator.RuleGenerator] 合并区域: 行1 列23 跨1行 1列
[2026-08-21 21:19:38.794] [INFO] [ExcelBatchGenerator.RuleGenerator] 合并区域: 行1 列24 跨1行 1列
[2026-08-21 21:19:38.794] [INFO] [ExcelBatchGenerator.RuleGenerator] 合并区域: 行1 列25 跨1行 1列
[2026-08-21 21:19:38.794] [INFO] [ExcelBatchGenerator.RuleGenerator] 合并区域: 行1 列26 跨1行 1列
[2026-08-21 21:19:38.794] [INFO] [ExcelBatchGenerator.RuleGenerator] 合并区域: 行1 列27 跨1行 1列
[2026-08-21 21:19:38.794] [INFO] [ExcelBatchGenerator.RuleGenerator] 合并区域: 行1 列28 跨1行 1列
[2026-08-21 21:19:38.794] [INFO] [ExcelBatchGenerator.RuleGenerator] 合并区域: 行1 列29 跨1行 1列
[2026-08-21 21:19:38.795] [INFO] [ExcelBatchGenerator.RuleGenerator] 合并区域: 行1 列30 跨1行 1列
[2026-08-21 21:19:38.795] [INFO] [ExcelBatchGenerator.RuleGenerator] 合并区域: 行2 列1 跨1行 17列
[2026-08-21 21:19:38.795] [INFO] [ExcelBatchGenerator.RuleGenerator] 合并区域: 行2 列18 跨1行 1列
[2026-08-21 21:19:38.795] [INFO] [ExcelBatchGenerator.RuleGenerator] 合并区域: 行2 列19 跨1行 1列
[2026-08-21 21:19:38.795] [INFO] [ExcelBatchGenerator.RuleGenerator] 合并区域: 行2 列20 跨1行 1列
[2026-08-21 21:19:38.795] [INFO] [ExcelBatchGenerator.RuleGenerator] 合并区域: 行2 列21 跨1行 1列
[2026-08-21 21:19:38.795] [INFO] [ExcelBatchGenerator.RuleGenerator] 合并区域: 行2 列22 跨1行 1列
[2026-08-21 21:19:38.795] [INFO] [ExcelBatchGenerator.RuleGenerator] 合并区域: 行2 列23 跨1行 1列
[2026-08-21 21:19:38.795] [INFO] [ExcelBatchGenerator.RuleGenerator] 合并区域: 行2 列24 跨1行 1列
[2026-08-21 21:19:38.795] [INFO] [ExcelBatchGenerator.RuleGenerator] 合并区域: 行2 列25 跨1行 1列
[2026-08-21 21:19:38.795] [INFO] [ExcelBatchGenerator.RuleGenerator] 合并区域: 行2 列26 跨1行 1列
[2026-08-21 21:19:38.795] [INFO] [ExcelBatchGenerator.RuleGenerator] 合并区域: 行2 列27 跨1行 1列
[2026-08-21 21:19:38.796] [INFO] [ExcelBatchGenerator.RuleGenerator] 合并区域: 行2 列28 跨1行 1列
[2026-08-21 21:19:38.796] [INFO] [ExcelBatchGenerator.RuleGenerator] 合并区域: 行2 列29 跨1行 1列
[2026-08-21 21:19:38.796] [INFO] [ExcelBatchGenerator.RuleGenerator] 合并区域: 行2 列30 跨1行 1列
[2026-08-21 21:19:38.796] [INFO] [ExcelBatchGenerator.RuleGenerator] 合并区域: 行3 列1 跨1行 1列
[2026-08-21 21:19:38.796] [INFO] [ExcelBatchGenerator.RuleGenerator] 合并区域: 行3 列2 跨1行 1列
[2026-08-21 21:19:38.796] [INFO] [ExcelBatchGenerator.RuleGenerator] 合并区域: 行3 列3 跨1行 1列
[2026-08-21 21:19:38.796] [INFO] [ExcelBatchGenerator.RuleGenerator] 合并区域: 行3 列4 跨1行 1列
[2026-08-21 21:19:38.797] [INFO] [ExcelBatchGenerator.RuleGenerator] 合并区域: 行3 列5 跨1行 1列
[2026-08-21 21:19:38.797] [INFO] [ExcelBatchGenerator.RuleGenerator] 合并区域: 行3 列6 跨1行 1列
[2026-08-21 21:19:38.797] [INFO] [ExcelBatchGenerator.RuleGenerator] 合并区域: 行3 列7 跨1行 1列
[2026-08-21 21:19:38.797] [INFO] [ExcelBatchGenerator.RuleGenerator] 合并区域: 行3 列8 跨1行 1列
[2026-08-21 21:19:38.797] [INFO] [ExcelBatchGenerator.RuleGenerator] 合并区域: 行3 列9 跨1行 1列
[2026-08-21 21:19:38.797] [INFO] [ExcelBatchGenerator.RuleGenerator] 合并区域: 行3 列10 跨1行 1列
[2026-08-21 21:19:38.798] [INFO] [ExcelBatchGenerator.RuleGenerator] 合并区域: 行3 列11 跨1行 1列
[2026-08-21 21:19:38.798] [INFO] [ExcelBatchGenerator.RuleGenerator] 合并区域: 行3 列12 跨1行 1列
[2026-08-21 21:19:38.798] [INFO] [ExcelBatchGenerator.RuleGenerator] 合并区域: 行3 列13 跨1行 5列
[2026-08-21 21:19:38.798] [INFO] [ExcelBatchGenerator.RuleGenerator] 合并区域: 行3 列18 跨1行 1列
[2026-08-21 21:19:38.798] [INFO] [ExcelBatchGenerator.RuleGenerator] 合并区域: 行3 列19 跨1行 1列
[2026-08-21 21:19:38.798] [INFO] [ExcelBatchGenerator.RuleGenerator] 合并区域: 行3 列20 跨1行 1列
[2026-08-21 21:19:38.798] [INFO] [ExcelBatchGenerator.RuleGenerator] 合并区域: 行3 列21 跨1行 1列
[2026-08-21 21:19:38.798] [INFO] [ExcelBatchGenerator.RuleGenerator] 合并区域: 行3 列22 跨1行 1列
[2026-08-21 21:19:38.798] [INFO] [ExcelBatchGenerator.RuleGenerator] 合并区域: 行3 列23 跨1行 1列
[2026-08-21 21:19:38.798] [INFO] [ExcelBatchGenerator.RuleGenerator] 合并区域: 行3 列24 跨1行 1列
[2026-08-21 21:19:38.799] [INFO] [ExcelBatchGenerator.RuleGenerator] 合并区域: 行3 列25 跨1行 1列
[2026-08-21 21:19:38.799] [INFO] [ExcelBatchGenerator.RuleGenerator] 合并区域: 行3 列26 跨1行 1列
[2026-08-21 21:19:38.799] [INFO] [ExcelBatchGenerator.RuleGenerator] 合并区域: 行3 列27 跨1行 1列
[2026-08-21 21:19:38.799] [INFO] [ExcelBatchGenerator.RuleGenerator] 合并区域: 行3 列28 跨1行 1列
[2026-08-21 21:19:38.799] [INFO] [ExcelBatchGenerator.RuleGenerator] 合并区域: 行3 列29 跨1行 1列
[2026-08-21 21:19:38.799] [INFO] [ExcelBatchGenerator.RuleGenerator] 合并区域: 行3 列30 跨1行 1列
[2026-08-21 21:19:38.799] [INFO] [ExcelBatchGenerator.RuleGenerator] 合并区域: 行4 列1 跨2行 1列
[2026-08-21 21:19:38.799] [INFO] [ExcelBatchGenerator.RuleGenerator] 合并区域: 行4 列2 跨2行 1列
[2026-08-21 21:19:38.799] [INFO] [ExcelBatchGenerator.RuleGenerator] 合并区域: 行4 列3 跨2行 1列
[2026-08-21 21:19:38.799] [INFO] [ExcelBatchGenerator.RuleGenerator] 合并区域: 行4 列4 跨2行 1列
[2026-08-21 21:19:38.799] [INFO] [ExcelBatchGenerator.RuleGenerator] 合并区域: 行4 列5 跨1行 1列
[2026-08-21 21:19:38.799] [INFO] [ExcelBatchGenerator.RuleGenerator] 合并区域: 行4 列6 跨1行 1列
[2026-08-21 21:19:38.799] [INFO] [ExcelBatchGenerator.RuleGenerator] 合并区域: 行4 列7 跨1行 1列
[2026-08-21 21:19:38.800] [INFO] [ExcelBatchGenerator.RuleGenerator] 合并区域: 行4 列8 跨1行 1列
[2026-08-21 21:19:38.800] [INFO] [ExcelBatchGenerator.RuleGenerator] 合并区域: 行4 列9 跨1行 1列
[2026-08-21 21:19:38.800] [INFO] [ExcelBatchGenerator.RuleGenerator] 合并区域: 行4 列10 跨1行 1列
[2026-08-21 21:19:38.800] [INFO] [ExcelBatchGenerator.RuleGenerator] 合并区域: 行4 列11 跨1行 1列
[2026-08-21 21:19:38.800] [INFO] [ExcelBatchGenerator.RuleGenerator] 合并区域: 行4 列12 跨2行 1列
[2026-08-21 21:19:38.800] [INFO] [ExcelBatchGenerator.RuleGenerator] 合并区域: 行4 列13 跨2行 1列
[2026-08-21 21:19:38.800] [INFO] [ExcelBatchGenerator.RuleGenerator] 合并区域: 行4 列14 跨2行 4列
[2026-08-21 21:19:38.800] [INFO] [ExcelBatchGenerator.RuleGenerator] 合并区域: 行4 列18 跨1行 1列
[2026-08-21 21:19:38.800] [INFO] [ExcelBatchGenerator.RuleGenerator] 合并区域: 行4 列19 跨1行 1列
[2026-08-21 21:19:38.800] [INFO] [ExcelBatchGenerator.RuleGenerator] 合并区域: 行4 列20 跨1行 1列
[2026-08-21 21:19:38.800] [INFO] [ExcelBatchGenerator.RuleGenerator] 合并区域: 行4 列21 跨1行 1列
[2026-08-21 21:19:38.800] [INFO] [ExcelBatchGenerator.RuleGenerator] 合并区域: 行4 列22 跨1行 1列
[2026-08-21 21:19:38.800] [INFO] [ExcelBatchGenerator.RuleGenerator] 合并区域: 行4 列23 跨1行 1列
[2026-08-21 21:19:38.800] [INFO] [ExcelBatchGenerator.RuleGenerator] 合并区域: 行4 列24 跨1行 1列
[2026-08-21 21:19:38.800] [INFO] [ExcelBatchGenerator.RuleGenerator] 合并区域: 行4 列25 跨1行 1列
[2026-08-21 21:19:38.800] [INFO] [ExcelBatchGenerator.RuleGenerator] 合并区域: 行4 列26 跨1行 1列
[2026-08-21 21:19:38.801] [INFO] [ExcelBatchGenerator.RuleGenerator] 合并区域: 行4 列27 跨1行 1列
[2026-08-21 21:19:38.801] [INFO] [ExcelBatchGenerator.RuleGenerator] 合并区域: 行4 列28 跨1行 1列
[2026-08-21 21:19:38.801] [INFO] [ExcelBatchGenerator.RuleGenerator] 合并区域: 行4 列29 跨1行 1列
[2026-08-21 21:19:38.801] [INFO] [ExcelBatchGenerator.RuleGenerator] 合并区域: 行4 列30 跨1行 1列
[2026-08-21 21:19:38.801] [INFO] [ExcelBatchGenerator.RuleGenerator] 合并区域: 行5 列5 跨1行 1列
[2026-08-21 21:19:38.801] [INFO] [ExcelBatchGenerator.RuleGenerator] 合并区域: 行5 列6 跨1行 1列
[2026-08-21 21:19:38.801] [INFO] [ExcelBatchGenerator.RuleGenerator] 合并区域: 行5 列7 跨1行 1列
[2026-08-21 21:19:38.801] [INFO] [ExcelBatchGenerator.RuleGenerator] 合并区域: 行5 列8 跨1行 1列
[2026-08-21 21:19:38.801] [INFO] [ExcelBatchGenerator.RuleGenerator] 合并区域: 行5 列9 跨1行 1列
[2026-08-21 21:19:38.801] [INFO] [ExcelBatchGenerator.RuleGenerator] 合并区域: 行5 列10 跨1行 1列
[2026-08-21 21:19:38.801] [INFO] [ExcelBatchGenerator.RuleGenerator] 合并区域: 行5 列11 跨1行 1列
[2026-08-21 21:19:38.801] [INFO] [ExcelBatchGenerator.RuleGenerator] 合并区域: 行5 列18 跨1行 1列
[2026-08-21 21:19:38.801] [INFO] [ExcelBatchGenerator.RuleGenerator] 合并区域: 行5 列19 跨1行 1列
[2026-08-21 21:19:38.801] [INFO] [ExcelBatchGenerator.RuleGenerator] 合并区域: 行5 列20 跨1行 1列
[2026-08-21 21:19:38.801] [INFO] [ExcelBatchGenerator.RuleGenerator] 合并区域: 行5 列21 跨1行 1列
[2026-08-21 21:19:38.801] [INFO] [ExcelBatchGenerator.RuleGenerator] 合并区域: 行5 列22 跨1行 1列
[2026-08-21 21:19:38.801] [INFO] [ExcelBatchGenerator.RuleGenerator] 合并区域: 行5 列23 跨1行 1列
[2026-08-21 21:19:38.802] [INFO] [ExcelBatchGenerator.RuleGenerator] 合并区域: 行5 列24 跨1行 1列
[2026-08-21 21:19:38.802] [INFO] [ExcelBatchGenerator.RuleGenerator] 合并区域: 行5 列25 跨1行 1列
[2026-08-21 21:19:38.802] [INFO] [ExcelBatchGenerator.RuleGenerator] 合并区域: 行5 列26 跨1行 1列
[2026-08-21 21:19:38.802] [INFO] [ExcelBatchGenerator.RuleGenerator] 合并区域: 行5 列27 跨1行 1列
[2026-08-21 21:19:38.802] [INFO] [ExcelBatchGenerator.RuleGenerator] 合并区域: 行5 列28 跨1行 1列
[2026-08-21 21:19:38.802] [INFO] [ExcelBatchGenerator.RuleGenerator] 合并区域: 行5 列29 跨1行 1列
[2026-08-21 21:19:38.802] [INFO] [ExcelBatchGenerator.RuleGenerator] 合并区域: 行5 列30 跨1行 1列
[2026-08-21 21:19:38.802] [INFO] [ExcelBatchGenerator.RuleGenerator] 合并区域: 行6 列1 跨1行 1列
[2026-08-21 21:19:38.802] [INFO] [ExcelBatchGenerator.RuleGenerator] 合并区域: 行6 列2 跨1行 1列
[2026-08-21 21:19:38.802] [INFO] [ExcelBatchGenerator.RuleGenerator] 合并区域: 行6 列3 跨1行 1列
[2026-08-21 21:19:38.802] [INFO] [ExcelBatchGenerator.RuleGenerator] 合并区域: 行6 列4 跨1行 1列
[2026-08-21 21:19:38.802] [INFO] [ExcelBatchGenerator.RuleGenerator] 合并区域: 行6 列5 跨1行 1列
[2026-08-21 21:19:38.802] [INFO] [ExcelBatchGenerator.RuleGenerator] 合并区域: 行6 列6 跨1行 1列
[2026-08-21 21:19:38.802] [INFO] [ExcelBatchGenerator.RuleGenerator] 合并区域: 行6 列7 跨1行 1列
[2026-08-21 21:19:38.802] [INFO] [ExcelBatchGenerator.RuleGenerator] 合并区域: 行6 列8 跨1行 1列
[2026-08-21 21:19:38.802] [INFO] [ExcelBatchGenerator.RuleGenerator] 合并区域: 行6 列9 跨1行 1列
[2026-08-21 21:19:38.802] [INFO] [ExcelBatchGenerator.RuleGenerator] 合并区域: 行6 列10 跨1行 1列
[2026-08-21 21:19:38.803] [INFO] [ExcelBatchGenerator.RuleGenerator] 合并区域: 行6 列11 跨1行 1列
[2026-08-21 21:19:38.803] [INFO] [ExcelBatchGenerator.RuleGenerator] 合并区域: 行6 列12 跨1行 1列
[2026-08-21 21:19:38.803] [INFO] [ExcelBatchGenerator.RuleGenerator] 合并区域: 行6 列13 跨1行 1列
[2026-08-21 21:19:38.803] [INFO] [ExcelBatchGenerator.RuleGenerator] 合并区域: 行6 列14 跨1行 4列
[2026-08-21 21:19:38.803] [INFO] [ExcelBatchGenerator.RuleGenerator] 合并区域: 行6 列18 跨1行 1列
[2026-08-21 21:19:38.803] [INFO] [ExcelBatchGenerator.RuleGenerator] 合并区域: 行6 列19 跨1行 1列
[2026-08-21 21:19:38.803] [INFO] [ExcelBatchGenerator.RuleGenerator] 合并区域: 行6 列20 跨1行 1列
[2026-08-21 21:19:38.803] [INFO] [ExcelBatchGenerator.RuleGenerator] 合并区域: 行6 列21 跨1行 1列
[2026-08-21 21:19:38.803] [INFO] [ExcelBatchGenerator.RuleGenerator] 合并区域: 行6 列22 跨1行 1列
[2026-08-21 21:19:38.803] [INFO] [ExcelBatchGenerator.RuleGenerator] 合并区域: 行6 列23 跨1行 1列
[2026-08-21 21:19:38.803] [INFO] [ExcelBatchGenerator.RuleGenerator] 合并区域: 行6 列24 跨1行 1列
[2026-08-21 21:19:38.803] [INFO] [ExcelBatchGenerator.RuleGenerator] 合并区域: 行6 列25 跨1行 1列
[2026-08-21 21:19:38.803] [INFO] [ExcelBatchGenerator.RuleGenerator] 合并区域: 行6 列26 跨1行 1列
[2026-08-21 21:19:38.803] [INFO] [ExcelBatchGenerator.RuleGenerator] 合并区域: 行6 列27 跨1行 1列
[2026-08-21 21:19:38.803] [INFO] [ExcelBatchGenerator.RuleGenerator] 合并区域: 行6 列28 跨1行 1列
[2026-08-21 21:19:38.804] [INFO] [ExcelBatchGenerator.RuleGenerator] 合并区域: 行6 列29 跨1行 1列
[2026-08-21 21:19:38.804] [INFO] [ExcelBatchGenerator.RuleGenerator] 合并区域: 行6 列30 跨1行 1列
[2026-08-21 21:19:38.804] [INFO] [ExcelBatchGenerator.RuleGenerator] 合并区域: 行7 列1 跨1行 1列
[2026-08-21 21:19:38.804] [INFO] [ExcelBatchGenerator.RuleGenerator] 合并区域: 行7 列2 跨1行 1列
[2026-08-21 21:19:38.804] [INFO] [ExcelBatchGenerator.RuleGenerator] 合并区域: 行7 列3 跨1行 1列
[2026-08-21 21:19:38.804] [INFO] [ExcelBatchGenerator.RuleGenerator] 合并区域: 行7 列4 跨1行 1列
[2026-08-21 21:19:38.804] [INFO] [ExcelBatchGenerator.RuleGenerator] 合并区域: 行7 列5 跨1行 1列
[2026-08-21 21:19:38.804] [INFO] [ExcelBatchGenerator.RuleGenerator] 合并区域: 行7 列6 跨1行 1列
[2026-08-21 21:19:38.804] [INFO] [ExcelBatchGenerator.RuleGenerator] 合并区域: 行7 列7 跨1行 1列
[2026-08-21 21:19:38.804] [INFO] [ExcelBatchGenerator.RuleGenerator] 合并区域: 行7 列8 跨1行 1列
[2026-08-21 21:19:38.804] [INFO] [ExcelBatchGenerator.RuleGenerator] 合并区域: 行7 列9 跨1行 1列
[2026-08-21 21:19:38.804] [INFO] [ExcelBatchGenerator.RuleGenerator] 合并区域: 行7 列10 跨1行 1列
[2026-08-21 21:19:38.804] [INFO] [ExcelBatchGenerator.RuleGenerator] 合并区域: 行7 列11 跨1行 1列
[2026-08-21 21:19:38.805] [INFO] [ExcelBatchGenerator.RuleGenerator] 合并区域: 行7 列12 跨1行 1列
[2026-08-21 21:19:38.805] [INFO] [ExcelBatchGenerator.RuleGenerator] 合并区域: 行7 列13 跨1行 1列
[2026-08-21 21:19:38.805] [INFO] [ExcelBatchGenerator.RuleGenerator] 合并区域: 行7 列14 跨1行 4列
[2026-08-21 21:19:38.805] [INFO] [ExcelBatchGenerator.RuleGenerator] 合并区域: 行7 列18 跨1行 1列
[2026-08-21 21:19:38.805] [INFO] [ExcelBatchGenerator.RuleGenerator] 合并区域: 行7 列19 跨1行 1列
[2026-08-21 21:19:38.805] [INFO] [ExcelBatchGenerator.RuleGenerator] 合并区域: 行7 列20 跨1行 1列
[2026-08-21 21:19:38.805] [INFO] [ExcelBatchGenerator.RuleGenerator] 合并区域: 行7 列21 跨1行 1列
[2026-08-21 21:19:38.805] [INFO] [ExcelBatchGenerator.RuleGenerator] 合并区域: 行7 列22 跨1行 1列
[2026-08-21 21:19:38.805] [INFO] [ExcelBatchGenerator.RuleGenerator] 合并区域: 行7 列23 跨1行 1列
[2026-08-21 21:19:38.805] [INFO] [ExcelBatchGenerator.RuleGenerator] 合并区域: 行7 列24 跨1行 1列
[2026-08-21 21:19:38.805] [INFO] [ExcelBatchGenerator.RuleGenerator] 合并区域: 行7 列25 跨1行 1列
[2026-08-21 21:19:38.805] [INFO] [ExcelBatchGenerator.RuleGenerator] 合并区域: 行7 列26 跨1行 1列
[2026-08-21 21:19:38.805] [INFO] [ExcelBatchGenerator.RuleGenerator] 合并区域: 行7 列27 跨1行 1列
[2026-08-21 21:19:38.805] [INFO] [ExcelBatchGenerator.RuleGenerator] 合并区域: 行7 列28 跨1行 1列
[2026-08-21 21:19:38.805] [INFO] [ExcelBatchGenerator.RuleGenerator] 合并区域: 行7 列29 跨1行 1列
[2026-08-21 21:19:38.806] [INFO] [ExcelBatchGenerator.RuleGenerator] 合并区域: 行7 列30 跨1行 1列
[2026-08-21 21:19:38.806] [INFO] [ExcelBatchGenerator.RuleGenerator] 合并区域: 行8 列1 跨1行 1列
[2026-08-21 21:19:38.806] [INFO] [ExcelBatchGenerator.RuleGenerator] 合并区域: 行8 列2 跨1行 1列
[2026-08-21 21:19:38.806] [INFO] [ExcelBatchGenerator.RuleGenerator] 合并区域: 行8 列3 跨1行 1列
[2026-08-21 21:19:38.806] [INFO] [ExcelBatchGenerator.RuleGenerator] 合并区域: 行8 列4 跨1行 1列
[2026-08-21 21:19:38.806] [INFO] [ExcelBatchGenerator.RuleGenerator] 合并区域: 行8 列5 跨1行 1列
[2026-08-21 21:19:38.806] [INFO] [ExcelBatchGenerator.RuleGenerator] 合并区域: 行8 列6 跨1行 1列
[2026-08-21 21:19:38.806] [INFO] [ExcelBatchGenerator.RuleGenerator] 合并区域: 行8 列7 跨1行 1列
[2026-08-21 21:19:38.806] [INFO] [ExcelBatchGenerator.RuleGenerator] 合并区域: 行8 列8 跨1行 1列
[2026-08-21 21:19:38.806] [INFO] [ExcelBatchGenerator.RuleGenerator] 合并区域: 行8 列9 跨1行 1列
[2026-08-21 21:19:38.806] [INFO] [ExcelBatchGenerator.RuleGenerator] 合并区域: 行8 列10 跨1行 1列
[2026-08-21 21:19:38.806] [INFO] [ExcelBatchGenerator.RuleGenerator] 合并区域: 行8 列11 跨1行 1列
[2026-08-21 21:19:38.806] [INFO] [ExcelBatchGenerator.RuleGenerator] 合并区域: 行8 列12 跨1行 1列
[2026-08-21 21:19:38.806] [INFO] [ExcelBatchGenerator.RuleGenerator] 合并区域: 行8 列13 跨1行 1列
[2026-08-21 21:19:38.806] [INFO] [ExcelBatchGenerator.RuleGenerator] 合并区域: 行8 列14 跨1行 4列
[2026-08-21 21:19:38.806] [INFO] [ExcelBatchGenerator.RuleGenerator] 合并区域: 行8 列18 跨1行 1列
[2026-08-21 21:19:38.807] [INFO] [ExcelBatchGenerator.RuleGenerator] 合并区域: 行8 列19 跨1行 1列
[2026-08-21 21:19:38.807] [INFO] [ExcelBatchGenerator.RuleGenerator] 合并区域: 行8 列20 跨1行 1列
[2026-08-21 21:19:38.807] [INFO] [ExcelBatchGenerator.RuleGenerator] 合并区域: 行8 列21 跨1行 1列
[2026-08-21 21:19:38.807] [INFO] [ExcelBatchGenerator.RuleGenerator] 合并区域: 行8 列22 跨1行 1列
[2026-08-21 21:19:38.807] [INFO] [ExcelBatchGenerator.RuleGenerator] 合并区域: 行8 列23 跨1行 1列
[2026-08-21 21:19:38.807] [INFO] [ExcelBatchGenerator.RuleGenerator] 合并区域: 行8 列24 跨1行 1列
[2026-08-21 21:19:38.807] [INFO] [ExcelBatchGenerator.RuleGenerator] 合并区域: 行8 列25 跨1行 1列
[2026-08-21 21:19:38.807] [INFO] [ExcelBatchGenerator.RuleGenerator] 合并区域: 行8 列26 跨1行 1列
[2026-08-21 21:19:38.807] [INFO] [ExcelBatchGenerator.RuleGenerator] 合并区域: 行8 列27 跨1行 1列
[2026-08-21 21:19:38.807] [INFO] [ExcelBatchGenerator.RuleGenerator] 合并区域: 行8 列28 跨1行 1列
[2026-08-21 21:19:38.807] [INFO] [ExcelBatchGenerator.RuleGenerator] 合并区域: 行8 列29 跨1行 1列
[2026-08-21 21:19:38.807] [INFO] [ExcelBatchGenerator.RuleGenerator] 合并区域: 行8 列30 跨1行 1列
[2026-08-21 21:19:38.807] [INFO] [ExcelBatchGenerator.RuleGenerator] 合并区域: 行9 列1 跨1行 1列
[2026-08-21 21:19:38.807] [INFO] [ExcelBatchGenerator.RuleGenerator] 合并区域: 行9 列2 跨1行 1列
[2026-08-21 21:19:38.807] [INFO] [ExcelBatchGenerator.RuleGenerator] 合并区域: 行9 列3 跨1行 1列
[2026-08-21 21:19:38.808] [INFO] [ExcelBatchGenerator.RuleGenerator] 合并区域: 行9 列4 跨1行 1列
[2026-08-21 21:19:38.808] [INFO] [ExcelBatchGenerator.RuleGenerator] 合并区域: 行9 列5 跨1行 1列
[2026-08-21 21:19:38.808] [INFO] [ExcelBatchGenerator.RuleGenerator] 合并区域: 行9 列6 跨1行 1列
[2026-08-21 21:19:38.808] [INFO] [ExcelBatchGenerator.RuleGenerator] 合并区域: 行9 列7 跨1行 1列
[2026-08-21 21:19:38.808] [INFO] [ExcelBatchGenerator.RuleGenerator] 合并区域: 行9 列8 跨1行 1列
[2026-08-21 21:19:38.808] [INFO] [ExcelBatchGenerator.RuleGenerator] 合并区域: 行9 列9 跨1行 1列
[2026-08-21 21:19:38.808] [INFO] [ExcelBatchGenerator.RuleGenerator] 合并区域: 行9 列10 跨1行 1列
[2026-08-21 21:19:38.809] [INFO] [ExcelBatchGenerator.RuleGenerator] 合并区域: 行9 列11 跨1行 1列
[2026-08-21 21:19:38.809] [INFO] [ExcelBatchGenerator.RuleGenerator] 合并区域: 行9 列12 跨1行 1列
[2026-08-21 21:19:38.809] [INFO] [ExcelBatchGenerator.RuleGenerator] 合并区域: 行9 列13 跨1行 1列
[2026-08-21 21:19:38.809] [INFO] [ExcelBatchGenerator.RuleGenerator] 合并区域: 行9 列14 跨1行 4列
[2026-08-21 21:19:38.809] [INFO] [ExcelBatchGenerator.RuleGenerator] 合并区域: 行9 列18 跨1行 1列
[2026-08-21 21:19:38.809] [INFO] [ExcelBatchGenerator.RuleGenerator] 合并区域: 行9 列19 跨1行 1列
[2026-08-21 21:19:38.809] [INFO] [ExcelBatchGenerator.RuleGenerator] 合并区域: 行9 列20 跨1行 1列
[2026-08-21 21:19:38.809] [INFO] [ExcelBatchGenerator.RuleGenerator] 合并区域: 行9 列21 跨1行 1列
[2026-08-21 21:19:38.809] [INFO] [ExcelBatchGenerator.RuleGenerator] 合并区域: 行9 列22 跨1行 1列
[2026-08-21 21:19:38.809] [INFO] [ExcelBatchGenerator.RuleGenerator] 合并区域: 行9 列23 跨1行 1列
[2026-08-21 21:19:38.809] [INFO] [ExcelBatchGenerator.RuleGenerator] 合并区域: 行9 列24 跨1行 1列
[2026-08-21 21:19:38.809] [INFO] [ExcelBatchGenerator.RuleGenerator] 合并区域: 行9 列25 跨1行 1列
[2026-08-21 21:19:38.809] [INFO] [ExcelBatchGenerator.RuleGenerator] 合并区域: 行9 列26 跨1行 1列
[2026-08-21 21:19:38.809] [INFO] [ExcelBatchGenerator.RuleGenerator] 合并区域: 行9 列27 跨1行 1列
[2026-08-21 21:19:38.810] [INFO] [ExcelBatchGenerator.RuleGenerator] 合并区域: 行9 列28 跨1行 1列
[2026-08-21 21:19:38.810] [INFO] [ExcelBatchGenerator.RuleGenerator] 合并区域: 行9 列29 跨1行 1列
[2026-08-21 21:19:38.810] [INFO] [ExcelBatchGenerator.RuleGenerator] 合并区域: 行9 列30 跨1行 1列
[2026-08-21 21:19:38.810] [INFO] [ExcelBatchGenerator.RuleGenerator] 合并区域: 行10 列1 跨1行 1列
[2026-08-21 21:19:38.810] [INFO] [ExcelBatchGenerator.RuleGenerator] 合并区域: 行10 列2 跨1行 1列
[2026-08-21 21:19:38.810] [INFO] [ExcelBatchGenerator.RuleGenerator] 合并区域: 行10 列3 跨1行 1列
[2026-08-21 21:19:38.810] [INFO] [ExcelBatchGenerator.RuleGenerator] 合并区域: 行10 列4 跨1行 1列
[2026-08-21 21:19:38.810] [INFO] [ExcelBatchGenerator.RuleGenerator] 合并区域: 行10 列5 跨1行 1列
[2026-08-21 21:19:38.810] [INFO] [ExcelBatchGenerator.RuleGenerator] 合并区域: 行10 列6 跨1行 1列
[2026-08-21 21:19:38.810] [INFO] [ExcelBatchGenerator.RuleGenerator] 合并区域: 行10 列7 跨1行 1列
[2026-08-21 21:19:38.810] [INFO] [ExcelBatchGenerator.RuleGenerator] 合并区域: 行10 列8 跨1行 1列
[2026-08-21 21:19:38.810] [INFO] [ExcelBatchGenerator.RuleGenerator] 合并区域: 行10 列9 跨1行 1列
[2026-08-21 21:19:38.810] [INFO] [ExcelBatchGenerator.RuleGenerator] 合并区域: 行10 列10 跨1行 1列
[2026-08-21 21:19:38.810] [INFO] [ExcelBatchGenerator.RuleGenerator] 合并区域: 行10 列11 跨1行 1列
[2026-08-21 21:19:38.810] [INFO] [ExcelBatchGenerator.RuleGenerator] 合并区域: 行10 列12 跨1行 1列
[2026-08-21 21:19:38.810] [INFO] [ExcelBatchGenerator.RuleGenerator] 合并区域: 行10 列13 跨1行 1列
[2026-08-21 21:19:38.810] [INFO] [ExcelBatchGenerator.RuleGenerator] 合并区域: 行10 列14 跨1行 4列
[2026-08-21 21:19:38.810] [INFO] [ExcelBatchGenerator.RuleGenerator] 合并区域: 行10 列18 跨1行 1列
[2026-08-21 21:19:38.810] [INFO] [ExcelBatchGenerator.RuleGenerator] 合并区域: 行10 列19 跨1行 1列
[2026-08-21 21:19:38.810] [INFO] [ExcelBatchGenerator.RuleGenerator] 合并区域: 行10 列20 跨1行 1列
[2026-08-21 21:19:38.811] [INFO] [ExcelBatchGenerator.RuleGenerator] 合并区域: 行10 列21 跨1行 1列
[2026-08-21 21:19:38.811] [INFO] [ExcelBatchGenerator.RuleGenerator] 合并区域: 行10 列22 跨1行 1列
[2026-08-21 21:19:38.811] [INFO] [ExcelBatchGenerator.RuleGenerator] 合并区域: 行10 列23 跨1行 1列
[2026-08-21 21:19:38.811] [INFO] [ExcelBatchGenerator.RuleGenerator] 合并区域: 行10 列24 跨1行 1列
[2026-08-21 21:19:38.811] [INFO] [ExcelBatchGenerator.RuleGenerator] 合并区域: 行10 列25 跨1行 1列
[2026-08-21 21:19:38.811] [INFO] [ExcelBatchGenerator.RuleGenerator] 合并区域: 行10 列26 跨1行 1列
[2026-08-21 21:19:38.811] [INFO] [ExcelBatchGenerator.RuleGenerator] 合并区域: 行10 列27 跨1行 1列
[2026-08-21 21:19:38.811] [INFO] [ExcelBatchGenerator.RuleGenerator] 合并区域: 行10 列28 跨1行 1列
[2026-08-21 21:19:38.811] [INFO] [ExcelBatchGenerator.RuleGenerator] 合并区域: 行10 列29 跨1行 1列
[2026-08-21 21:19:38.811] [INFO] [ExcelBatchGenerator.RuleGenerator] 合并区域: 行10 列30 跨1行 1列
[2026-08-21 21:19:38.811] [INFO] [ExcelBatchGenerator.RuleGenerator] 合并区域: 行11 列1 跨1行 1列
[2026-08-21 21:19:38.811] [INFO] [ExcelBatchGenerator.RuleGenerator] 合并区域: 行11 列2 跨1行 1列
[2026-08-21 21:19:38.811] [INFO] [ExcelBatchGenerator.RuleGenerator] 合并区域: 行11 列3 跨1行 1列
[2026-08-21 21:19:38.811] [INFO] [ExcelBatchGenerator.RuleGenerator] 合并区域: 行11 列4 跨1行 1列
[2026-08-21 21:19:38.811] [INFO] [ExcelBatchGenerator.RuleGenerator] 合并区域: 行11 列5 跨1行 1列
[2026-08-21 21:19:38.811] [INFO] [ExcelBatchGenerator.RuleGenerator] 合并区域: 行11 列6 跨1行 1列
[2026-08-21 21:19:38.811] [INFO] [ExcelBatchGenerator.RuleGenerator] 合并区域: 行11 列7 跨1行 1列
[2026-08-21 21:19:38.812] [INFO] [ExcelBatchGenerator.RuleGenerator] 合并区域: 行11 列8 跨1行 1列
[2026-08-21 21:19:38.812] [INFO] [ExcelBatchGenerator.RuleGenerator] 合并区域: 行11 列9 跨1行 1列
[2026-08-21 21:19:38.812] [INFO] [ExcelBatchGenerator.RuleGenerator] 合并区域: 行11 列10 跨1行 1列
[2026-08-21 21:19:38.812] [INFO] [ExcelBatchGenerator.RuleGenerator] 合并区域: 行11 列11 跨1行 1列
[2026-08-21 21:19:38.812] [INFO] [ExcelBatchGenerator.RuleGenerator] 合并区域: 行11 列12 跨1行 1列
[2026-08-21 21:19:38.812] [INFO] [ExcelBatchGenerator.RuleGenerator] 合并区域: 行11 列13 跨1行 1列
[2026-08-21 21:19:38.812] [INFO] [ExcelBatchGenerator.RuleGenerator] 合并区域: 行11 列14 跨1行 4列
[2026-08-21 21:19:38.812] [INFO] [ExcelBatchGenerator.RuleGenerator] 合并区域: 行11 列18 跨1行 1列
[2026-08-21 21:19:38.812] [INFO] [ExcelBatchGenerator.RuleGenerator] 合并区域: 行11 列19 跨1行 1列
[2026-08-21 21:19:38.812] [INFO] [ExcelBatchGenerator.RuleGenerator] 合并区域: 行11 列20 跨1行 1列
[2026-08-21 21:19:38.813] [INFO] [ExcelBatchGenerator.RuleGenerator] 合并区域: 行11 列21 跨1行 1列
[2026-08-21 21:19:38.813] [INFO] [ExcelBatchGenerator.RuleGenerator] 合并区域: 行11 列22 跨1行 1列
[2026-08-21 21:19:38.813] [INFO] [ExcelBatchGenerator.RuleGenerator] 合并区域: 行11 列23 跨1行 1列
[2026-08-21 21:19:38.813] [INFO] [ExcelBatchGenerator.RuleGenerator] 合并区域: 行11 列24 跨1行 1列
[2026-08-21 21:19:38.813] [INFO] [ExcelBatchGenerator.RuleGenerator] 合并区域: 行11 列25 跨1行 1列
[2026-08-21 21:19:38.813] [INFO] [ExcelBatchGenerator.RuleGenerator] 合并区域: 行11 列26 跨1行 1列
[2026-08-21 21:19:38.813] [INFO] [ExcelBatchGenerator.RuleGenerator] 合并区域: 行11 列27 跨1行 1列
[2026-08-21 21:19:38.814] [INFO] [ExcelBatchGenerator.RuleGenerator] 合并区域: 行11 列28 跨1行 1列
[2026-08-21 21:19:38.814] [INFO] [ExcelBatchGenerator.RuleGenerator] 合并区域: 行11 列29 跨1行 1列
[2026-08-21 21:19:38.814] [INFO] [ExcelBatchGenerator.RuleGenerator] 合并区域: 行11 列30 跨1行 1列
[2026-08-21 21:19:38.814] [INFO] [ExcelBatchGenerator.RuleGenerator] 合并区域: 行12 列1 跨1行 1列
[2026-08-21 21:19:38.814] [INFO] [ExcelBatchGenerator.RuleGenerator] 合并区域: 行12 列2 跨1行 1列
[2026-08-21 21:19:38.814] [INFO] [ExcelBatchGenerator.RuleGenerator] 合并区域: 行12 列3 跨1行 1列
[2026-08-21 21:19:38.814] [INFO] [ExcelBatchGenerator.RuleGenerator] 合并区域: 行12 列4 跨1行 1列
[2026-08-21 21:19:38.814] [INFO] [ExcelBatchGenerator.RuleGenerator] 合并区域: 行12 列5 跨1行 1列
[2026-08-21 21:19:38.814] [INFO] [ExcelBatchGenerator.RuleGenerator] 合并区域: 行12 列6 跨1行 1列
[2026-08-21 21:19:38.815] [INFO] [ExcelBatchGenerator.RuleGenerator] 合并区域: 行12 列7 跨1行 1列
[2026-08-21 21:19:38.815] [INFO] [ExcelBatchGenerator.RuleGenerator] 合并区域: 行12 列8 跨1行 1列
[2026-08-21 21:19:38.815] [INFO] [ExcelBatchGenerator.RuleGenerator] 合并区域: 行12 列9 跨1行 1列
[2026-08-21 21:19:38.815] [INFO] [ExcelBatchGenerator.RuleGenerator] 合并区域: 行12 列10 跨1行 1列
[2026-08-21 21:19:38.815] [INFO] [ExcelBatchGenerator.RuleGenerator] 合并区域: 行12 列11 跨1行 1列
[2026-08-21 21:19:38.815] [INFO] [ExcelBatchGenerator.RuleGenerator] 合并区域: 行12 列12 跨1行 1列
[2026-08-21 21:19:38.815] [INFO] [ExcelBatchGenerator.RuleGenerator] 合并区域: 行12 列13 跨1行 1列
[2026-08-21 21:19:38.815] [INFO] [ExcelBatchGenerator.RuleGenerator] 合并区域: 行12 列14 跨1行 4列
[2026-08-21 21:19:38.815] [INFO] [ExcelBatchGenerator.RuleGenerator] 合并区域: 行12 列18 跨1行 1列
[2026-08-21 21:19:38.815] [INFO] [ExcelBatchGenerator.RuleGenerator] 合并区域: 行12 列19 跨1行 1列
[2026-08-21 21:19:38.815] [INFO] [ExcelBatchGenerator.RuleGenerator] 合并区域: 行12 列20 跨1行 1列
[2026-08-21 21:19:38.815] [INFO] [ExcelBatchGenerator.RuleGenerator] 合并区域: 行12 列21 跨1行 1列
[2026-08-21 21:19:38.815] [INFO] [ExcelBatchGenerator.RuleGenerator] 合并区域: 行12 列22 跨1行 1列
[2026-08-21 21:19:38.816] [INFO] [ExcelBatchGenerator.RuleGenerator] 合并区域: 行12 列23 跨1行 1列
[2026-08-21 21:19:38.816] [INFO] [ExcelBatchGenerator.RuleGenerator] 合并区域: 行12 列24 跨1行 1列
[2026-08-21 21:19:38.816] [INFO] [ExcelBatchGenerator.RuleGenerator] 合并区域: 行12 列25 跨1行 1列
[2026-08-21 21:19:38.816] [INFO] [ExcelBatchGenerator.RuleGenerator] 合并区域: 行12 列26 跨1行 1列
[2026-08-21 21:19:38.816] [INFO] [ExcelBatchGenerator.RuleGenerator] 合并区域: 行12 列27 跨1行 1列
[2026-08-21 21:19:38.816] [INFO] [ExcelBatchGenerator.RuleGenerator] 合并区域: 行12 列28 跨1行 1列
[2026-08-21 21:19:38.816] [INFO] [ExcelBatchGenerator.RuleGenerator] 合并区域: 行12 列29 跨1行 1列
[2026-08-21 21:19:38.816] [INFO] [ExcelBatchGenerator.RuleGenerator] 合并区域: 行12 列30 跨1行 1列
[2026-08-21 21:19:38.816] [INFO] [ExcelBatchGenerator.RuleGenerator] 合并区域: 行13 列1 跨1行 1列
[2026-08-21 21:19:38.816] [INFO] [ExcelBatchGenerator.RuleGenerator] 合并区域: 行13 列2 跨1行 1列
[2026-08-21 21:19:38.816] [INFO] [ExcelBatchGenerator.RuleGenerator] 合并区域: 行13 列3 跨1行 1列
[2026-08-21 21:19:38.816] [INFO] [ExcelBatchGenerator.RuleGenerator] 合并区域: 行13 列4 跨1行 1列
[2026-08-21 21:19:38.816] [INFO] [ExcelBatchGenerator.RuleGenerator] 合并区域: 行13 列5 跨1行 1列
[2026-08-21 21:19:38.816] [INFO] [ExcelBatchGenerator.RuleGenerator] 合并区域: 行13 列6 跨1行 1列
[2026-08-21 21:19:38.816] [INFO] [ExcelBatchGenerator.RuleGenerator] 合并区域: 行13 列7 跨1行 1列
[2026-08-21 21:19:38.816] [INFO] [ExcelBatchGenerator.RuleGenerator] 合并区域: 行13 列8 跨1行 1列
[2026-08-21 21:19:38.817] [INFO] [ExcelBatchGenerator.RuleGenerator] 合并区域: 行13 列9 跨1行 1列
[2026-08-21 21:19:38.817] [INFO] [ExcelBatchGenerator.RuleGenerator] 合并区域: 行13 列10 跨1行 1列
[2026-08-21 21:19:38.817] [INFO] [ExcelBatchGenerator.RuleGenerator] 合并区域: 行13 列11 跨1行 1列
[2026-08-21 21:19:38.817] [INFO] [ExcelBatchGenerator.RuleGenerator] 合并区域: 行13 列12 跨1行 1列
[2026-08-21 21:19:38.817] [INFO] [ExcelBatchGenerator.RuleGenerator] 合并区域: 行13 列13 跨1行 1列
[2026-08-21 21:19:38.817] [INFO] [ExcelBatchGenerator.RuleGenerator] 合并区域: 行13 列14 跨1行 4列
[2026-08-21 21:19:38.817] [INFO] [ExcelBatchGenerator.RuleGenerator] 合并区域: 行13 列18 跨1行 1列
[2026-08-21 21:19:38.817] [INFO] [ExcelBatchGenerator.RuleGenerator] 合并区域: 行13 列19 跨1行 1列
[2026-08-21 21:19:38.817] [INFO] [ExcelBatchGenerator.RuleGenerator] 合并区域: 行13 列20 跨1行 1列
[2026-08-21 21:19:38.817] [INFO] [ExcelBatchGenerator.RuleGenerator] 合并区域: 行13 列21 跨1行 1列
[2026-08-21 21:19:38.817] [INFO] [ExcelBatchGenerator.RuleGenerator] 合并区域: 行13 列22 跨1行 1列
[2026-08-21 21:19:38.817] [INFO] [ExcelBatchGenerator.RuleGenerator] 合并区域: 行13 列23 跨1行 1列
[2026-08-21 21:19:38.817] [INFO] [ExcelBatchGenerator.RuleGenerator] 合并区域: 行13 列24 跨1行 1列
[2026-08-21 21:19:38.817] [INFO] [ExcelBatchGenerator.RuleGenerator] 合并区域: 行13 列25 跨1行 1列
[2026-08-21 21:19:38.817] [INFO] [ExcelBatchGenerator.RuleGenerator] 合并区域: 行13 列26 跨1行 1列
[2026-08-21 21:19:38.817] [INFO] [ExcelBatchGenerator.RuleGenerator] 合并区域: 行13 列27 跨1行 1列
[2026-08-21 21:19:38.817] [INFO] [ExcelBatchGenerator.RuleGenerator] 合并区域: 行13 列28 跨1行 1列
[2026-08-21 21:19:38.818] [INFO] [ExcelBatchGenerator.RuleGenerator] 合并区域: 行13 列29 跨1行 1列
[2026-08-21 21:19:38.818] [INFO] [ExcelBatchGenerator.RuleGenerator] 合并区域: 行13 列30 跨1行 1列
[2026-08-21 21:19:38.818] [INFO] [ExcelBatchGenerator.RuleGenerator] 合并区域: 行14 列1 跨1行 1列
[2026-08-21 21:19:38.818] [INFO] [ExcelBatchGenerator.RuleGenerator] 合并区域: 行14 列2 跨1行 1列
[2026-08-21 21:19:38.818] [INFO] [ExcelBatchGenerator.RuleGenerator] 合并区域: 行14 列3 跨1行 1列
[2026-08-21 21:19:38.818] [INFO] [ExcelBatchGenerator.RuleGenerator] 合并区域: 行14 列4 跨1行 1列
[2026-08-21 21:19:38.818] [INFO] [ExcelBatchGenerator.RuleGenerator] 合并区域: 行14 列5 跨1行 1列
[2026-08-21 21:19:38.818] [INFO] [ExcelBatchGenerator.RuleGenerator] 合并区域: 行14 列6 跨1行 1列
[2026-08-21 21:19:38.818] [INFO] [ExcelBatchGenerator.RuleGenerator] 合并区域: 行14 列7 跨1行 1列
[2026-08-21 21:19:38.818] [INFO] [ExcelBatchGenerator.RuleGenerator] 合并区域: 行14 列8 跨1行 1列
[2026-08-21 21:19:38.818] [INFO] [ExcelBatchGenerator.RuleGenerator] 合并区域: 行14 列9 跨1行 1列
[2026-08-21 21:19:38.818] [INFO] [ExcelBatchGenerator.RuleGenerator] 合并区域: 行14 列10 跨1行 1列
[2026-08-21 21:19:38.818] [INFO] [ExcelBatchGenerator.RuleGenerator] 合并区域: 行14 列11 跨1行 1列
[2026-08-21 21:19:38.818] [INFO] [ExcelBatchGenerator.RuleGenerator] 合并区域: 行14 列12 跨1行 1列
[2026-08-21 21:19:38.818] [INFO] [ExcelBatchGenerator.RuleGenerator] 合并区域: 行14 列13 跨1行 1列
[2026-08-21 21:19:38.819] [INFO] [ExcelBatchGenerator.RuleGenerator] 合并区域: 行14 列14 跨1行 4列
[2026-08-21 21:19:38.819] [INFO] [ExcelBatchGenerator.RuleGenerator] 合并区域: 行14 列18 跨1行 1列
[2026-08-21 21:19:38.819] [INFO] [ExcelBatchGenerator.RuleGenerator] 合并区域: 行14 列19 跨1行 1列
[2026-08-21 21:19:38.819] [INFO] [ExcelBatchGenerator.RuleGenerator] 合并区域: 行14 列20 跨1行 1列
[2026-08-21 21:19:38.819] [INFO] [ExcelBatchGenerator.RuleGenerator] 合并区域: 行14 列21 跨1行 1列
[2026-08-21 21:19:38.819] [INFO] [ExcelBatchGenerator.RuleGenerator] 合并区域: 行14 列22 跨1行 1列
[2026-08-21 21:19:38.819] [INFO] [ExcelBatchGenerator.RuleGenerator] 合并区域: 行14 列23 跨1行 1列
[2026-08-21 21:19:38.819] [INFO] [ExcelBatchGenerator.RuleGenerator] 合并区域: 行14 列24 跨1行 1列
[2026-08-21 21:19:38.819] [INFO] [ExcelBatchGenerator.RuleGenerator] 合并区域: 行14 列25 跨1行 1列
[2026-08-21 21:19:38.819] [INFO] [ExcelBatchGenerator.RuleGenerator] 合并区域: 行14 列26 跨1行 1列
[2026-08-21 21:19:38.819] [INFO] [ExcelBatchGenerator.RuleGenerator] 合并区域: 行14 列27 跨1行 1列
[2026-08-21 21:19:38.819] [INFO] [ExcelBatchGenerator.RuleGenerator] 合并区域: 行14 列28 跨1行 1列
[2026-08-21 21:19:38.820] [INFO] [ExcelBatchGenerator.RuleGenerator] 合并区域: 行14 列29 跨1行 1列
[2026-08-21 21:19:38.820] [INFO] [ExcelBatchGenerator.RuleGenerator] 合并区域: 行14 列30 跨1行 1列
[2026-08-21 21:19:38.820] [INFO] [ExcelBatchGenerator.RuleGenerator] 合并区域: 行15 列1 跨1行 1列
[2026-08-21 21:19:38.820] [INFO] [ExcelBatchGenerator.RuleGenerator] 合并区域: 行15 列2 跨1行 1列
[2026-08-21 21:19:38.820] [INFO] [ExcelBatchGenerator.RuleGenerator] 合并区域: 行15 列3 跨1行 1列
[2026-08-21 21:19:38.820] [INFO] [ExcelBatchGenerator.RuleGenerator] 合并区域: 行15 列4 跨1行 1列
[2026-08-21 21:19:38.820] [INFO] [ExcelBatchGenerator.RuleGenerator] 合并区域: 行15 列5 跨1行 1列
[2026-08-21 21:19:38.820] [INFO] [ExcelBatchGenerator.RuleGenerator] 合并区域: 行15 列6 跨1行 1列
[2026-08-21 21:19:38.820] [INFO] [ExcelBatchGenerator.RuleGenerator] 合并区域: 行15 列7 跨1行 1列
[2026-08-21 21:19:38.821] [INFO] [ExcelBatchGenerator.RuleGenerator] 合并区域: 行15 列8 跨1行 1列
[2026-08-21 21:19:38.821] [INFO] [ExcelBatchGenerator.RuleGenerator] 合并区域: 行15 列9 跨1行 1列
[2026-08-21 21:19:38.821] [INFO] [ExcelBatchGenerator.RuleGenerator] 合并区域: 行15 列10 跨1行 1列
[2026-08-21 21:19:38.821] [INFO] [ExcelBatchGenerator.RuleGenerator] 合并区域: 行15 列11 跨1行 1列
[2026-08-21 21:19:38.821] [INFO] [ExcelBatchGenerator.RuleGenerator] 合并区域: 行15 列12 跨1行 1列
[2026-08-21 21:19:38.821] [INFO] [ExcelBatchGenerator.RuleGenerator] 合并区域: 行15 列13 跨1行 1列
[2026-08-21 21:19:38.821] [INFO] [ExcelBatchGenerator.RuleGenerator] 合并区域: 行15 列14 跨1行 4列
[2026-08-21 21:19:38.821] [INFO] [ExcelBatchGenerator.RuleGenerator] 合并区域: 行15 列18 跨1行 1列
[2026-08-21 21:19:38.821] [INFO] [ExcelBatchGenerator.RuleGenerator] 合并区域: 行15 列19 跨1行 1列
[2026-08-21 21:19:38.821] [INFO] [ExcelBatchGenerator.RuleGenerator] 合并区域: 行15 列20 跨1行 1列
[2026-08-21 21:19:38.821] [INFO] [ExcelBatchGenerator.RuleGenerator] 合并区域: 行15 列21 跨1行 1列
[2026-08-21 21:19:38.821] [INFO] [ExcelBatchGenerator.RuleGenerator] 合并区域: 行15 列22 跨1行 1列
[2026-08-21 21:19:38.821] [INFO] [ExcelBatchGenerator.RuleGenerator] 合并区域: 行15 列23 跨1行 1列
[2026-08-21 21:19:38.822] [INFO] [ExcelBatchGenerator.RuleGenerator] 合并区域: 行15 列24 跨1行 1列
[2026-08-21 21:19:38.822] [INFO] [ExcelBatchGenerator.RuleGenerator] 合并区域: 行15 列25 跨1行 1列
[2026-08-21 21:19:38.822] [INFO] [ExcelBatchGenerator.RuleGenerator] 合并区域: 行15 列26 跨1行 1列
[2026-08-21 21:19:38.822] [INFO] [ExcelBatchGenerator.RuleGenerator] 合并区域: 行15 列27 跨1行 1列
[2026-08-21 21:19:38.822] [INFO] [ExcelBatchGenerator.RuleGenerator] 合并区域: 行15 列28 跨1行 1列
[2026-08-21 21:19:38.822] [INFO] [ExcelBatchGenerator.RuleGenerator] 合并区域: 行15 列29 跨1行 1列
[2026-08-21 21:19:38.822] [INFO] [ExcelBatchGenerator.RuleGenerator] 合并区域: 行15 列30 跨1行 1列
[2026-08-21 21:19:38.822] [INFO] [ExcelBatchGenerator.RuleGenerator] 合并区域: 行16 列1 跨1行 1列
[2026-08-21 21:19:38.822] [INFO] [ExcelBatchGenerator.RuleGenerator] 合并区域: 行16 列2 跨1行 1列
[2026-08-21 21:19:38.822] [INFO] [ExcelBatchGenerator.RuleGenerator] 合并区域: 行16 列3 跨1行 1列
[2026-08-21 21:19:38.822] [INFO] [ExcelBatchGenerator.RuleGenerator] 合并区域: 行16 列4 跨1行 1列
[2026-08-21 21:19:38.822] [INFO] [ExcelBatchGenerator.RuleGenerator] 合并区域: 行16 列5 跨1行 1列
[2026-08-21 21:19:38.822] [INFO] [ExcelBatchGenerator.RuleGenerator] 合并区域: 行16 列6 跨1行 1列
[2026-08-21 21:19:38.822] [INFO] [ExcelBatchGenerator.RuleGenerator] 合并区域: 行16 列7 跨1行 1列
[2026-08-21 21:19:38.822] [INFO] [ExcelBatchGenerator.RuleGenerator] 合并区域: 行16 列8 跨1行 1列
[2026-08-21 21:19:38.823] [INFO] [ExcelBatchGenerator.RuleGenerator] 合并区域: 行16 列9 跨1行 1列
[2026-08-21 21:19:38.823] [INFO] [ExcelBatchGenerator.RuleGenerator] 合并区域: 行16 列10 跨1行 1列
[2026-08-21 21:19:38.823] [INFO] [ExcelBatchGenerator.RuleGenerator] 合并区域: 行16 列11 跨1行 1列
[2026-08-21 21:19:38.823] [INFO] [ExcelBatchGenerator.RuleGenerator] 合并区域: 行16 列12 跨1行 1列
[2026-08-21 21:19:38.823] [INFO] [ExcelBatchGenerator.RuleGenerator] 合并区域: 行16 列13 跨1行 1列
[2026-08-21 21:19:38.823] [INFO] [ExcelBatchGenerator.RuleGenerator] 合并区域: 行16 列14 跨1行 1列
[2026-08-21 21:19:38.823] [INFO] [ExcelBatchGenerator.RuleGenerator] 合并区域: 行16 列15 跨1行 1列
[2026-08-21 21:19:38.823] [INFO] [ExcelBatchGenerator.RuleGenerator] 合并区域: 行16 列16 跨1行 1列
[2026-08-21 21:19:38.823] [INFO] [ExcelBatchGenerator.RuleGenerator] 合并区域: 行16 列17 跨1行 1列
[2026-08-21 21:19:38.823] [INFO] [ExcelBatchGenerator.RuleGenerator] 合并区域: 行16 列18 跨1行 1列
[2026-08-21 21:19:38.823] [INFO] [ExcelBatchGenerator.RuleGenerator] 合并区域: 行16 列19 跨1行 1列
[2026-08-21 21:19:38.823] [INFO] [ExcelBatchGenerator.RuleGenerator] 合并区域: 行16 列20 跨1行 1列
[2026-08-21 21:19:38.823] [INFO] [ExcelBatchGenerator.RuleGenerator] 合并区域: 行16 列21 跨1行 1列
[2026-08-21 21:19:38.823] [INFO] [ExcelBatchGenerator.RuleGenerator] 合并区域: 行16 列22 跨1行 1列
[2026-08-21 21:19:38.824] [INFO] [ExcelBatchGenerator.RuleGenerator] 合并区域: 行16 列23 跨1行 1列
[2026-08-21 21:19:38.824] [INFO] [ExcelBatchGenerator.RuleGenerator] 合并区域: 行16 列24 跨1行 1列
[2026-08-21 21:19:38.824] [INFO] [ExcelBatchGenerator.RuleGenerator] 合并区域: 行16 列25 跨1行 1列
[2026-08-21 21:19:38.824] [INFO] [ExcelBatchGenerator.RuleGenerator] 合并区域: 行16 列26 跨1行 1列
[2026-08-21 21:19:38.824] [INFO] [ExcelBatchGenerator.RuleGenerator] 合并区域: 行16 列27 跨1行 1列
[2026-08-21 21:19:38.824] [INFO] [ExcelBatchGenerator.RuleGenerator] 合并区域: 行16 列28 跨1行 1列
[2026-08-21 21:19:38.824] [INFO] [ExcelBatchGenerator.RuleGenerator] 合并区域: 行16 列29 跨1行 1列
[2026-08-21 21:19:38.824] [INFO] [ExcelBatchGenerator.RuleGenerator] 合并区域: 行16 列30 跨1行 1列
[2026-08-21 21:19:38.824] [INFO] [ExcelBatchGenerator.RuleGenerator] 合并区域: 行17 列1 跨1行 17列
[2026-08-21 21:19:38.824] [INFO] [ExcelBatchGenerator.RuleGenerator] 合并区域: 行17 列18 跨1行 1列
[2026-08-21 21:19:38.825] [INFO] [ExcelBatchGenerator.RuleGenerator] 合并区域: 行17 列19 跨1行 1列
[2026-08-21 21:19:38.825] [INFO] [ExcelBatchGenerator.RuleGenerator] 合并区域: 行17 列20 跨1行 1列
[2026-08-21 21:19:38.825] [INFO] [ExcelBatchGenerator.RuleGenerator] 合并区域: 行17 列21 跨1行 1列
[2026-08-21 21:19:38.825] [INFO] [ExcelBatchGenerator.RuleGenerator] 合并区域: 行17 列22 跨1行 1列
[2026-08-21 21:19:38.825] [INFO] [ExcelBatchGenerator.RuleGenerator] 合并区域: 行17 列23 跨1行 1列
[2026-08-21 21:19:38.826] [INFO] [ExcelBatchGenerator.RuleGenerator] 合并区域: 行17 列24 跨1行 1列
[2026-08-21 21:19:38.826] [INFO] [ExcelBatchGenerator.RuleGenerator] 合并区域: 行17 列25 跨1行 1列
[2026-08-21 21:19:38.826] [INFO] [ExcelBatchGenerator.RuleGenerator] 合并区域: 行17 列26 跨1行 1列
[2026-08-21 21:19:38.826] [INFO] [ExcelBatchGenerator.RuleGenerator] 合并区域: 行17 列27 跨1行 1列
[2026-08-21 21:19:38.826] [INFO] [ExcelBatchGenerator.RuleGenerator] 合并区域: 行17 列28 跨1行 1列
[2026-08-21 21:19:38.826] [INFO] [ExcelBatchGenerator.RuleGenerator] 合并区域: 行17 列29 跨1行 1列
[2026-08-21 21:19:38.826] [INFO] [ExcelBatchGenerator.RuleGenerator] 合并区域: 行17 列30 跨1行 1列
[2026-08-21 21:19:38.826] [INFO] [ExcelBatchGenerator.RuleGenerator] 合并区域: 行18 列1 跨1行 1列
[2026-08-21 21:19:38.826] [INFO] [ExcelBatchGenerator.RuleGenerator] 合并区域: 行18 列2 跨1行 1列
[2026-08-21 21:19:38.826] [INFO] [ExcelBatchGenerator.RuleGenerator] 合并区域: 行18 列3 跨1行 1列
[2026-08-21 21:19:38.826] [INFO] [ExcelBatchGenerator.RuleGenerator] 合并区域: 行18 列4 跨1行 1列
[2026-08-21 21:19:38.827] [INFO] [ExcelBatchGenerator.RuleGenerator] 合并区域: 行18 列5 跨1行 1列
[2026-08-21 21:19:38.827] [INFO] [ExcelBatchGenerator.RuleGenerator] 合并区域: 行18 列6 跨1行 1列
[2026-08-21 21:19:38.827] [INFO] [ExcelBatchGenerator.RuleGenerator] 合并区域: 行18 列7 跨1行 1列
[2026-08-21 21:19:38.827] [INFO] [ExcelBatchGenerator.RuleGenerator] 合并区域: 行18 列8 跨1行 1列
[2026-08-21 21:19:38.827] [INFO] [ExcelBatchGenerator.RuleGenerator] 合并区域: 行18 列9 跨1行 1列
[2026-08-21 21:19:38.827] [INFO] [ExcelBatchGenerator.RuleGenerator] 合并区域: 行18 列10 跨1行 1列
[2026-08-21 21:19:38.827] [INFO] [ExcelBatchGenerator.RuleGenerator] 合并区域: 行18 列11 跨1行 1列
[2026-08-21 21:19:38.827] [INFO] [ExcelBatchGenerator.RuleGenerator] 合并区域: 行18 列12 跨1行 1列
[2026-08-21 21:19:38.827] [INFO] [ExcelBatchGenerator.RuleGenerator] 合并区域: 行18 列13 跨1行 1列
[2026-08-21 21:19:38.827] [INFO] [ExcelBatchGenerator.RuleGenerator] 合并区域: 行18 列14 跨1行 1列
[2026-08-21 21:19:38.827] [INFO] [ExcelBatchGenerator.RuleGenerator] 合并区域: 行18 列15 跨1行 1列
[2026-08-21 21:19:38.827] [INFO] [ExcelBatchGenerator.RuleGenerator] 合并区域: 行18 列16 跨1行 1列
[2026-08-21 21:19:38.827] [INFO] [ExcelBatchGenerator.RuleGenerator] 合并区域: 行18 列17 跨1行 1列
[2026-08-21 21:19:38.827] [INFO] [ExcelBatchGenerator.RuleGenerator] 合并区域: 行18 列18 跨1行 1列
[2026-08-21 21:19:38.827] [INFO] [ExcelBatchGenerator.RuleGenerator] 合并区域: 行18 列19 跨1行 1列
[2026-08-21 21:19:38.828] [INFO] [ExcelBatchGenerator.RuleGenerator] 合并区域: 行18 列20 跨1行 1列
[2026-08-21 21:19:38.828] [INFO] [ExcelBatchGenerator.RuleGenerator] 合并区域: 行18 列21 跨1行 1列
[2026-08-21 21:19:38.828] [INFO] [ExcelBatchGenerator.RuleGenerator] 合并区域: 行18 列22 跨1行 1列
[2026-08-21 21:19:38.828] [INFO] [ExcelBatchGenerator.RuleGenerator] 合并区域: 行18 列23 跨1行 1列
[2026-08-21 21:19:38.828] [INFO] [ExcelBatchGenerator.RuleGenerator] 合并区域: 行18 列24 跨1行 1列
[2026-08-21 21:19:38.828] [INFO] [ExcelBatchGenerator.RuleGenerator] 合并区域: 行18 列25 跨1行 1列
[2026-08-21 21:19:38.828] [INFO] [ExcelBatchGenerator.RuleGenerator] 合并区域: 行18 列26 跨1行 1列
[2026-08-21 21:19:38.828] [INFO] [ExcelBatchGenerator.RuleGenerator] 合并区域: 行18 列27 跨1行 1列
[2026-08-21 21:19:38.828] [INFO] [ExcelBatchGenerator.RuleGenerator] 合并区域: 行18 列28 跨1行 1列
[2026-08-21 21:19:38.829] [INFO] [ExcelBatchGenerator.RuleGenerator] 合并区域: 行18 列29 跨1行 1列
[2026-08-21 21:19:38.829] [INFO] [ExcelBatchGenerator.RuleGenerator] 合并区域: 行18 列30 跨1行 1列
[2026-08-21 21:19:38.831] [INFO] [ExcelBatchGenerator.RuleGenerator] load_excel: 完成
[2026-08-21 21:19:46.282] [INFO] [ExcelBatchGenerator.RuleGenerator] _load_sheet_data: 加载工作表 过程尺寸检验记录
[2026-08-21 21:19:47.584] [INFO] [ExcelBatchGenerator.RuleGenerator] 通过遍历方式获取到 312 个合并区域
[2026-08-21 21:19:47.584] [INFO] [ExcelBatchGenerator.RuleGenerator] 检测到 312 个合并区域
[2026-08-21 21:19:48.850] [INFO] [ExcelBatchGenerator.RuleGenerator] 实际数据范围: 20 行, 20 列
[2026-08-21 21:19:48.851] [INFO] [ExcelBatchGenerator.RuleGenerator] max_row=20, max_col=20
[2026-08-21 21:19:48.851] [INFO] [ExcelBatchGenerator.RuleGenerator] _populate_table_from_win32: 开始填充 20x20
[2026-08-21 21:19:48.851] [INFO] [ExcelBatchGenerator.RuleGenerator] 读取单元格数据...
[2026-08-21 21:19:49.112] [INFO] [ExcelBatchGenerator.RuleGenerator] Cell L5: Text='长柱扣高度5.15±0.05mm', Value='长柱扣高度5.15±0.05mm'
[2026-08-21 21:19:49.115] [INFO] [ExcelBatchGenerator.RuleGenerator] Cell M5: Text='长柱扣高度5.05±0.05mm', Value='长柱扣高度5.05±0.05mm'
[2026-08-21 21:19:49.118] [INFO] [ExcelBatchGenerator.RuleGenerator] Cell N5: Text='长柱扣高度3.75±0.05mm', Value='长柱扣高度3.75±0.05mm'
[2026-08-21 21:19:49.121] [INFO] [ExcelBatchGenerator.RuleGenerator] Cell O5: Text='配件扣宽度30.48±0.13mm', Value='配件扣宽度30.48±0.13mm'
[2026-08-21 21:19:49.123] [INFO] [ExcelBatchGenerator.RuleGenerator] Cell P5: Text='配件扣宽度27.60±0.10mm', Value='配件扣宽度27.60±0.10mm'
[2026-08-21 21:19:49.129] [INFO] [ExcelBatchGenerator.RuleGenerator] Cell Q5: Text='配件扣长度30.00±0.13mm', Value='配件扣长度30.00±0.13mm'
[2026-08-21 21:19:50.099] [INFO] [ExcelBatchGenerator.RuleGenerator] 单元格数据读取完成
[2026-08-21 21:19:50.099] [INFO] [ExcelBatchGenerator.RuleGenerator] 已应用 10 个合并区域
[2026-08-21 21:19:50.100] [INFO] [ExcelBatchGenerator.RuleGenerator] _populate_table_from_win32: 完成
[2026-08-21 21:19:50.102] [INFO] [ExcelBatchGenerator.RuleGenerator] 合并区域: 行1 列1 跨1行 19列
[2026-08-21 21:19:50.102] [INFO] [ExcelBatchGenerator.RuleGenerator] 合并区域: 行1 列20 跨1行 1列
[2026-08-21 21:19:50.102] [INFO] [ExcelBatchGenerator.RuleGenerator] 合并区域: 行2 列1 跨1行 19列
[2026-08-21 21:19:50.102] [INFO] [ExcelBatchGenerator.RuleGenerator] 合并区域: 行2 列20 跨1行 1列
[2026-08-21 21:19:50.102] [INFO] [ExcelBatchGenerator.RuleGenerator] 合并区域: 行3 列1 跨1行 1列
[2026-08-21 21:19:50.102] [INFO] [ExcelBatchGenerator.RuleGenerator] 合并区域: 行3 列2 跨1行 1列
[2026-08-21 21:19:50.102] [INFO] [ExcelBatchGenerator.RuleGenerator] 合并区域: 行3 列3 跨1行 1列
[2026-08-21 21:19:50.102] [INFO] [ExcelBatchGenerator.RuleGenerator] 合并区域: 行3 列4 跨1行 1列
[2026-08-21 21:19:50.103] [INFO] [ExcelBatchGenerator.RuleGenerator] 合并区域: 行3 列5 跨1行 1列
[2026-08-21 21:19:50.103] [INFO] [ExcelBatchGenerator.RuleGenerator] 合并区域: 行3 列6 跨1行 1列
[2026-08-21 21:19:50.103] [INFO] [ExcelBatchGenerator.RuleGenerator] 合并区域: 行3 列7 跨1行 1列
[2026-08-21 21:19:50.103] [INFO] [ExcelBatchGenerator.RuleGenerator] 合并区域: 行3 列8 跨1行 1列
[2026-08-21 21:19:50.103] [INFO] [ExcelBatchGenerator.RuleGenerator] 合并区域: 行3 列9 跨1行 1列
[2026-08-21 21:19:50.103] [INFO] [ExcelBatchGenerator.RuleGenerator] 合并区域: 行3 列10 跨1行 1列
[2026-08-21 21:19:50.103] [INFO] [ExcelBatchGenerator.RuleGenerator] 合并区域: 行3 列11 跨1行 1列
[2026-08-21 21:19:50.103] [INFO] [ExcelBatchGenerator.RuleGenerator] 合并区域: 行3 列12 跨1行 1列
[2026-08-21 21:19:50.103] [INFO] [ExcelBatchGenerator.RuleGenerator] 合并区域: 行3 列13 跨1行 1列
[2026-08-21 21:19:50.103] [INFO] [ExcelBatchGenerator.RuleGenerator] 合并区域: 行3 列14 跨1行 1列
[2026-08-21 21:19:50.103] [INFO] [ExcelBatchGenerator.RuleGenerator] 合并区域: 行3 列15 跨1行 1列
[2026-08-21 21:19:50.103] [INFO] [ExcelBatchGenerator.RuleGenerator] 合并区域: 行3 列16 跨1行 1列
[2026-08-21 21:19:50.103] [INFO] [ExcelBatchGenerator.RuleGenerator] 合并区域: 行3 列17 跨1行 1列
[2026-08-21 21:19:50.103] [INFO] [ExcelBatchGenerator.RuleGenerator] 合并区域: 行3 列18 跨1行 1列
[2026-08-21 21:19:50.103] [INFO] [ExcelBatchGenerator.RuleGenerator] 合并区域: 行3 列19 跨1行 1列
[2026-08-21 21:19:50.103] [INFO] [ExcelBatchGenerator.RuleGenerator] 合并区域: 行3 列20 跨1行 1列
[2026-08-21 21:19:50.103] [INFO] [ExcelBatchGenerator.RuleGenerator] 合并区域: 行4 列1 跨2行 1列
[2026-08-21 21:19:50.104] [INFO] [ExcelBatchGenerator.RuleGenerator] 合并区域: 行4 列2 跨2行 1列
[2026-08-21 21:19:50.104] [INFO] [ExcelBatchGenerator.RuleGenerator] 合并区域: 行4 列3 跨2行 1列
[2026-08-21 21:19:50.104] [INFO] [ExcelBatchGenerator.RuleGenerator] 合并区域: 行4 列4 跨1行 15列
[2026-08-21 21:19:50.104] [INFO] [ExcelBatchGenerator.RuleGenerator] 合并区域: 行4 列19 跨2行 1列
[2026-08-21 21:19:50.104] [INFO] [ExcelBatchGenerator.RuleGenerator] 合并区域: 行4 列20 跨1行 1列
[2026-08-21 21:19:50.104] [INFO] [ExcelBatchGenerator.RuleGenerator] 合并区域: 行5 列4 跨1行 1列
[2026-08-21 21:19:50.104] [INFO] [ExcelBatchGenerator.RuleGenerator] 合并区域: 行5 列5 跨1行 1列
[2026-08-21 21:19:50.104] [INFO] [ExcelBatchGenerator.RuleGenerator] 合并区域: 行5 列6 跨1行 1列
[2026-08-21 21:19:50.104] [INFO] [ExcelBatchGenerator.RuleGenerator] 合并区域: 行5 列7 跨1行 1列
[2026-08-21 21:19:50.104] [INFO] [ExcelBatchGenerator.RuleGenerator] 合并区域: 行5 列8 跨1行 1列
[2026-08-21 21:19:50.104] [INFO] [ExcelBatchGenerator.RuleGenerator] 合并区域: 行5 列9 跨1行 1列
[2026-08-21 21:19:50.104] [INFO] [ExcelBatchGenerator.RuleGenerator] 合并区域: 行5 列10 跨1行 1列
[2026-08-21 21:19:50.104] [INFO] [ExcelBatchGenerator.RuleGenerator] 合并区域: 行5 列11 跨1行 1列
[2026-08-21 21:19:50.104] [INFO] [ExcelBatchGenerator.RuleGenerator] 合并区域: 行5 列12 跨1行 1列
[2026-08-21 21:19:50.104] [INFO] [ExcelBatchGenerator.RuleGenerator] 合并区域: 行5 列13 跨1行 1列
[2026-08-21 21:19:50.104] [INFO] [ExcelBatchGenerator.RuleGenerator] 合并区域: 行5 列14 跨1行 1列
[2026-08-21 21:19:50.105] [INFO] [ExcelBatchGenerator.RuleGenerator] 合并区域: 行5 列15 跨1行 1列
[2026-08-21 21:19:50.105] [INFO] [ExcelBatchGenerator.RuleGenerator] 合并区域: 行5 列16 跨1行 1列
[2026-08-21 21:19:50.105] [INFO] [ExcelBatchGenerator.RuleGenerator] 合并区域: 行5 列17 跨1行 1列
[2026-08-21 21:19:50.105] [INFO] [ExcelBatchGenerator.RuleGenerator] 合并区域: 行5 列18 跨1行 1列
[2026-08-21 21:19:50.105] [INFO] [ExcelBatchGenerator.RuleGenerator] 合并区域: 行5 列20 跨1行 1列
[2026-08-21 21:19:50.105] [INFO] [ExcelBatchGenerator.RuleGenerator] 合并区域: 行6 列1 跨10行 1列
[2026-08-21 21:19:50.105] [INFO] [ExcelBatchGenerator.RuleGenerator] 合并区域: 行6 列2 跨1行 1列
[2026-08-21 21:19:50.105] [INFO] [ExcelBatchGenerator.RuleGenerator] 合并区域: 行6 列3 跨1行 1列
[2026-08-21 21:19:50.105] [INFO] [ExcelBatchGenerator.RuleGenerator] 合并区域: 行6 列4 跨1行 1列
[2026-08-21 21:19:50.105] [INFO] [ExcelBatchGenerator.RuleGenerator] 合并区域: 行6 列5 跨1行 1列
[2026-08-21 21:19:50.105] [INFO] [ExcelBatchGenerator.RuleGenerator] 合并区域: 行6 列6 跨1行 1列
[2026-08-21 21:19:50.106] [INFO] [ExcelBatchGenerator.RuleGenerator] 合并区域: 行6 列7 跨1行 1列
[2026-08-21 21:19:50.106] [INFO] [ExcelBatchGenerator.RuleGenerator] 合并区域: 行6 列8 跨1行 1列
[2026-08-21 21:19:50.106] [INFO] [ExcelBatchGenerator.RuleGenerator] 合并区域: 行6 列9 跨1行 1列
[2026-08-21 21:19:50.106] [INFO] [ExcelBatchGenerator.RuleGenerator] 合并区域: 行6 列10 跨1行 1列
[2026-08-21 21:19:50.106] [INFO] [ExcelBatchGenerator.RuleGenerator] 合并区域: 行6 列11 跨1行 1列
[2026-08-21 21:19:50.106] [INFO] [ExcelBatchGenerator.RuleGenerator] 合并区域: 行6 列12 跨1行 1列
[2026-08-21 21:19:50.106] [INFO] [ExcelBatchGenerator.RuleGenerator] 合并区域: 行6 列13 跨1行 1列
[2026-08-21 21:19:50.106] [INFO] [ExcelBatchGenerator.RuleGenerator] 合并区域: 行6 列14 跨1行 1列
[2026-08-21 21:19:50.106] [INFO] [ExcelBatchGenerator.RuleGenerator] 合并区域: 行6 列15 跨1行 1列
[2026-08-21 21:19:50.106] [INFO] [ExcelBatchGenerator.RuleGenerator] 合并区域: 行6 列16 跨1行 1列
[2026-08-21 21:19:50.106] [INFO] [ExcelBatchGenerator.RuleGenerator] 合并区域: 行6 列17 跨1行 1列
[2026-08-21 21:19:50.106] [INFO] [ExcelBatchGenerator.RuleGenerator] 合并区域: 行6 列18 跨1行 1列
[2026-08-21 21:19:50.106] [INFO] [ExcelBatchGenerator.RuleGenerator] 合并区域: 行6 列19 跨1行 1列
[2026-08-21 21:19:50.106] [INFO] [ExcelBatchGenerator.RuleGenerator] 合并区域: 行6 列20 跨1行 1列
[2026-08-21 21:19:50.107] [INFO] [ExcelBatchGenerator.RuleGenerator] 合并区域: 行7 列2 跨1行 1列
[2026-08-21 21:19:50.107] [INFO] [ExcelBatchGenerator.RuleGenerator] 合并区域: 行7 列3 跨1行 1列
[2026-08-21 21:19:50.107] [INFO] [ExcelBatchGenerator.RuleGenerator] 合并区域: 行7 列4 跨1行 1列
[2026-08-21 21:19:50.107] [INFO] [ExcelBatchGenerator.RuleGenerator] 合并区域: 行7 列5 跨1行 1列
[2026-08-21 21:19:50.107] [INFO] [ExcelBatchGenerator.RuleGenerator] 合并区域: 行7 列6 跨1行 1列
[2026-08-21 21:19:50.107] [INFO] [ExcelBatchGenerator.RuleGenerator] 合并区域: 行7 列7 跨1行 1列
[2026-08-21 21:19:50.107] [INFO] [ExcelBatchGenerator.RuleGenerator] 合并区域: 行7 列8 跨1行 1列
[2026-08-21 21:19:50.107] [INFO] [ExcelBatchGenerator.RuleGenerator] 合并区域: 行7 列9 跨1行 1列
[2026-08-21 21:19:50.107] [INFO] [ExcelBatchGenerator.RuleGenerator] 合并区域: 行7 列10 跨1行 1列
[2026-08-21 21:19:50.107] [INFO] [ExcelBatchGenerator.RuleGenerator] 合并区域: 行7 列11 跨1行 1列
[2026-08-21 21:19:50.107] [INFO] [ExcelBatchGenerator.RuleGenerator] 合并区域: 行7 列12 跨1行 1列
[2026-08-21 21:19:50.107] [INFO] [ExcelBatchGenerator.RuleGenerator] 合并区域: 行7 列13 跨1行 1列
[2026-08-21 21:19:50.107] [INFO] [ExcelBatchGenerator.RuleGenerator] 合并区域: 行7 列14 跨1行 1列
[2026-08-21 21:19:50.107] [INFO] [ExcelBatchGenerator.RuleGenerator] 合并区域: 行7 列15 跨1行 1列
[2026-08-21 21:19:50.107] [INFO] [ExcelBatchGenerator.RuleGenerator] 合并区域: 行7 列16 跨1行 1列
[2026-08-21 21:19:50.107] [INFO] [ExcelBatchGenerator.RuleGenerator] 合并区域: 行7 列17 跨1行 1列
[2026-08-21 21:19:50.107] [INFO] [ExcelBatchGenerator.RuleGenerator] 合并区域: 行7 列18 跨1行 1列
[2026-08-21 21:19:50.108] [INFO] [ExcelBatchGenerator.RuleGenerator] 合并区域: 行7 列19 跨1行 1列
[2026-08-21 21:19:50.108] [INFO] [ExcelBatchGenerator.RuleGenerator] 合并区域: 行7 列20 跨1行 1列
[2026-08-21 21:19:50.108] [INFO] [ExcelBatchGenerator.RuleGenerator] 合并区域: 行8 列2 跨1行 1列
[2026-08-21 21:19:50.108] [INFO] [ExcelBatchGenerator.RuleGenerator] 合并区域: 行8 列3 跨1行 1列
[2026-08-21 21:19:50.109] [INFO] [ExcelBatchGenerator.RuleGenerator] 合并区域: 行8 列4 跨1行 1列
[2026-08-21 21:19:50.109] [INFO] [ExcelBatchGenerator.RuleGenerator] 合并区域: 行8 列5 跨1行 1列
[2026-08-21 21:19:50.109] [INFO] [ExcelBatchGenerator.RuleGenerator] 合并区域: 行8 列6 跨1行 1列
[2026-08-21 21:19:50.109] [INFO] [ExcelBatchGenerator.RuleGenerator] 合并区域: 行8 列7 跨1行 1列
[2026-08-21 21:19:50.109] [INFO] [ExcelBatchGenerator.RuleGenerator] 合并区域: 行8 列8 跨1行 1列
[2026-08-21 21:19:50.109] [INFO] [ExcelBatchGenerator.RuleGenerator] 合并区域: 行8 列9 跨1行 1列
[2026-08-21 21:19:50.109] [INFO] [ExcelBatchGenerator.RuleGenerator] 合并区域: 行8 列10 跨1行 1列
[2026-08-21 21:19:50.109] [INFO] [ExcelBatchGenerator.RuleGenerator] 合并区域: 行8 列11 跨1行 1列
[2026-08-21 21:19:50.110] [INFO] [ExcelBatchGenerator.RuleGenerator] 合并区域: 行8 列12 跨1行 1列
[2026-08-21 21:19:50.110] [INFO] [ExcelBatchGenerator.RuleGenerator] 合并区域: 行8 列13 跨1行 1列
[2026-08-21 21:19:50.110] [INFO] [ExcelBatchGenerator.RuleGenerator] 合并区域: 行8 列14 跨1行 1列
[2026-08-21 21:19:50.110] [INFO] [ExcelBatchGenerator.RuleGenerator] 合并区域: 行8 列15 跨1行 1列
[2026-08-21 21:19:50.110] [INFO] [ExcelBatchGenerator.RuleGenerator] 合并区域: 行8 列16 跨1行 1列
[2026-08-21 21:19:50.110] [INFO] [ExcelBatchGenerator.RuleGenerator] 合并区域: 行8 列17 跨1行 1列
[2026-08-21 21:19:50.110] [INFO] [ExcelBatchGenerator.RuleGenerator] 合并区域: 行8 列18 跨1行 1列
[2026-08-21 21:19:50.110] [INFO] [ExcelBatchGenerator.RuleGenerator] 合并区域: 行8 列19 跨1行 1列
[2026-08-21 21:19:50.110] [INFO] [ExcelBatchGenerator.RuleGenerator] 合并区域: 行8 列20 跨1行 1列
[2026-08-21 21:19:50.111] [INFO] [ExcelBatchGenerator.RuleGenerator] 合并区域: 行9 列2 跨1行 1列
[2026-08-21 21:19:50.111] [INFO] [ExcelBatchGenerator.RuleGenerator] 合并区域: 行9 列3 跨1行 1列
[2026-08-21 21:19:50.111] [INFO] [ExcelBatchGenerator.RuleGenerator] 合并区域: 行9 列4 跨1行 1列
[2026-08-21 21:19:50.111] [INFO] [ExcelBatchGenerator.RuleGenerator] 合并区域: 行9 列5 跨1行 1列
[2026-08-21 21:19:50.111] [INFO] [ExcelBatchGenerator.RuleGenerator] 合并区域: 行9 列6 跨1行 1列
[2026-08-21 21:19:50.111] [INFO] [ExcelBatchGenerator.RuleGenerator] 合并区域: 行9 列7 跨1行 1列
[2026-08-21 21:19:50.111] [INFO] [ExcelBatchGenerator.RuleGenerator] 合并区域: 行9 列8 跨1行 1列
[2026-08-21 21:19:50.111] [INFO] [ExcelBatchGenerator.RuleGenerator] 合并区域: 行9 列9 跨1行 1列
[2026-08-21 21:19:50.111] [INFO] [ExcelBatchGenerator.RuleGenerator] 合并区域: 行9 列10 跨1行 1列
[2026-08-21 21:19:50.111] [INFO] [ExcelBatchGenerator.RuleGenerator] 合并区域: 行9 列11 跨1行 1列
[2026-08-21 21:19:50.111] [INFO] [ExcelBatchGenerator.RuleGenerator] 合并区域: 行9 列12 跨1行 1列
[2026-08-21 21:19:50.112] [INFO] [ExcelBatchGenerator.RuleGenerator] 合并区域: 行9 列13 跨1行 1列
[2026-08-21 21:19:50.112] [INFO] [ExcelBatchGenerator.RuleGenerator] 合并区域: 行9 列14 跨1行 1列
[2026-08-21 21:19:50.112] [INFO] [ExcelBatchGenerator.RuleGenerator] 合并区域: 行9 列15 跨1行 1列
[2026-08-21 21:19:50.112] [INFO] [ExcelBatchGenerator.RuleGenerator] 合并区域: 行9 列16 跨1行 1列
[2026-08-21 21:19:50.112] [INFO] [ExcelBatchGenerator.RuleGenerator] 合并区域: 行9 列17 跨1行 1列
[2026-08-21 21:19:50.112] [INFO] [ExcelBatchGenerator.RuleGenerator] 合并区域: 行9 列18 跨1行 1列
[2026-08-21 21:19:50.112] [INFO] [ExcelBatchGenerator.RuleGenerator] 合并区域: 行9 列19 跨1行 1列
[2026-08-21 21:19:50.112] [INFO] [ExcelBatchGenerator.RuleGenerator] 合并区域: 行9 列20 跨1行 1列
[2026-08-21 21:19:50.112] [INFO] [ExcelBatchGenerator.RuleGenerator] 合并区域: 行10 列2 跨1行 1列
[2026-08-21 21:19:50.112] [INFO] [ExcelBatchGenerator.RuleGenerator] 合并区域: 行10 列3 跨1行 1列
[2026-08-21 21:19:50.112] [INFO] [ExcelBatchGenerator.RuleGenerator] 合并区域: 行10 列4 跨1行 1列
[2026-08-21 21:19:50.112] [INFO] [ExcelBatchGenerator.RuleGenerator] 合并区域: 行10 列5 跨1行 1列
[2026-08-21 21:19:50.112] [INFO] [ExcelBatchGenerator.RuleGenerator] 合并区域: 行10 列6 跨1行 1列
[2026-08-21 21:19:50.112] [INFO] [ExcelBatchGenerator.RuleGenerator] 合并区域: 行10 列7 跨1行 1列
[2026-08-21 21:19:50.112] [INFO] [ExcelBatchGenerator.RuleGenerator] 合并区域: 行10 列8 跨1行 1列
[2026-08-21 21:19:50.113] [INFO] [ExcelBatchGenerator.RuleGenerator] 合并区域: 行10 列9 跨1行 1列
[2026-08-21 21:19:50.113] [INFO] [ExcelBatchGenerator.RuleGenerator] 合并区域: 行10 列10 跨1行 1列
[2026-08-21 21:19:50.113] [INFO] [ExcelBatchGenerator.RuleGenerator] 合并区域: 行10 列11 跨1行 1列
[2026-08-21 21:19:50.113] [INFO] [ExcelBatchGenerator.RuleGenerator] 合并区域: 行10 列12 跨1行 1列
[2026-08-21 21:19:50.113] [INFO] [ExcelBatchGenerator.RuleGenerator] 合并区域: 行10 列13 跨1行 1列
[2026-08-21 21:19:50.113] [INFO] [ExcelBatchGenerator.RuleGenerator] 合并区域: 行10 列14 跨1行 1列
[2026-08-21 21:19:50.113] [INFO] [ExcelBatchGenerator.RuleGenerator] 合并区域: 行10 列15 跨1行 1列
[2026-08-21 21:19:50.113] [INFO] [ExcelBatchGenerator.RuleGenerator] 合并区域: 行10 列16 跨1行 1列
[2026-08-21 21:19:50.113] [INFO] [ExcelBatchGenerator.RuleGenerator] 合并区域: 行10 列17 跨1行 1列
[2026-08-21 21:19:50.113] [INFO] [ExcelBatchGenerator.RuleGenerator] 合并区域: 行10 列18 跨1行 1列
[2026-08-21 21:19:50.113] [INFO] [ExcelBatchGenerator.RuleGenerator] 合并区域: 行10 列19 跨1行 1列
[2026-08-21 21:19:50.113] [INFO] [ExcelBatchGenerator.RuleGenerator] 合并区域: 行10 列20 跨1行 1列
[2026-08-21 21:19:50.113] [INFO] [ExcelBatchGenerator.RuleGenerator] 合并区域: 行11 列2 跨1行 1列
[2026-08-21 21:19:50.113] [INFO] [ExcelBatchGenerator.RuleGenerator] 合并区域: 行11 列3 跨1行 1列
[2026-08-21 21:19:50.113] [INFO] [ExcelBatchGenerator.RuleGenerator] 合并区域: 行11 列4 跨1行 1列
[2026-08-21 21:19:50.113] [INFO] [ExcelBatchGenerator.RuleGenerator] 合并区域: 行11 列5 跨1行 1列
[2026-08-21 21:19:50.113] [INFO] [ExcelBatchGenerator.RuleGenerator] 合并区域: 行11 列6 跨1行 1列
[2026-08-21 21:19:50.114] [INFO] [ExcelBatchGenerator.RuleGenerator] 合并区域: 行11 列7 跨1行 1列
[2026-08-21 21:19:50.114] [INFO] [ExcelBatchGenerator.RuleGenerator] 合并区域: 行11 列8 跨1行 1列
[2026-08-21 21:19:50.114] [INFO] [ExcelBatchGenerator.RuleGenerator] 合并区域: 行11 列9 跨1行 1列
[2026-08-21 21:19:50.114] [INFO] [ExcelBatchGenerator.RuleGenerator] 合并区域: 行11 列10 跨1行 1列
[2026-08-21 21:19:50.114] [INFO] [ExcelBatchGenerator.RuleGenerator] 合并区域: 行11 列11 跨1行 1列
[2026-08-21 21:19:50.114] [INFO] [ExcelBatchGenerator.RuleGenerator] 合并区域: 行11 列12 跨1行 1列
[2026-08-21 21:19:50.114] [INFO] [ExcelBatchGenerator.RuleGenerator] 合并区域: 行11 列13 跨1行 1列
[2026-08-21 21:19:50.114] [INFO] [ExcelBatchGenerator.RuleGenerator] 合并区域: 行11 列14 跨1行 1列
[2026-08-21 21:19:50.114] [INFO] [ExcelBatchGenerator.RuleGenerator] 合并区域: 行11 列15 跨1行 1列
[2026-08-21 21:19:50.114] [INFO] [ExcelBatchGenerator.RuleGenerator] 合并区域: 行11 列16 跨1行 1列
[2026-08-21 21:19:50.114] [INFO] [ExcelBatchGenerator.RuleGenerator] 合并区域: 行11 列17 跨1行 1列
[2026-08-21 21:19:50.114] [INFO] [ExcelBatchGenerator.RuleGenerator] 合并区域: 行11 列18 跨1行 1列
[2026-08-21 21:19:50.114] [INFO] [ExcelBatchGenerator.RuleGenerator] 合并区域: 行11 列19 跨1行 1列
[2026-08-21 21:19:50.114] [INFO] [ExcelBatchGenerator.RuleGenerator] 合并区域: 行11 列20 跨1行 1列
[2026-08-21 21:19:50.114] [INFO] [ExcelBatchGenerator.RuleGenerator] 合并区域: 行12 列2 跨1行 1列
[2026-08-21 21:19:50.115] [INFO] [ExcelBatchGenerator.RuleGenerator] 合并区域: 行12 列3 跨1行 1列
[2026-08-21 21:19:50.115] [INFO] [ExcelBatchGenerator.RuleGenerator] 合并区域: 行12 列4 跨1行 1列
[2026-08-21 21:19:50.115] [INFO] [ExcelBatchGenerator.RuleGenerator] 合并区域: 行12 列5 跨1行 1列
[2026-08-21 21:19:50.115] [INFO] [ExcelBatchGenerator.RuleGenerator] 合并区域: 行12 列6 跨1行 1列
[2026-08-21 21:19:50.115] [INFO] [ExcelBatchGenerator.RuleGenerator] 合并区域: 行12 列7 跨1行 1列
[2026-08-21 21:19:50.115] [INFO] [ExcelBatchGenerator.RuleGenerator] 合并区域: 行12 列8 跨1行 1列
[2026-08-21 21:19:50.115] [INFO] [ExcelBatchGenerator.RuleGenerator] 合并区域: 行12 列9 跨1行 1列
[2026-08-21 21:19:50.115] [INFO] [ExcelBatchGenerator.RuleGenerator] 合并区域: 行12 列10 跨1行 1列
[2026-08-21 21:19:50.116] [INFO] [ExcelBatchGenerator.RuleGenerator] 合并区域: 行12 列11 跨1行 1列
[2026-08-21 21:19:50.116] [INFO] [ExcelBatchGenerator.RuleGenerator] 合并区域: 行12 列12 跨1行 1列
[2026-08-21 21:19:50.116] [INFO] [ExcelBatchGenerator.RuleGenerator] 合并区域: 行12 列13 跨1行 1列
[2026-08-21 21:19:50.116] [INFO] [ExcelBatchGenerator.RuleGenerator] 合并区域: 行12 列14 跨1行 1列
[2026-08-21 21:19:50.116] [INFO] [ExcelBatchGenerator.RuleGenerator] 合并区域: 行12 列15 跨1行 1列
[2026-08-21 21:19:50.116] [INFO] [ExcelBatchGenerator.RuleGenerator] 合并区域: 行12 列16 跨1行 1列
[2026-08-21 21:19:50.116] [INFO] [ExcelBatchGenerator.RuleGenerator] 合并区域: 行12 列17 跨1行 1列
[2026-08-21 21:19:50.116] [INFO] [ExcelBatchGenerator.RuleGenerator] 合并区域: 行12 列18 跨1行 1列
[2026-08-21 21:19:50.116] [INFO] [ExcelBatchGenerator.RuleGenerator] 合并区域: 行12 列19 跨1行 1列
[2026-08-21 21:19:50.116] [INFO] [ExcelBatchGenerator.RuleGenerator] 合并区域: 行12 列20 跨1行 1列
[2026-08-21 21:19:50.116] [INFO] [ExcelBatchGenerator.RuleGenerator] 合并区域: 行13 列2 跨1行 1列
[2026-08-21 21:19:50.116] [INFO] [ExcelBatchGenerator.RuleGenerator] 合并区域: 行13 列3 跨1行 1列
[2026-08-21 21:19:50.116] [INFO] [ExcelBatchGenerator.RuleGenerator] 合并区域: 行13 列4 跨1行 1列
[2026-08-21 21:19:50.116] [INFO] [ExcelBatchGenerator.RuleGenerator] 合并区域: 行13 列5 跨1行 1列
[2026-08-21 21:19:50.117] [INFO] [ExcelBatchGenerator.RuleGenerator] 合并区域: 行13 列6 跨1行 1列
[2026-08-21 21:19:50.117] [INFO] [ExcelBatchGenerator.RuleGenerator] 合并区域: 行13 列7 跨1行 1列
[2026-08-21 21:19:50.117] [INFO] [ExcelBatchGenerator.RuleGenerator] 合并区域: 行13 列8 跨1行 1列
[2026-08-21 21:19:50.117] [INFO] [ExcelBatchGenerator.RuleGenerator] 合并区域: 行13 列9 跨1行 1列
[2026-08-21 21:19:50.117] [INFO] [ExcelBatchGenerator.RuleGenerator] 合并区域: 行13 列10 跨1行 1列
[2026-08-21 21:19:50.117] [INFO] [ExcelBatchGenerator.RuleGenerator] 合并区域: 行13 列11 跨1行 1列
[2026-08-21 21:19:50.117] [INFO] [ExcelBatchGenerator.RuleGenerator] 合并区域: 行13 列12 跨1行 1列
[2026-08-21 21:19:50.117] [INFO] [ExcelBatchGenerator.RuleGenerator] 合并区域: 行13 列13 跨1行 1列
[2026-08-21 21:19:50.117] [INFO] [ExcelBatchGenerator.RuleGenerator] 合并区域: 行13 列14 跨1行 1列
[2026-08-21 21:19:50.117] [INFO] [ExcelBatchGenerator.RuleGenerator] 合并区域: 行13 列15 跨1行 1列
[2026-08-21 21:19:50.117] [INFO] [ExcelBatchGenerator.RuleGenerator] 合并区域: 行13 列16 跨1行 1列
[2026-08-21 21:19:50.117] [INFO] [ExcelBatchGenerator.RuleGenerator] 合并区域: 行13 列17 跨1行 1列
[2026-08-21 21:19:50.117] [INFO] [ExcelBatchGenerator.RuleGenerator] 合并区域: 行13 列18 跨1行 1列
[2026-08-21 21:19:50.117] [INFO] [ExcelBatchGenerator.RuleGenerator] 合并区域: 行13 列19 跨1行 1列
[2026-08-21 21:19:50.117] [INFO] [ExcelBatchGenerator.RuleGenerator] 合并区域: 行13 列20 跨1行 1列
[2026-08-21 21:19:50.117] [INFO] [ExcelBatchGenerator.RuleGenerator] 合并区域: 行14 列2 跨1行 1列
[2026-08-21 21:19:50.117] [INFO] [ExcelBatchGenerator.RuleGenerator] 合并区域: 行14 列3 跨1行 1列
[2026-08-21 21:19:50.118] [INFO] [ExcelBatchGenerator.RuleGenerator] 合并区域: 行14 列4 跨1行 1列
[2026-08-21 21:19:50.118] [INFO] [ExcelBatchGenerator.RuleGenerator] 合并区域: 行14 列5 跨1行 1列
[2026-08-21 21:19:50.118] [INFO] [ExcelBatchGenerator.RuleGenerator] 合并区域: 行14 列6 跨1行 1列
[2026-08-21 21:19:50.118] [INFO] [ExcelBatchGenerator.RuleGenerator] 合并区域: 行14 列7 跨1行 1列
[2026-08-21 21:19:50.118] [INFO] [ExcelBatchGenerator.RuleGenerator] 合并区域: 行14 列8 跨1行 1列
[2026-08-21 21:19:50.118] [INFO] [ExcelBatchGenerator.RuleGenerator] 合并区域: 行14 列9 跨1行 1列
[2026-08-21 21:19:50.118] [INFO] [ExcelBatchGenerator.RuleGenerator] 合并区域: 行14 列10 跨1行 1列
[2026-08-21 21:19:50.118] [INFO] [ExcelBatchGenerator.RuleGenerator] 合并区域: 行14 列11 跨1行 1列
[2026-08-21 21:19:50.118] [INFO] [ExcelBatchGenerator.RuleGenerator] 合并区域: 行14 列12 跨1行 1列
[2026-08-21 21:19:50.118] [INFO] [ExcelBatchGenerator.RuleGenerator] 合并区域: 行14 列13 跨1行 1列
[2026-08-21 21:19:50.118] [INFO] [ExcelBatchGenerator.RuleGenerator] 合并区域: 行14 列14 跨1行 1列
[2026-08-21 21:19:50.118] [INFO] [ExcelBatchGenerator.RuleGenerator] 合并区域: 行14 列15 跨1行 1列
[2026-08-21 21:19:50.118] [INFO] [ExcelBatchGenerator.RuleGenerator] 合并区域: 行14 列16 跨1行 1列
[2026-08-21 21:19:50.118] [INFO] [ExcelBatchGenerator.RuleGenerator] 合并区域: 行14 列17 跨1行 1列
[2026-08-21 21:19:50.118] [INFO] [ExcelBatchGenerator.RuleGenerator] 合并区域: 行14 列18 跨1行 1列
[2026-08-21 21:19:50.118] [INFO] [ExcelBatchGenerator.RuleGenerator] 合并区域: 行14 列19 跨1行 1列
[2026-08-21 21:19:50.118] [INFO] [ExcelBatchGenerator.RuleGenerator] 合并区域: 行14 列20 跨1行 1列
[2026-08-21 21:19:50.119] [INFO] [ExcelBatchGenerator.RuleGenerator] 合并区域: 行15 列2 跨1行 1列
[2026-08-21 21:19:50.119] [INFO] [ExcelBatchGenerator.RuleGenerator] 合并区域: 行15 列3 跨1行 1列
[2026-08-21 21:19:50.119] [INFO] [ExcelBatchGenerator.RuleGenerator] 合并区域: 行15 列4 跨1行 1列
[2026-08-21 21:19:50.119] [INFO] [ExcelBatchGenerator.RuleGenerator] 合并区域: 行15 列5 跨1行 1列
[2026-08-21 21:19:50.119] [INFO] [ExcelBatchGenerator.RuleGenerator] 合并区域: 行15 列6 跨1行 1列
[2026-08-21 21:19:50.119] [INFO] [ExcelBatchGenerator.RuleGenerator] 合并区域: 行15 列7 跨1行 1列
[2026-08-21 21:19:50.119] [INFO] [ExcelBatchGenerator.RuleGenerator] 合并区域: 行15 列8 跨1行 1列
[2026-08-21 21:19:50.119] [INFO] [ExcelBatchGenerator.RuleGenerator] 合并区域: 行15 列9 跨1行 1列
[2026-08-21 21:19:50.119] [INFO] [ExcelBatchGenerator.RuleGenerator] 合并区域: 行15 列10 跨1行 1列
[2026-08-21 21:19:50.119] [INFO] [ExcelBatchGenerator.RuleGenerator] 合并区域: 行15 列11 跨1行 1列
[2026-08-21 21:19:50.119] [INFO] [ExcelBatchGenerator.RuleGenerator] 合并区域: 行15 列12 跨1行 1列
[2026-08-21 21:19:50.119] [INFO] [ExcelBatchGenerator.RuleGenerator] 合并区域: 行15 列13 跨1行 1列
[2026-08-21 21:19:50.119] [INFO] [ExcelBatchGenerator.RuleGenerator] 合并区域: 行15 列14 跨1行 1列
[2026-08-21 21:19:50.119] [INFO] [ExcelBatchGenerator.RuleGenerator] 合并区域: 行15 列15 跨1行 1列
[2026-08-21 21:19:50.119] [INFO] [ExcelBatchGenerator.RuleGenerator] 合并区域: 行15 列16 跨1行 1列
[2026-08-21 21:19:50.120] [INFO] [ExcelBatchGenerator.RuleGenerator] 合并区域: 行15 列17 跨1行 1列
[2026-08-21 21:19:50.120] [INFO] [ExcelBatchGenerator.RuleGenerator] 合并区域: 行15 列18 跨1行 1列
[2026-08-21 21:19:50.120] [INFO] [ExcelBatchGenerator.RuleGenerator] 合并区域: 行15 列19 跨1行 1列
[2026-08-21 21:19:50.120] [INFO] [ExcelBatchGenerator.RuleGenerator] 合并区域: 行15 列20 跨1行 1列
[2026-08-21 21:19:50.120] [INFO] [ExcelBatchGenerator.RuleGenerator] 合并区域: 行16 列1 跨1行 8列
[2026-08-21 21:19:50.120] [INFO] [ExcelBatchGenerator.RuleGenerator] 合并区域: 行16 列9 跨1行 1列
[2026-08-21 21:19:50.120] [INFO] [ExcelBatchGenerator.RuleGenerator] 合并区域: 行16 列10 跨1行 1列
[2026-08-21 21:19:50.120] [INFO] [ExcelBatchGenerator.RuleGenerator] 合并区域: 行16 列11 跨1行 1列
[2026-08-21 21:19:50.120] [INFO] [ExcelBatchGenerator.RuleGenerator] 合并区域: 行16 列12 跨1行 1列
[2026-08-21 21:19:50.121] [INFO] [ExcelBatchGenerator.RuleGenerator] 合并区域: 行16 列13 跨1行 1列
[2026-08-21 21:19:50.121] [INFO] [ExcelBatchGenerator.RuleGenerator] 合并区域: 行16 列14 跨1行 1列
[2026-08-21 21:19:50.121] [INFO] [ExcelBatchGenerator.RuleGenerator] 合并区域: 行16 列15 跨1行 1列
[2026-08-21 21:19:50.121] [INFO] [ExcelBatchGenerator.RuleGenerator] 合并区域: 行16 列16 跨1行 1列
[2026-08-21 21:19:50.121] [INFO] [ExcelBatchGenerator.RuleGenerator] 合并区域: 行16 列17 跨1行 1列
[2026-08-21 21:19:50.121] [INFO] [ExcelBatchGenerator.RuleGenerator] 合并区域: 行16 列18 跨1行 1列
[2026-08-21 21:19:50.121] [INFO] [ExcelBatchGenerator.RuleGenerator] 合并区域: 行16 列19 跨1行 1列
[2026-08-21 21:19:50.121] [INFO] [ExcelBatchGenerator.RuleGenerator] 合并区域: 行16 列20 跨1行 1列
[2026-08-21 21:19:50.121] [INFO] [ExcelBatchGenerator.RuleGenerator] 合并区域: 行17 列1 跨1行 1列
[2026-08-21 21:19:50.121] [INFO] [ExcelBatchGenerator.RuleGenerator] 合并区域: 行17 列2 跨1行 1列
[2026-08-21 21:19:50.122] [INFO] [ExcelBatchGenerator.RuleGenerator] 合并区域: 行17 列3 跨1行 1列
[2026-08-21 21:19:50.122] [INFO] [ExcelBatchGenerator.RuleGenerator] 合并区域: 行17 列4 跨1行 1列
[2026-08-21 21:19:50.122] [INFO] [ExcelBatchGenerator.RuleGenerator] 合并区域: 行17 列5 跨1行 1列
[2026-08-21 21:19:50.122] [INFO] [ExcelBatchGenerator.RuleGenerator] 合并区域: 行17 列6 跨1行 1列
[2026-08-21 21:19:50.122] [INFO] [ExcelBatchGenerator.RuleGenerator] 合并区域: 行17 列7 跨1行 1列
[2026-08-21 21:19:50.122] [INFO] [ExcelBatchGenerator.RuleGenerator] 合并区域: 行17 列8 跨1行 1列
[2026-08-21 21:19:50.122] [INFO] [ExcelBatchGenerator.RuleGenerator] 合并区域: 行17 列9 跨1行 1列
[2026-08-21 21:19:50.122] [INFO] [ExcelBatchGenerator.RuleGenerator] 合并区域: 行17 列10 跨1行 1列
[2026-08-21 21:19:50.122] [INFO] [ExcelBatchGenerator.RuleGenerator] 合并区域: 行17 列11 跨1行 1列
[2026-08-21 21:19:50.122] [INFO] [ExcelBatchGenerator.RuleGenerator] 合并区域: 行17 列12 跨1行 1列
[2026-08-21 21:19:50.122] [INFO] [ExcelBatchGenerator.RuleGenerator] 合并区域: 行17 列13 跨1行 1列
[2026-08-21 21:19:50.122] [INFO] [ExcelBatchGenerator.RuleGenerator] 合并区域: 行17 列14 跨1行 1列
[2026-08-21 21:19:50.122] [INFO] [ExcelBatchGenerator.RuleGenerator] 合并区域: 行17 列15 跨1行 1列
[2026-08-21 21:19:50.122] [INFO] [ExcelBatchGenerator.RuleGenerator] 合并区域: 行17 列16 跨1行 1列
[2026-08-21 21:19:50.122] [INFO] [ExcelBatchGenerator.RuleGenerator] 合并区域: 行17 列17 跨1行 1列
[2026-08-21 21:19:50.122] [INFO] [ExcelBatchGenerator.RuleGenerator] 合并区域: 行17 列18 跨1行 1列
[2026-08-21 21:19:50.123] [INFO] [ExcelBatchGenerator.RuleGenerator] 合并区域: 行17 列19 跨1行 1列
[2026-08-21 21:19:50.123] [INFO] [ExcelBatchGenerator.RuleGenerator] 合并区域: 行17 列20 跨1行 1列
[2026-08-21 21:19:50.123] [INFO] [ExcelBatchGenerator.RuleGenerator] 合并区域: 行18 列1 跨1行 19列
[2026-08-21 21:19:50.123] [INFO] [ExcelBatchGenerator.RuleGenerator] 合并区域: 行18 列20 跨1行 1列
[2026-08-21 21:19:50.123] [INFO] [ExcelBatchGenerator.RuleGenerator] 合并区域: 行19 列1 跨1行 1列
[2026-08-21 21:19:50.123] [INFO] [ExcelBatchGenerator.RuleGenerator] 合并区域: 行19 列2 跨1行 1列
[2026-08-21 21:19:50.123] [INFO] [ExcelBatchGenerator.RuleGenerator] 合并区域: 行19 列3 跨1行 1列
[2026-08-21 21:19:50.123] [INFO] [ExcelBatchGenerator.RuleGenerator] 合并区域: 行19 列4 跨1行 1列
[2026-08-21 21:19:50.123] [INFO] [ExcelBatchGenerator.RuleGenerator] 合并区域: 行19 列5 跨1行 1列
[2026-08-21 21:19:50.123] [INFO] [ExcelBatchGenerator.RuleGenerator] 合并区域: 行19 列6 跨1行 1列
[2026-08-21 21:19:50.123] [INFO] [ExcelBatchGenerator.RuleGenerator] 合并区域: 行19 列7 跨1行 1列
[2026-08-21 21:19:50.123] [INFO] [ExcelBatchGenerator.RuleGenerator] 合并区域: 行19 列8 跨1行 1列
[2026-08-21 21:19:50.123] [INFO] [ExcelBatchGenerator.RuleGenerator] 合并区域: 行19 列9 跨1行 1列
[2026-08-21 21:19:50.123] [INFO] [ExcelBatchGenerator.RuleGenerator] 合并区域: 行19 列10 跨1行 1列
[2026-08-21 21:19:50.123] [INFO] [ExcelBatchGenerator.RuleGenerator] 合并区域: 行19 列11 跨1行 1列
[2026-08-21 21:19:50.123] [INFO] [ExcelBatchGenerator.RuleGenerator] 合并区域: 行19 列12 跨1行 1列
[2026-08-21 21:19:50.124] [INFO] [ExcelBatchGenerator.RuleGenerator] 合并区域: 行19 列13 跨1行 1列
[2026-08-21 21:19:50.124] [INFO] [ExcelBatchGenerator.RuleGenerator] 合并区域: 行19 列14 跨1行 1列
[2026-08-21 21:19:50.124] [INFO] [ExcelBatchGenerator.RuleGenerator] 合并区域: 行19 列15 跨1行 1列
[2026-08-21 21:19:50.124] [INFO] [ExcelBatchGenerator.RuleGenerator] 合并区域: 行19 列16 跨1行 1列
[2026-08-21 21:19:50.124] [INFO] [ExcelBatchGenerator.RuleGenerator] 合并区域: 行19 列17 跨1行 1列
[2026-08-21 21:19:50.125] [INFO] [ExcelBatchGenerator.RuleGenerator] 合并区域: 行19 列18 跨1行 1列
[2026-08-21 21:19:50.125] [INFO] [ExcelBatchGenerator.RuleGenerator] 合并区域: 行19 列19 跨1行 1列
[2026-08-21 21:19:50.125] [INFO] [ExcelBatchGenerator.RuleGenerator] 合并区域: 行19 列20 跨1行 1列
[2026-08-21 21:19:50.125] [INFO] [ExcelBatchGenerator.RuleGenerator] 合并区域: 行20 列1 跨1行 1列
[2026-08-21 21:19:50.125] [INFO] [ExcelBatchGenerator.RuleGenerator] 合并区域: 行20 列2 跨1行 1列
[2026-08-21 21:19:50.126] [INFO] [ExcelBatchGenerator.RuleGenerator] 合并区域: 行20 列3 跨1行 1列
[2026-08-21 21:19:50.126] [INFO] [ExcelBatchGenerator.RuleGenerator] 合并区域: 行20 列4 跨1行 1列
[2026-08-21 21:19:50.126] [INFO] [ExcelBatchGenerator.RuleGenerator] 合并区域: 行20 列5 跨1行 1列
[2026-08-21 21:19:50.126] [INFO] [ExcelBatchGenerator.RuleGenerator] 合并区域: 行20 列6 跨1行 1列
[2026-08-21 21:19:50.126] [INFO] [ExcelBatchGenerator.RuleGenerator] 合并区域: 行20 列7 跨1行 1列
[2026-08-21 21:19:50.126] [INFO] [ExcelBatchGenerator.RuleGenerator] 合并区域: 行20 列8 跨1行 1列
[2026-08-21 21:19:50.126] [INFO] [ExcelBatchGenerator.RuleGenerator] 合并区域: 行20 列9 跨1行 1列
[2026-08-21 21:19:50.126] [INFO] [ExcelBatchGenerator.RuleGenerator] 合并区域: 行20 列10 跨1行 1列
[2026-08-21 21:19:50.126] [INFO] [ExcelBatchGenerator.RuleGenerator] 合并区域: 行20 列11 跨1行 1列
[2026-08-21 21:19:50.127] [INFO] [ExcelBatchGenerator.RuleGenerator] 合并区域: 行20 列12 跨1行 1列
[2026-08-21 21:19:50.127] [INFO] [ExcelBatchGenerator.RuleGenerator] 合并区域: 行20 列13 跨1行 1列
[2026-08-21 21:19:50.127] [INFO] [ExcelBatchGenerator.RuleGenerator] 合并区域: 行20 列14 跨1行 1列
[2026-08-21 21:19:50.127] [INFO] [ExcelBatchGenerator.RuleGenerator] 合并区域: 行20 列15 跨1行 1列
[2026-08-21 21:19:50.127] [INFO] [ExcelBatchGenerator.RuleGenerator] 合并区域: 行20 列16 跨1行 1列
[2026-08-21 21:19:50.127] [INFO] [ExcelBatchGenerator.RuleGenerator] 合并区域: 行20 列17 跨1行 1列
[2026-08-21 21:19:50.127] [INFO] [ExcelBatchGenerator.RuleGenerator] 合并区域: 行20 列18 跨1行 1列
[2026-08-21 21:19:50.127] [INFO] [ExcelBatchGenerator.RuleGenerator] 合并区域: 行20 列19 跨1行 1列
[2026-08-21 21:19:50.127] [INFO] [ExcelBatchGenerator.RuleGenerator] 合并区域: 行20 列20 跨1行 1列
[2026-08-21 21:19:50.127] [INFO] [ExcelBatchGenerator.RuleGenerator] 切换到工作表: 过程尺寸检验记录
[2026-08-21 21:23:11.295] [INFO] [ExcelBatchGenerator.RuleGenerator] 切换到按列匹配模式
[2026-08-21 21:23:17.497] [INFO] [ExcelBatchGenerator.RuleGenerator] generate_rules: 开始
[2026-08-21 21:23:33.515] [INFO] [ExcelBatchGenerator.MainWindow] 加载模板: 25040_W-97B配件成品检验表模板.xlsx
[2026-08-21 21:23:33.515] [INFO] [ExcelBatchGenerator.MainWindow] 加载配置: 25040_W-97B配件 - 成品
[2026-08-21 21:23:33.597] [INFO] [ExcelBatchGenerator.MainWindow] 加载配置: 25040_W-97B配件 - 成品
[2026-08-21 21:23:33.597] [INFO] [ExcelBatchGenerator.MainWindow] 模板路径已保存: E:/test-shenzhen/文档模板/97B/25040-97B配件/成品检验表/25040_W-97B配件成品检验表模板.xlsx
[2026-08-21 21:23:36.647] [INFO] [ExcelBatchGenerator.RuleGenerator] ==================================================
[2026-08-21 21:23:36.647] [INFO] [ExcelBatchGenerator.RuleGenerator] 规则生成器启动
[2026-08-21 21:23:36.648] [INFO] [ExcelBatchGenerator.RuleGenerator]   模板路径: E:/test-shenzhen/文档模板/97B/25040-97B配件/成品检验表/25040_W-97B配件成品检验表模板.xlsx
[2026-08-21 21:23:36.648] [INFO] [ExcelBatchGenerator.RuleGenerator]   产品名称: 25040_W-97B配件
[2026-08-21 21:23:36.648] [INFO] [ExcelBatchGenerator.RuleGenerator]   模板类型: 
[2026-08-21 21:23:36.648] [INFO] [ExcelBatchGenerator.RuleGenerator] ==================================================
[2026-08-21 21:23:36.648] [INFO] [ExcelBatchGenerator.RuleGenerator] 初始化 UI...
[2026-08-21 21:23:36.653] [INFO] [ExcelBatchGenerator.RuleGenerator] UI 初始化完成
[2026-08-21 21:23:36.653] [INFO] [ExcelBatchGenerator.RuleGenerator] 自动切换到按行匹配模式（首件/成品模板）
[2026-08-21 21:23:36.653] [INFO] [ExcelBatchGenerator.RuleGenerator] 开始加载 Excel...
[2026-08-21 21:23:36.653] [INFO] [ExcelBatchGenerator.RuleGenerator] load_excel: 开始
[2026-08-21 21:23:36.654] [INFO] [ExcelBatchGenerator.RuleGenerator] 使用 win32com 加载: E:/test-shenzhen/文档模板/97B/25040-97B配件/成品检验表/25040_W-97B配件成品检验表模板.xlsx
[2026-08-21 21:23:36.654] [INFO] [ExcelBatchGenerator.RuleGenerator] 启动 Excel 应用程序...
[2026-08-21 21:23:36.655] [INFO] [ExcelBatchGenerator.RuleGenerator] Excel 已启动
[2026-08-21 21:23:36.656] [INFO] [ExcelBatchGenerator.RuleGenerator] 打开工作簿: E:/test-shenzhen/文档模板/97B/25040-97B配件/成品检验表/25040_W-97B配件成品检验表模板.xlsx
[2026-08-21 21:23:36.700] [INFO] [ExcelBatchGenerator.RuleGenerator] 工作簿已打开
[2026-08-21 21:23:36.705] [INFO] [ExcelBatchGenerator.RuleGenerator] 共 1 个工作表: ['成品检验记录']
[2026-08-21 21:23:36.705] [INFO] [ExcelBatchGenerator.RuleGenerator] _load_sheet_data: 加载工作表 成品检验记录
[2026-08-21 21:23:38.665] [INFO] [ExcelBatchGenerator.RuleGenerator] 通过遍历方式获取到 522 个合并区域
[2026-08-21 21:23:38.665] [INFO] [ExcelBatchGenerator.RuleGenerator] 检测到 522 个合并区域
[2026-08-21 21:23:41.082] [INFO] [ExcelBatchGenerator.RuleGenerator] 实际数据范围: 44 行, 16 列
[2026-08-21 21:23:41.082] [INFO] [ExcelBatchGenerator.RuleGenerator] max_row=44, max_col=16
[2026-08-21 21:23:41.082] [INFO] [ExcelBatchGenerator.RuleGenerator] _populate_table_from_win32: 开始填充 44x16
[2026-08-21 21:23:41.084] [INFO] [ExcelBatchGenerator.RuleGenerator] 读取单元格数据...
[2026-08-21 21:23:41.338] [INFO] [ExcelBatchGenerator.RuleGenerator] Cell L5: Text='', Value='None'
[2026-08-21 21:23:41.343] [INFO] [ExcelBatchGenerator.RuleGenerator] Cell M5: Text='', Value='None'
[2026-08-21 21:23:41.346] [INFO] [ExcelBatchGenerator.RuleGenerator] Cell N5: Text='', Value='None'
[2026-08-21 21:23:41.352] [INFO] [ExcelBatchGenerator.RuleGenerator] Cell O5: Text='', Value='None'
[2026-08-21 21:23:41.357] [INFO] [ExcelBatchGenerator.RuleGenerator] Cell P5: Text='', Value='None'
[2026-08-21 21:23:43.166] [INFO] [ExcelBatchGenerator.RuleGenerator] 单元格数据读取完成
[2026-08-21 21:23:43.166] [INFO] [ExcelBatchGenerator.RuleGenerator] 已应用 24 个合并区域
[2026-08-21 21:23:43.166] [INFO] [ExcelBatchGenerator.RuleGenerator] _populate_table_from_win32: 完成
[2026-08-21 21:23:43.172] [INFO] [ExcelBatchGenerator.RuleGenerator] 合并区域: 行1 列1 跨1行 13列
[2026-08-21 21:23:43.172] [INFO] [ExcelBatchGenerator.RuleGenerator] 合并区域: 行1 列14 跨1行 1列
[2026-08-21 21:23:43.172] [INFO] [ExcelBatchGenerator.RuleGenerator] 合并区域: 行1 列15 跨1行 1列
[2026-08-21 21:23:43.172] [INFO] [ExcelBatchGenerator.RuleGenerator] 合并区域: 行1 列16 跨1行 1列
[2026-08-21 21:23:43.172] [INFO] [ExcelBatchGenerator.RuleGenerator] 合并区域: 行2 列1 跨1行 13列
[2026-08-21 21:23:43.173] [INFO] [ExcelBatchGenerator.RuleGenerator] 合并区域: 行2 列14 跨1行 1列
[2026-08-21 21:23:43.173] [INFO] [ExcelBatchGenerator.RuleGenerator] 合并区域: 行2 列15 跨1行 1列
[2026-08-21 21:23:43.173] [INFO] [ExcelBatchGenerator.RuleGenerator] 合并区域: 行2 列16 跨1行 1列
[2026-08-21 21:23:43.173] [INFO] [ExcelBatchGenerator.RuleGenerator] 合并区域: 行3 列1 跨1行 1列
[2026-08-21 21:23:43.173] [INFO] [ExcelBatchGenerator.RuleGenerator] 合并区域: 行3 列2 跨1行 1列
[2026-08-21 21:23:43.173] [INFO] [ExcelBatchGenerator.RuleGenerator] 合并区域: 行3 列3 跨1行 1列
[2026-08-21 21:23:43.173] [INFO] [ExcelBatchGenerator.RuleGenerator] 合并区域: 行3 列4 跨1行 1列
[2026-08-21 21:23:43.173] [INFO] [ExcelBatchGenerator.RuleGenerator] 合并区域: 行3 列5 跨1行 1列
[2026-08-21 21:23:43.173] [INFO] [ExcelBatchGenerator.RuleGenerator] 合并区域: 行3 列6 跨1行 1列
[2026-08-21 21:23:43.173] [INFO] [ExcelBatchGenerator.RuleGenerator] 合并区域: 行3 列7 跨1行 1列
[2026-08-21 21:23:43.173] [INFO] [ExcelBatchGenerator.RuleGenerator] 合并区域: 行3 列8 跨1行 1列
[2026-08-21 21:23:43.173] [INFO] [ExcelBatchGenerator.RuleGenerator] 合并区域: 行3 列9 跨1行 1列
[2026-08-21 21:23:43.174] [INFO] [ExcelBatchGenerator.RuleGenerator] 合并区域: 行3 列10 跨1行 1列
[2026-08-21 21:23:43.174] [INFO] [ExcelBatchGenerator.RuleGenerator] 合并区域: 行3 列11 跨1行 1列
[2026-08-21 21:23:43.174] [INFO] [ExcelBatchGenerator.RuleGenerator] 合并区域: 行3 列12 跨1行 1列
[2026-08-21 21:23:43.174] [INFO] [ExcelBatchGenerator.RuleGenerator] 合并区域: 行3 列13 跨1行 1列
[2026-08-21 21:23:43.174] [INFO] [ExcelBatchGenerator.RuleGenerator] 合并区域: 行3 列14 跨1行 1列
[2026-08-21 21:23:43.174] [INFO] [ExcelBatchGenerator.RuleGenerator] 合并区域: 行3 列15 跨1行 1列
[2026-08-21 21:23:43.174] [INFO] [ExcelBatchGenerator.RuleGenerator] 合并区域: 行3 列16 跨1行 1列
[2026-08-21 21:23:43.174] [INFO] [ExcelBatchGenerator.RuleGenerator] 合并区域: 行4 列1 跨1行 1列
[2026-08-21 21:23:43.174] [INFO] [ExcelBatchGenerator.RuleGenerator] 合并区域: 行4 列2 跨1行 3列
[2026-08-21 21:23:43.174] [INFO] [ExcelBatchGenerator.RuleGenerator] 合并区域: 行4 列5 跨1行 1列
[2026-08-21 21:23:43.174] [INFO] [ExcelBatchGenerator.RuleGenerator] 合并区域: 行4 列6 跨1行 4列
[2026-08-21 21:23:43.174] [INFO] [ExcelBatchGenerator.RuleGenerator] 合并区域: 行4 列10 跨1行 1列
[2026-08-21 21:23:43.174] [INFO] [ExcelBatchGenerator.RuleGenerator] 合并区域: 行4 列11 跨1行 3列
[2026-08-21 21:23:43.174] [INFO] [ExcelBatchGenerator.RuleGenerator] 合并区域: 行4 列14 跨1行 1列
[2026-08-21 21:23:43.175] [INFO] [ExcelBatchGenerator.RuleGenerator] 合并区域: 行4 列15 跨1行 1列
[2026-08-21 21:23:43.175] [INFO] [ExcelBatchGenerator.RuleGenerator] 合并区域: 行4 列16 跨1行 1列
[2026-08-21 21:23:43.175] [INFO] [ExcelBatchGenerator.RuleGenerator] 合并区域: 行5 列1 跨1行 1列
[2026-08-21 21:23:43.175] [INFO] [ExcelBatchGenerator.RuleGenerator] 合并区域: 行5 列2 跨1行 3列
[2026-08-21 21:23:43.175] [INFO] [ExcelBatchGenerator.RuleGenerator] 合并区域: 行5 列5 跨1行 1列
[2026-08-21 21:23:43.175] [INFO] [ExcelBatchGenerator.RuleGenerator] 合并区域: 行5 列6 跨1行 4列
[2026-08-21 21:23:43.175] [INFO] [ExcelBatchGenerator.RuleGenerator] 合并区域: 行5 列10 跨1行 1列
[2026-08-21 21:23:43.175] [INFO] [ExcelBatchGenerator.RuleGenerator] 合并区域: 行5 列11 跨1行 3列
[2026-08-21 21:23:43.175] [INFO] [ExcelBatchGenerator.RuleGenerator] 合并区域: 行5 列14 跨1行 1列
[2026-08-21 21:23:43.175] [INFO] [ExcelBatchGenerator.RuleGenerator] 合并区域: 行5 列15 跨1行 1列
[2026-08-21 21:23:43.175] [INFO] [ExcelBatchGenerator.RuleGenerator] 合并区域: 行5 列16 跨1行 1列
[2026-08-21 21:23:43.175] [INFO] [ExcelBatchGenerator.RuleGenerator] 合并区域: 行6 列1 跨1行 13列
[2026-08-21 21:23:43.175] [INFO] [ExcelBatchGenerator.RuleGenerator] 合并区域: 行6 列14 跨1行 1列
[2026-08-21 21:23:43.175] [INFO] [ExcelBatchGenerator.RuleGenerator] 合并区域: 行6 列15 跨1行 1列
[2026-08-21 21:23:43.175] [INFO] [ExcelBatchGenerator.RuleGenerator] 合并区域: 行6 列16 跨1行 1列
[2026-08-21 21:23:43.176] [INFO] [ExcelBatchGenerator.RuleGenerator] 合并区域: 行7 列1 跨1行 1列
[2026-08-21 21:23:43.176] [INFO] [ExcelBatchGenerator.RuleGenerator] 合并区域: 行7 列2 跨1行 12列
[2026-08-21 21:23:43.176] [INFO] [ExcelBatchGenerator.RuleGenerator] 合并区域: 行7 列14 跨1行 1列
[2026-08-21 21:23:43.176] [INFO] [ExcelBatchGenerator.RuleGenerator] 合并区域: 行7 列15 跨1行 1列
[2026-08-21 21:23:43.176] [INFO] [ExcelBatchGenerator.RuleGenerator] 合并区域: 行7 列16 跨1行 1列
[2026-08-21 21:23:43.176] [INFO] [ExcelBatchGenerator.RuleGenerator] 合并区域: 行8 列1 跨1行 1列
[2026-08-21 21:23:43.176] [INFO] [ExcelBatchGenerator.RuleGenerator] 合并区域: 行8 列2 跨1行 1列
[2026-08-21 21:23:43.176] [INFO] [ExcelBatchGenerator.RuleGenerator] 合并区域: 行8 列3 跨1行 1列
[2026-08-21 21:23:43.176] [INFO] [ExcelBatchGenerator.RuleGenerator] 合并区域: 行8 列4 跨1行 1列
[2026-08-21 21:23:43.176] [INFO] [ExcelBatchGenerator.RuleGenerator] 合并区域: 行8 列5 跨1行 1列
[2026-08-21 21:23:43.176] [INFO] [ExcelBatchGenerator.RuleGenerator] 合并区域: 行8 列6 跨1行 1列
[2026-08-21 21:23:43.177] [INFO] [ExcelBatchGenerator.RuleGenerator] 合并区域: 行8 列7 跨1行 1列
[2026-08-21 21:23:43.177] [INFO] [ExcelBatchGenerator.RuleGenerator] 合并区域: 行8 列8 跨1行 1列
[2026-08-21 21:23:43.177] [INFO] [ExcelBatchGenerator.RuleGenerator] 合并区域: 行8 列9 跨1行 1列
[2026-08-21 21:23:43.177] [INFO] [ExcelBatchGenerator.RuleGenerator] 合并区域: 行8 列10 跨1行 1列
[2026-08-21 21:23:43.177] [INFO] [ExcelBatchGenerator.RuleGenerator] 合并区域: 行8 列11 跨1行 1列
[2026-08-21 21:23:43.177] [INFO] [ExcelBatchGenerator.RuleGenerator] 合并区域: 行8 列12 跨1行 1列
[2026-08-21 21:23:43.177] [INFO] [ExcelBatchGenerator.RuleGenerator] 合并区域: 行8 列13 跨1行 1列
[2026-08-21 21:23:43.177] [INFO] [ExcelBatchGenerator.RuleGenerator] 合并区域: 行8 列14 跨1行 1列
[2026-08-21 21:23:43.177] [INFO] [ExcelBatchGenerator.RuleGenerator] 合并区域: 行8 列15 跨1行 1列
[2026-08-21 21:23:43.177] [INFO] [ExcelBatchGenerator.RuleGenerator] 合并区域: 行8 列16 跨1行 1列
[2026-08-21 21:23:43.177] [INFO] [ExcelBatchGenerator.RuleGenerator] 合并区域: 行9 列1 跨1行 1列
[2026-08-21 21:23:43.177] [INFO] [ExcelBatchGenerator.RuleGenerator] 合并区域: 行9 列2 跨1行 1列
[2026-08-21 21:23:43.178] [INFO] [ExcelBatchGenerator.RuleGenerator] 合并区域: 行9 列3 跨1行 1列
[2026-08-21 21:23:43.178] [INFO] [ExcelBatchGenerator.RuleGenerator] 合并区域: 行9 列4 跨1行 1列
[2026-08-21 21:23:43.178] [INFO] [ExcelBatchGenerator.RuleGenerator] 合并区域: 行9 列5 跨1行 1列
[2026-08-21 21:23:43.178] [INFO] [ExcelBatchGenerator.RuleGenerator] 合并区域: 行9 列6 跨1行 1列
[2026-08-21 21:23:43.178] [INFO] [ExcelBatchGenerator.RuleGenerator] 合并区域: 行9 列7 跨1行 1列
[2026-08-21 21:23:43.178] [INFO] [ExcelBatchGenerator.RuleGenerator] 合并区域: 行9 列8 跨1行 1列
[2026-08-21 21:23:43.178] [INFO] [ExcelBatchGenerator.RuleGenerator] 合并区域: 行9 列9 跨1行 1列
[2026-08-21 21:23:43.178] [INFO] [ExcelBatchGenerator.RuleGenerator] 合并区域: 行9 列10 跨1行 1列
[2026-08-21 21:23:43.178] [INFO] [ExcelBatchGenerator.RuleGenerator] 合并区域: 行9 列11 跨1行 1列
[2026-08-21 21:23:43.178] [INFO] [ExcelBatchGenerator.RuleGenerator] 合并区域: 行9 列12 跨1行 1列
[2026-08-21 21:23:43.178] [INFO] [ExcelBatchGenerator.RuleGenerator] 合并区域: 行9 列13 跨1行 1列
[2026-08-21 21:23:43.178] [INFO] [ExcelBatchGenerator.RuleGenerator] 合并区域: 行9 列14 跨1行 1列
[2026-08-21 21:23:43.179] [INFO] [ExcelBatchGenerator.RuleGenerator] 合并区域: 行9 列15 跨1行 1列
[2026-08-21 21:23:43.179] [INFO] [ExcelBatchGenerator.RuleGenerator] 合并区域: 行9 列16 跨1行 1列
[2026-08-21 21:23:43.179] [INFO] [ExcelBatchGenerator.RuleGenerator] 合并区域: 行10 列1 跨1行 1列
[2026-08-21 21:23:43.179] [INFO] [ExcelBatchGenerator.RuleGenerator] 合并区域: 行10 列2 跨1行 1列
[2026-08-21 21:23:43.179] [INFO] [ExcelBatchGenerator.RuleGenerator] 合并区域: 行10 列3 跨1行 1列
[2026-08-21 21:23:43.179] [INFO] [ExcelBatchGenerator.RuleGenerator] 合并区域: 行10 列4 跨1行 1列
[2026-08-21 21:23:43.179] [INFO] [ExcelBatchGenerator.RuleGenerator] 合并区域: 行10 列5 跨1行 1列
[2026-08-21 21:23:43.179] [INFO] [ExcelBatchGenerator.RuleGenerator] 合并区域: 行10 列6 跨1行 1列
[2026-08-21 21:23:43.179] [INFO] [ExcelBatchGenerator.RuleGenerator] 合并区域: 行10 列7 跨1行 1列
[2026-08-21 21:23:43.179] [INFO] [ExcelBatchGenerator.RuleGenerator] 合并区域: 行10 列8 跨1行 1列
[2026-08-21 21:23:43.179] [INFO] [ExcelBatchGenerator.RuleGenerator] 合并区域: 行10 列9 跨1行 1列
[2026-08-21 21:23:43.179] [INFO] [ExcelBatchGenerator.RuleGenerator] 合并区域: 行10 列10 跨1行 1列
[2026-08-21 21:23:43.179] [INFO] [ExcelBatchGenerator.RuleGenerator] 合并区域: 行10 列11 跨1行 1列
[2026-08-21 21:23:43.179] [INFO] [ExcelBatchGenerator.RuleGenerator] 合并区域: 行10 列12 跨1行 1列
[2026-08-21 21:23:43.179] [INFO] [ExcelBatchGenerator.RuleGenerator] 合并区域: 行10 列13 跨1行 1列
[2026-08-21 21:23:43.179] [INFO] [ExcelBatchGenerator.RuleGenerator] 合并区域: 行10 列14 跨1行 1列
[2026-08-21 21:23:43.180] [INFO] [ExcelBatchGenerator.RuleGenerator] 合并区域: 行10 列15 跨1行 1列
[2026-08-21 21:23:43.180] [INFO] [ExcelBatchGenerator.RuleGenerator] 合并区域: 行10 列16 跨1行 1列
[2026-08-21 21:23:43.180] [INFO] [ExcelBatchGenerator.RuleGenerator] 合并区域: 行11 列1 跨1行 1列
[2026-08-21 21:23:43.180] [INFO] [ExcelBatchGenerator.RuleGenerator] 合并区域: 行11 列2 跨1行 1列
[2026-08-21 21:23:43.180] [INFO] [ExcelBatchGenerator.RuleGenerator] 合并区域: 行11 列3 跨1行 1列
[2026-08-21 21:23:43.180] [INFO] [ExcelBatchGenerator.RuleGenerator] 合并区域: 行11 列4 跨1行 1列
[2026-08-21 21:23:43.180] [INFO] [ExcelBatchGenerator.RuleGenerator] 合并区域: 行11 列5 跨1行 1列
[2026-08-21 21:23:43.180] [INFO] [ExcelBatchGenerator.RuleGenerator] 合并区域: 行11 列6 跨1行 1列
[2026-08-21 21:23:43.180] [INFO] [ExcelBatchGenerator.RuleGenerator] 合并区域: 行11 列7 跨1行 1列
[2026-08-21 21:23:43.180] [INFO] [ExcelBatchGenerator.RuleGenerator] 合并区域: 行11 列8 跨1行 1列
[2026-08-21 21:23:43.181] [INFO] [ExcelBatchGenerator.RuleGenerator] 合并区域: 行11 列9 跨1行 1列
[2026-08-21 21:23:43.181] [INFO] [ExcelBatchGenerator.RuleGenerator] 合并区域: 行11 列10 跨1行 1列
[2026-08-21 21:23:43.181] [INFO] [ExcelBatchGenerator.RuleGenerator] 合并区域: 行11 列11 跨1行 1列
[2026-08-21 21:23:43.181] [INFO] [ExcelBatchGenerator.RuleGenerator] 合并区域: 行11 列12 跨1行 1列
[2026-08-21 21:23:43.181] [INFO] [ExcelBatchGenerator.RuleGenerator] 合并区域: 行11 列13 跨1行 1列
[2026-08-21 21:23:43.181] [INFO] [ExcelBatchGenerator.RuleGenerator] 合并区域: 行11 列14 跨1行 1列
[2026-08-21 21:23:43.181] [INFO] [ExcelBatchGenerator.RuleGenerator] 合并区域: 行11 列15 跨1行 1列
[2026-08-21 21:23:43.181] [INFO] [ExcelBatchGenerator.RuleGenerator] 合并区域: 行11 列16 跨1行 1列
[2026-08-21 21:23:43.181] [INFO] [ExcelBatchGenerator.RuleGenerator] 合并区域: 行12 列1 跨1行 1列
[2026-08-21 21:23:43.181] [INFO] [ExcelBatchGenerator.RuleGenerator] 合并区域: 行12 列2 跨1行 1列
[2026-08-21 21:23:43.181] [INFO] [ExcelBatchGenerator.RuleGenerator] 合并区域: 行12 列3 跨1行 1列
[2026-08-21 21:23:43.181] [INFO] [ExcelBatchGenerator.RuleGenerator] 合并区域: 行12 列4 跨1行 1列
[2026-08-21 21:23:43.181] [INFO] [ExcelBatchGenerator.RuleGenerator] 合并区域: 行12 列5 跨1行 1列
[2026-08-21 21:23:43.182] [INFO] [ExcelBatchGenerator.RuleGenerator] 合并区域: 行12 列6 跨1行 1列
[2026-08-21 21:23:43.182] [INFO] [ExcelBatchGenerator.RuleGenerator] 合并区域: 行12 列7 跨1行 1列
[2026-08-21 21:23:43.182] [INFO] [ExcelBatchGenerator.RuleGenerator] 合并区域: 行12 列8 跨1行 1列
[2026-08-21 21:23:43.182] [INFO] [ExcelBatchGenerator.RuleGenerator] 合并区域: 行12 列9 跨1行 1列
[2026-08-21 21:23:43.182] [INFO] [ExcelBatchGenerator.RuleGenerator] 合并区域: 行12 列10 跨1行 1列
[2026-08-21 21:23:43.182] [INFO] [ExcelBatchGenerator.RuleGenerator] 合并区域: 行12 列11 跨1行 1列
[2026-08-21 21:23:43.182] [INFO] [ExcelBatchGenerator.RuleGenerator] 合并区域: 行12 列12 跨1行 1列
[2026-08-21 21:23:43.182] [INFO] [ExcelBatchGenerator.RuleGenerator] 合并区域: 行12 列13 跨1行 1列
[2026-08-21 21:23:43.182] [INFO] [ExcelBatchGenerator.RuleGenerator] 合并区域: 行12 列14 跨1行 1列
[2026-08-21 21:23:43.182] [INFO] [ExcelBatchGenerator.RuleGenerator] 合并区域: 行12 列15 跨1行 1列
[2026-08-21 21:23:43.182] [INFO] [ExcelBatchGenerator.RuleGenerator] 合并区域: 行12 列16 跨1行 1列
[2026-08-21 21:23:43.182] [INFO] [ExcelBatchGenerator.RuleGenerator] 合并区域: 行13 列1 跨1行 1列
[2026-08-21 21:23:43.183] [INFO] [ExcelBatchGenerator.RuleGenerator] 合并区域: 行13 列2 跨1行 1列
[2026-08-21 21:23:43.183] [INFO] [ExcelBatchGenerator.RuleGenerator] 合并区域: 行13 列3 跨1行 1列
[2026-08-21 21:23:43.183] [INFO] [ExcelBatchGenerator.RuleGenerator] 合并区域: 行13 列4 跨1行 1列
[2026-08-21 21:23:43.183] [INFO] [ExcelBatchGenerator.RuleGenerator] 合并区域: 行13 列5 跨1行 1列
[2026-08-21 21:23:43.183] [INFO] [ExcelBatchGenerator.RuleGenerator] 合并区域: 行13 列6 跨1行 1列
[2026-08-21 21:23:43.183] [INFO] [ExcelBatchGenerator.RuleGenerator] 合并区域: 行13 列7 跨1行 1列
[2026-08-21 21:23:43.183] [INFO] [ExcelBatchGenerator.RuleGenerator] 合并区域: 行13 列8 跨1行 1列
[2026-08-21 21:23:43.184] [INFO] [ExcelBatchGenerator.RuleGenerator] 合并区域: 行13 列9 跨1行 1列
[2026-08-21 21:23:43.184] [INFO] [ExcelBatchGenerator.RuleGenerator] 合并区域: 行13 列10 跨1行 1列
[2026-08-21 21:23:43.184] [INFO] [ExcelBatchGenerator.RuleGenerator] 合并区域: 行13 列11 跨1行 1列
[2026-08-21 21:23:43.184] [INFO] [ExcelBatchGenerator.RuleGenerator] 合并区域: 行13 列12 跨1行 1列
[2026-08-21 21:23:43.184] [INFO] [ExcelBatchGenerator.RuleGenerator] 合并区域: 行13 列13 跨1行 1列
[2026-08-21 21:23:43.184] [INFO] [ExcelBatchGenerator.RuleGenerator] 合并区域: 行13 列14 跨1行 1列
[2026-08-21 21:23:43.184] [INFO] [ExcelBatchGenerator.RuleGenerator] 合并区域: 行13 列15 跨1行 1列
[2026-08-21 21:23:43.184] [INFO] [ExcelBatchGenerator.RuleGenerator] 合并区域: 行13 列16 跨1行 1列
[2026-08-21 21:23:43.184] [INFO] [ExcelBatchGenerator.RuleGenerator] 合并区域: 行14 列1 跨1行 1列
[2026-08-21 21:23:43.184] [INFO] [ExcelBatchGenerator.RuleGenerator] 合并区域: 行14 列2 跨1行 1列
[2026-08-21 21:23:43.184] [INFO] [ExcelBatchGenerator.RuleGenerator] 合并区域: 行14 列3 跨1行 1列
[2026-08-21 21:23:43.184] [INFO] [ExcelBatchGenerator.RuleGenerator] 合并区域: 行14 列4 跨1行 1列
[2026-08-21 21:23:43.185] [INFO] [ExcelBatchGenerator.RuleGenerator] 合并区域: 行14 列5 跨1行 1列
[2026-08-21 21:23:43.185] [INFO] [ExcelBatchGenerator.RuleGenerator] 合并区域: 行14 列6 跨1行 1列
[2026-08-21 21:23:43.185] [INFO] [ExcelBatchGenerator.RuleGenerator] 合并区域: 行14 列7 跨1行 1列
[2026-08-21 21:23:43.185] [INFO] [ExcelBatchGenerator.RuleGenerator] 合并区域: 行14 列8 跨1行 1列
[2026-08-21 21:23:43.185] [INFO] [ExcelBatchGenerator.RuleGenerator] 合并区域: 行14 列9 跨1行 1列
[2026-08-21 21:23:43.185] [INFO] [ExcelBatchGenerator.RuleGenerator] 合并区域: 行14 列10 跨1行 1列
[2026-08-21 21:23:43.185] [INFO] [ExcelBatchGenerator.RuleGenerator] 合并区域: 行14 列11 跨1行 1列
[2026-08-21 21:23:43.185] [INFO] [ExcelBatchGenerator.RuleGenerator] 合并区域: 行14 列12 跨1行 1列
[2026-08-21 21:23:43.185] [INFO] [ExcelBatchGenerator.RuleGenerator] 合并区域: 行14 列13 跨1行 1列
[2026-08-21 21:23:43.185] [INFO] [ExcelBatchGenerator.RuleGenerator] 合并区域: 行14 列14 跨1行 1列
[2026-08-21 21:23:43.185] [INFO] [ExcelBatchGenerator.RuleGenerator] 合并区域: 行14 列15 跨1行 1列
[2026-08-21 21:23:43.185] [INFO] [ExcelBatchGenerator.RuleGenerator] 合并区域: 行14 列16 跨1行 1列
[2026-08-21 21:23:43.186] [INFO] [ExcelBatchGenerator.RuleGenerator] 合并区域: 行15 列1 跨1行 1列
[2026-08-21 21:23:43.186] [INFO] [ExcelBatchGenerator.RuleGenerator] 合并区域: 行15 列2 跨1行 1列
[2026-08-21 21:23:43.186] [INFO] [ExcelBatchGenerator.RuleGenerator] 合并区域: 行15 列3 跨1行 1列
[2026-08-21 21:23:43.186] [INFO] [ExcelBatchGenerator.RuleGenerator] 合并区域: 行15 列4 跨1行 1列
[2026-08-21 21:23:43.186] [INFO] [ExcelBatchGenerator.RuleGenerator] 合并区域: 行15 列5 跨1行 1列
[2026-08-21 21:23:43.186] [INFO] [ExcelBatchGenerator.RuleGenerator] 合并区域: 行15 列6 跨1行 1列
[2026-08-21 21:23:43.187] [INFO] [ExcelBatchGenerator.RuleGenerator] 合并区域: 行15 列7 跨1行 1列
[2026-08-21 21:23:43.187] [INFO] [ExcelBatchGenerator.RuleGenerator] 合并区域: 行15 列8 跨1行 1列
[2026-08-21 21:23:43.187] [INFO] [ExcelBatchGenerator.RuleGenerator] 合并区域: 行15 列9 跨1行 1列
[2026-08-21 21:23:43.187] [INFO] [ExcelBatchGenerator.RuleGenerator] 合并区域: 行15 列10 跨1行 1列
[2026-08-21 21:23:43.187] [INFO] [ExcelBatchGenerator.RuleGenerator] 合并区域: 行15 列11 跨1行 1列
[2026-08-21 21:23:43.187] [INFO] [ExcelBatchGenerator.RuleGenerator] 合并区域: 行15 列12 跨1行 1列
[2026-08-21 21:23:43.187] [INFO] [ExcelBatchGenerator.RuleGenerator] 合并区域: 行15 列13 跨1行 1列
[2026-08-21 21:23:43.187] [INFO] [ExcelBatchGenerator.RuleGenerator] 合并区域: 行15 列14 跨1行 1列
[2026-08-21 21:23:43.187] [INFO] [ExcelBatchGenerator.RuleGenerator] 合并区域: 行15 列15 跨1行 1列
[2026-08-21 21:23:43.187] [INFO] [ExcelBatchGenerator.RuleGenerator] 合并区域: 行15 列16 跨1行 1列
[2026-08-21 21:23:43.187] [INFO] [ExcelBatchGenerator.RuleGenerator] 合并区域: 行16 列1 跨1行 1列
[2026-08-21 21:23:43.187] [INFO] [ExcelBatchGenerator.RuleGenerator] 合并区域: 行16 列2 跨1行 1列
[2026-08-21 21:23:43.187] [INFO] [ExcelBatchGenerator.RuleGenerator] 合并区域: 行16 列3 跨1行 1列
[2026-08-21 21:23:43.187] [INFO] [ExcelBatchGenerator.RuleGenerator] 合并区域: 行16 列4 跨1行 1列
[2026-08-21 21:23:43.188] [INFO] [ExcelBatchGenerator.RuleGenerator] 合并区域: 行16 列5 跨1行 1列
[2026-08-21 21:23:43.188] [INFO] [ExcelBatchGenerator.RuleGenerator] 合并区域: 行16 列6 跨1行 1列
[2026-08-21 21:23:43.188] [INFO] [ExcelBatchGenerator.RuleGenerator] 合并区域: 行16 列7 跨1行 1列
[2026-08-21 21:23:43.188] [INFO] [ExcelBatchGenerator.RuleGenerator] 合并区域: 行16 列8 跨1行 1列
[2026-08-21 21:23:43.188] [INFO] [ExcelBatchGenerator.RuleGenerator] 合并区域: 行16 列9 跨1行 1列
[2026-08-21 21:23:43.188] [INFO] [ExcelBatchGenerator.RuleGenerator] 合并区域: 行16 列10 跨1行 1列
[2026-08-21 21:23:43.188] [INFO] [ExcelBatchGenerator.RuleGenerator] 合并区域: 行16 列11 跨1行 1列
[2026-08-21 21:23:43.188] [INFO] [ExcelBatchGenerator.RuleGenerator] 合并区域: 行16 列12 跨1行 1列
[2026-08-21 21:23:43.188] [INFO] [ExcelBatchGenerator.RuleGenerator] 合并区域: 行16 列13 跨1行 1列
[2026-08-21 21:23:43.188] [INFO] [ExcelBatchGenerator.RuleGenerator] 合并区域: 行16 列14 跨1行 1列
[2026-08-21 21:23:43.188] [INFO] [ExcelBatchGenerator.RuleGenerator] 合并区域: 行16 列15 跨1行 1列
[2026-08-21 21:23:43.188] [INFO] [ExcelBatchGenerator.RuleGenerator] 合并区域: 行16 列16 跨1行 1列
[2026-08-21 21:23:43.188] [INFO] [ExcelBatchGenerator.RuleGenerator] 合并区域: 行17 列1 跨1行 1列
[2026-08-21 21:23:43.189] [INFO] [ExcelBatchGenerator.RuleGenerator] 合并区域: 行17 列2 跨1行 1列
[2026-08-21 21:23:43.189] [INFO] [ExcelBatchGenerator.RuleGenerator] 合并区域: 行17 列3 跨1行 1列
[2026-08-21 21:23:43.189] [INFO] [ExcelBatchGenerator.RuleGenerator] 合并区域: 行17 列4 跨1行 1列
[2026-08-21 21:23:43.189] [INFO] [ExcelBatchGenerator.RuleGenerator] 合并区域: 行17 列5 跨1行 1列
[2026-08-21 21:23:43.189] [INFO] [ExcelBatchGenerator.RuleGenerator] 合并区域: 行17 列6 跨1行 1列
[2026-08-21 21:23:43.189] [INFO] [ExcelBatchGenerator.RuleGenerator] 合并区域: 行17 列7 跨1行 1列
[2026-08-21 21:23:43.189] [INFO] [ExcelBatchGenerator.RuleGenerator] 合并区域: 行17 列8 跨1行 1列
[2026-08-21 21:23:43.189] [INFO] [ExcelBatchGenerator.RuleGenerator] 合并区域: 行17 列9 跨1行 1列
[2026-08-21 21:23:43.189] [INFO] [ExcelBatchGenerator.RuleGenerator] 合并区域: 行17 列10 跨1行 1列
[2026-08-21 21:23:43.189] [INFO] [ExcelBatchGenerator.RuleGenerator] 合并区域: 行17 列11 跨1行 1列
[2026-08-21 21:23:43.189] [INFO] [ExcelBatchGenerator.RuleGenerator] 合并区域: 行17 列12 跨1行 1列
[2026-08-21 21:23:43.189] [INFO] [ExcelBatchGenerator.RuleGenerator] 合并区域: 行17 列13 跨1行 1列
[2026-08-21 21:23:43.189] [INFO] [ExcelBatchGenerator.RuleGenerator] 合并区域: 行17 列14 跨1行 1列
[2026-08-21 21:23:43.190] [INFO] [ExcelBatchGenerator.RuleGenerator] 合并区域: 行17 列15 跨1行 1列
[2026-08-21 21:23:43.190] [INFO] [ExcelBatchGenerator.RuleGenerator] 合并区域: 行17 列16 跨1行 1列
[2026-08-21 21:23:43.190] [INFO] [ExcelBatchGenerator.RuleGenerator] 合并区域: 行18 列1 跨1行 1列
[2026-08-21 21:23:43.190] [INFO] [ExcelBatchGenerator.RuleGenerator] 合并区域: 行18 列2 跨1行 1列
[2026-08-21 21:23:43.190] [INFO] [ExcelBatchGenerator.RuleGenerator] 合并区域: 行18 列3 跨1行 1列
[2026-08-21 21:23:43.190] [INFO] [ExcelBatchGenerator.RuleGenerator] 合并区域: 行18 列4 跨1行 1列
[2026-08-21 21:23:43.190] [INFO] [ExcelBatchGenerator.RuleGenerator] 合并区域: 行18 列5 跨1行 1列
[2026-08-21 21:23:43.190] [INFO] [ExcelBatchGenerator.RuleGenerator] 合并区域: 行18 列6 跨1行 1列
[2026-08-21 21:23:43.190] [INFO] [ExcelBatchGenerator.RuleGenerator] 合并区域: 行18 列7 跨1行 1列
[2026-08-21 21:23:43.190] [INFO] [ExcelBatchGenerator.RuleGenerator] 合并区域: 行18 列8 跨1行 1列
[2026-08-21 21:23:43.190] [INFO] [ExcelBatchGenerator.RuleGenerator] 合并区域: 行18 列9 跨1行 1列
[2026-08-21 21:23:43.190] [INFO] [ExcelBatchGenerator.RuleGenerator] 合并区域: 行18 列10 跨1行 1列
[2026-08-21 21:23:43.190] [INFO] [ExcelBatchGenerator.RuleGenerator] 合并区域: 行18 列11 跨1行 1列
[2026-08-21 21:23:43.190] [INFO] [ExcelBatchGenerator.RuleGenerator] 合并区域: 行18 列12 跨1行 1列
[2026-08-21 21:23:43.190] [INFO] [ExcelBatchGenerator.RuleGenerator] 合并区域: 行18 列13 跨1行 1列
[2026-08-21 21:23:43.190] [INFO] [ExcelBatchGenerator.RuleGenerator] 合并区域: 行18 列14 跨1行 1列
[2026-08-21 21:23:43.191] [INFO] [ExcelBatchGenerator.RuleGenerator] 合并区域: 行18 列15 跨1行 1列
[2026-08-21 21:23:43.191] [INFO] [ExcelBatchGenerator.RuleGenerator] 合并区域: 行18 列16 跨1行 1列
[2026-08-21 21:23:43.191] [INFO] [ExcelBatchGenerator.RuleGenerator] 合并区域: 行19 列1 跨1行 1列
[2026-08-21 21:23:43.191] [INFO] [ExcelBatchGenerator.RuleGenerator] 合并区域: 行19 列2 跨1行 1列
[2026-08-21 21:23:43.191] [INFO] [ExcelBatchGenerator.RuleGenerator] 合并区域: 行19 列3 跨1行 1列
[2026-08-21 21:23:43.191] [INFO] [ExcelBatchGenerator.RuleGenerator] 合并区域: 行19 列4 跨1行 1列
[2026-08-21 21:23:43.191] [INFO] [ExcelBatchGenerator.RuleGenerator] 合并区域: 行19 列5 跨1行 1列
[2026-08-21 21:23:43.191] [INFO] [ExcelBatchGenerator.RuleGenerator] 合并区域: 行19 列6 跨1行 1列
[2026-08-21 21:23:43.191] [INFO] [ExcelBatchGenerator.RuleGenerator] 合并区域: 行19 列7 跨1行 1列
[2026-08-21 21:23:43.191] [INFO] [ExcelBatchGenerator.RuleGenerator] 合并区域: 行19 列8 跨1行 1列
[2026-08-21 21:23:43.191] [INFO] [ExcelBatchGenerator.RuleGenerator] 合并区域: 行19 列9 跨1行 1列
[2026-08-21 21:23:43.191] [INFO] [ExcelBatchGenerator.RuleGenerator] 合并区域: 行19 列10 跨1行 1列
[2026-08-21 21:23:43.191] [INFO] [ExcelBatchGenerator.RuleGenerator] 合并区域: 行19 列11 跨1行 1列
[2026-08-21 21:23:43.191] [INFO] [ExcelBatchGenerator.RuleGenerator] 合并区域: 行19 列12 跨1行 1列
[2026-08-21 21:23:43.191] [INFO] [ExcelBatchGenerator.RuleGenerator] 合并区域: 行19 列13 跨1行 1列
[2026-08-21 21:23:43.191] [INFO] [ExcelBatchGenerator.RuleGenerator] 合并区域: 行19 列14 跨1行 1列
[2026-08-21 21:23:43.191] [INFO] [ExcelBatchGenerator.RuleGenerator] 合并区域: 行19 列15 跨1行 1列
[2026-08-21 21:23:43.192] [INFO] [ExcelBatchGenerator.RuleGenerator] 合并区域: 行19 列16 跨1行 1列
[2026-08-21 21:23:43.192] [INFO] [ExcelBatchGenerator.RuleGenerator] 合并区域: 行20 列1 跨1行 1列
[2026-08-21 21:23:43.192] [INFO] [ExcelBatchGenerator.RuleGenerator] 合并区域: 行20 列2 跨1行 1列
[2026-08-21 21:23:43.192] [INFO] [ExcelBatchGenerator.RuleGenerator] 合并区域: 行20 列3 跨1行 1列
[2026-08-21 21:23:43.192] [INFO] [ExcelBatchGenerator.RuleGenerator] 合并区域: 行20 列4 跨1行 1列
[2026-08-21 21:23:43.192] [INFO] [ExcelBatchGenerator.RuleGenerator] 合并区域: 行20 列5 跨1行 1列
[2026-08-21 21:23:43.192] [INFO] [ExcelBatchGenerator.RuleGenerator] 合并区域: 行20 列6 跨1行 1列
[2026-08-21 21:23:43.192] [INFO] [ExcelBatchGenerator.RuleGenerator] 合并区域: 行20 列7 跨1行 1列
[2026-08-21 21:23:43.192] [INFO] [ExcelBatchGenerator.RuleGenerator] 合并区域: 行20 列8 跨1行 1列
[2026-08-21 21:23:43.192] [INFO] [ExcelBatchGenerator.RuleGenerator] 合并区域: 行20 列9 跨1行 1列
[2026-08-21 21:23:43.192] [INFO] [ExcelBatchGenerator.RuleGenerator] 合并区域: 行20 列10 跨1行 1列
[2026-08-21 21:23:43.192] [INFO] [ExcelBatchGenerator.RuleGenerator] 合并区域: 行20 列11 跨1行 1列
[2026-08-21 21:23:43.192] [INFO] [ExcelBatchGenerator.RuleGenerator] 合并区域: 行20 列12 跨1行 1列
[2026-08-21 21:23:43.192] [INFO] [ExcelBatchGenerator.RuleGenerator] 合并区域: 行20 列13 跨1行 1列
[2026-08-21 21:23:43.192] [INFO] [ExcelBatchGenerator.RuleGenerator] 合并区域: 行20 列14 跨1行 1列
[2026-08-21 21:23:43.193] [INFO] [ExcelBatchGenerator.RuleGenerator] 合并区域: 行20 列15 跨1行 1列
[2026-08-21 21:23:43.193] [INFO] [ExcelBatchGenerator.RuleGenerator] 合并区域: 行20 列16 跨1行 1列
[2026-08-21 21:23:43.193] [INFO] [ExcelBatchGenerator.RuleGenerator] 合并区域: 行21 列1 跨1行 1列
[2026-08-21 21:23:43.193] [INFO] [ExcelBatchGenerator.RuleGenerator] 合并区域: 行21 列2 跨1行 1列
[2026-08-21 21:23:43.193] [INFO] [ExcelBatchGenerator.RuleGenerator] 合并区域: 行21 列3 跨1行 1列
[2026-08-21 21:23:43.193] [INFO] [ExcelBatchGenerator.RuleGenerator] 合并区域: 行21 列4 跨1行 1列
[2026-08-21 21:23:43.193] [INFO] [ExcelBatchGenerator.RuleGenerator] 合并区域: 行21 列5 跨1行 1列
[2026-08-21 21:23:43.193] [INFO] [ExcelBatchGenerator.RuleGenerator] 合并区域: 行21 列6 跨1行 1列
[2026-08-21 21:23:43.193] [INFO] [ExcelBatchGenerator.RuleGenerator] 合并区域: 行21 列7 跨1行 1列
[2026-08-21 21:23:43.193] [INFO] [ExcelBatchGenerator.RuleGenerator] 合并区域: 行21 列8 跨1行 1列
[2026-08-21 21:23:43.193] [INFO] [ExcelBatchGenerator.RuleGenerator] 合并区域: 行21 列9 跨1行 1列
[2026-08-21 21:23:43.193] [INFO] [ExcelBatchGenerator.RuleGenerator] 合并区域: 行21 列10 跨1行 1列
[2026-08-21 21:23:43.193] [INFO] [ExcelBatchGenerator.RuleGenerator] 合并区域: 行21 列11 跨1行 1列
[2026-08-21 21:23:43.193] [INFO] [ExcelBatchGenerator.RuleGenerator] 合并区域: 行21 列12 跨1行 1列
[2026-08-21 21:23:43.194] [INFO] [ExcelBatchGenerator.RuleGenerator] 合并区域: 行21 列13 跨1行 1列
[2026-08-21 21:23:43.194] [INFO] [ExcelBatchGenerator.RuleGenerator] 合并区域: 行21 列14 跨1行 1列
[2026-08-21 21:23:43.194] [INFO] [ExcelBatchGenerator.RuleGenerator] 合并区域: 行21 列15 跨1行 1列
[2026-08-21 21:23:43.194] [INFO] [ExcelBatchGenerator.RuleGenerator] 合并区域: 行21 列16 跨1行 1列
[2026-08-21 21:23:43.194] [INFO] [ExcelBatchGenerator.RuleGenerator] 合并区域: 行22 列1 跨1行 1列
[2026-08-21 21:23:43.194] [INFO] [ExcelBatchGenerator.RuleGenerator] 合并区域: 行22 列2 跨1行 1列
[2026-08-21 21:23:43.194] [INFO] [ExcelBatchGenerator.RuleGenerator] 合并区域: 行22 列3 跨1行 1列
[2026-08-21 21:23:43.194] [INFO] [ExcelBatchGenerator.RuleGenerator] 合并区域: 行22 列4 跨1行 1列
[2026-08-21 21:23:43.194] [INFO] [ExcelBatchGenerator.RuleGenerator] 合并区域: 行22 列5 跨1行 1列
[2026-08-21 21:23:43.194] [INFO] [ExcelBatchGenerator.RuleGenerator] 合并区域: 行22 列6 跨1行 1列
[2026-08-21 21:23:43.194] [INFO] [ExcelBatchGenerator.RuleGenerator] 合并区域: 行22 列7 跨1行 1列
[2026-08-21 21:23:43.194] [INFO] [ExcelBatchGenerator.RuleGenerator] 合并区域: 行22 列8 跨1行 1列
[2026-08-21 21:23:43.194] [INFO] [ExcelBatchGenerator.RuleGenerator] 合并区域: 行22 列9 跨1行 1列
[2026-08-21 21:23:43.194] [INFO] [ExcelBatchGenerator.RuleGenerator] 合并区域: 行22 列10 跨1行 1列
[2026-08-21 21:23:43.194] [INFO] [ExcelBatchGenerator.RuleGenerator] 合并区域: 行22 列11 跨1行 1列
[2026-08-21 21:23:43.195] [INFO] [ExcelBatchGenerator.RuleGenerator] 合并区域: 行22 列12 跨1行 1列
[2026-08-21 21:23:43.195] [INFO] [ExcelBatchGenerator.RuleGenerator] 合并区域: 行22 列13 跨1行 1列
[2026-08-21 21:23:43.195] [INFO] [ExcelBatchGenerator.RuleGenerator] 合并区域: 行22 列14 跨1行 1列
[2026-08-21 21:23:43.195] [INFO] [ExcelBatchGenerator.RuleGenerator] 合并区域: 行22 列15 跨1行 1列
[2026-08-21 21:23:43.195] [INFO] [ExcelBatchGenerator.RuleGenerator] 合并区域: 行22 列16 跨1行 1列
[2026-08-21 21:23:43.195] [INFO] [ExcelBatchGenerator.RuleGenerator] 合并区域: 行23 列1 跨1行 1列
[2026-08-21 21:23:43.195] [INFO] [ExcelBatchGenerator.RuleGenerator] 合并区域: 行23 列2 跨1行 1列
[2026-08-21 21:23:43.195] [INFO] [ExcelBatchGenerator.RuleGenerator] 合并区域: 行23 列3 跨1行 1列
[2026-08-21 21:23:43.195] [INFO] [ExcelBatchGenerator.RuleGenerator] 合并区域: 行23 列4 跨1行 1列
[2026-08-21 21:23:43.195] [INFO] [ExcelBatchGenerator.RuleGenerator] 合并区域: 行23 列5 跨1行 1列
[2026-08-21 21:23:43.195] [INFO] [ExcelBatchGenerator.RuleGenerator] 合并区域: 行23 列6 跨1行 1列
[2026-08-21 21:23:43.195] [INFO] [ExcelBatchGenerator.RuleGenerator] 合并区域: 行23 列7 跨1行 1列
[2026-08-21 21:23:43.195] [INFO] [ExcelBatchGenerator.RuleGenerator] 合并区域: 行23 列8 跨1行 1列
[2026-08-21 21:23:43.195] [INFO] [ExcelBatchGenerator.RuleGenerator] 合并区域: 行23 列9 跨1行 1列
[2026-08-21 21:23:43.196] [INFO] [ExcelBatchGenerator.RuleGenerator] 合并区域: 行23 列10 跨1行 1列
[2026-08-21 21:23:43.196] [INFO] [ExcelBatchGenerator.RuleGenerator] 合并区域: 行23 列11 跨1行 1列
[2026-08-21 21:23:43.196] [INFO] [ExcelBatchGenerator.RuleGenerator] 合并区域: 行23 列12 跨1行 1列
[2026-08-21 21:23:43.196] [INFO] [ExcelBatchGenerator.RuleGenerator] 合并区域: 行23 列13 跨1行 1列
[2026-08-21 21:23:43.196] [INFO] [ExcelBatchGenerator.RuleGenerator] 合并区域: 行23 列14 跨1行 1列
[2026-08-21 21:23:43.196] [INFO] [ExcelBatchGenerator.RuleGenerator] 合并区域: 行23 列15 跨1行 1列
[2026-08-21 21:23:43.196] [INFO] [ExcelBatchGenerator.RuleGenerator] 合并区域: 行23 列16 跨1行 1列
[2026-08-21 21:23:43.196] [INFO] [ExcelBatchGenerator.RuleGenerator] 合并区域: 行24 列1 跨1行 13列
[2026-08-21 21:23:43.196] [INFO] [ExcelBatchGenerator.RuleGenerator] 合并区域: 行24 列14 跨1行 1列
[2026-08-21 21:23:43.196] [INFO] [ExcelBatchGenerator.RuleGenerator] 合并区域: 行24 列15 跨1行 1列
[2026-08-21 21:23:43.196] [INFO] [ExcelBatchGenerator.RuleGenerator] 合并区域: 行24 列16 跨1行 1列
[2026-08-21 21:23:43.196] [INFO] [ExcelBatchGenerator.RuleGenerator] 合并区域: 行25 列1 跨1行 1列
[2026-08-21 21:23:43.196] [INFO] [ExcelBatchGenerator.RuleGenerator] 合并区域: 行25 列2 跨1行 1列
[2026-08-21 21:23:43.196] [INFO] [ExcelBatchGenerator.RuleGenerator] 合并区域: 行25 列3 跨1行 9列
[2026-08-21 21:23:43.196] [INFO] [ExcelBatchGenerator.RuleGenerator] 合并区域: 行25 列12 跨1行 2列
[2026-08-21 21:23:43.196] [INFO] [ExcelBatchGenerator.RuleGenerator] 合并区域: 行25 列14 跨1行 1列
[2026-08-21 21:23:43.197] [INFO] [ExcelBatchGenerator.RuleGenerator] 合并区域: 行25 列15 跨1行 1列
[2026-08-21 21:23:43.197] [INFO] [ExcelBatchGenerator.RuleGenerator] 合并区域: 行25 列16 跨1行 1列
[2026-08-21 21:23:43.197] [INFO] [ExcelBatchGenerator.RuleGenerator] 合并区域: 行26 列1 跨1行 1列
[2026-08-21 21:23:43.197] [INFO] [ExcelBatchGenerator.RuleGenerator] 合并区域: 行26 列2 跨1行 1列
[2026-08-21 21:23:43.197] [INFO] [ExcelBatchGenerator.RuleGenerator] 合并区域: 行26 列3 跨1行 9列
[2026-08-21 21:23:43.197] [INFO] [ExcelBatchGenerator.RuleGenerator] 合并区域: 行26 列12 跨1行 2列
[2026-08-21 21:23:43.197] [INFO] [ExcelBatchGenerator.RuleGenerator] 合并区域: 行26 列14 跨1行 1列
[2026-08-21 21:23:43.197] [INFO] [ExcelBatchGenerator.RuleGenerator] 合并区域: 行26 列15 跨1行 1列
[2026-08-21 21:23:43.197] [INFO] [ExcelBatchGenerator.RuleGenerator] 合并区域: 行26 列16 跨1行 1列
[2026-08-21 21:23:43.197] [INFO] [ExcelBatchGenerator.RuleGenerator] 合并区域: 行27 列1 跨1行 1列
[2026-08-21 21:23:43.198] [INFO] [ExcelBatchGenerator.RuleGenerator] 合并区域: 行27 列2 跨1行 1列
[2026-08-21 21:23:43.198] [INFO] [ExcelBatchGenerator.RuleGenerator] 合并区域: 行27 列3 跨1行 9列
[2026-08-21 21:23:43.198] [INFO] [ExcelBatchGenerator.RuleGenerator] 合并区域: 行27 列12 跨1行 2列
[2026-08-21 21:23:43.198] [INFO] [ExcelBatchGenerator.RuleGenerator] 合并区域: 行27 列14 跨1行 1列
[2026-08-21 21:23:43.198] [INFO] [ExcelBatchGenerator.RuleGenerator] 合并区域: 行27 列15 跨1行 1列
[2026-08-21 21:23:43.198] [INFO] [ExcelBatchGenerator.RuleGenerator] 合并区域: 行27 列16 跨1行 1列
[2026-08-21 21:23:43.198] [INFO] [ExcelBatchGenerator.RuleGenerator] 合并区域: 行28 列1 跨1行 1列
[2026-08-21 21:23:43.198] [INFO] [ExcelBatchGenerator.RuleGenerator] 合并区域: 行28 列2 跨1行 12列
[2026-08-21 21:23:43.198] [INFO] [ExcelBatchGenerator.RuleGenerator] 合并区域: 行28 列14 跨1行 1列
[2026-08-21 21:23:43.198] [INFO] [ExcelBatchGenerator.RuleGenerator] 合并区域: 行28 列15 跨1行 1列
[2026-08-21 21:23:43.198] [INFO] [ExcelBatchGenerator.RuleGenerator] 合并区域: 行28 列16 跨1行 1列
[2026-08-21 21:23:43.198] [INFO] [ExcelBatchGenerator.RuleGenerator] 合并区域: 行29 列1 跨1行 1列
[2026-08-21 21:23:43.198] [INFO] [ExcelBatchGenerator.RuleGenerator] 合并区域: 行29 列2 跨1行 12列
[2026-08-21 21:23:43.199] [INFO] [ExcelBatchGenerator.RuleGenerator] 合并区域: 行29 列14 跨1行 1列
[2026-08-21 21:23:43.199] [INFO] [ExcelBatchGenerator.RuleGenerator] 合并区域: 行29 列15 跨1行 1列
[2026-08-21 21:23:43.199] [INFO] [ExcelBatchGenerator.RuleGenerator] 合并区域: 行29 列16 跨1行 1列
[2026-08-21 21:23:43.199] [INFO] [ExcelBatchGenerator.RuleGenerator] 合并区域: 行30 列1 跨1行 13列
[2026-08-21 21:23:43.199] [INFO] [ExcelBatchGenerator.RuleGenerator] 合并区域: 行30 列14 跨1行 1列
[2026-08-21 21:23:43.199] [INFO] [ExcelBatchGenerator.RuleGenerator] 合并区域: 行30 列15 跨1行 1列
[2026-08-21 21:23:43.199] [INFO] [ExcelBatchGenerator.RuleGenerator] 合并区域: 行30 列16 跨1行 1列
[2026-08-21 21:23:43.199] [INFO] [ExcelBatchGenerator.RuleGenerator] 合并区域: 行31 列1 跨1行 13列
[2026-08-21 21:23:43.199] [INFO] [ExcelBatchGenerator.RuleGenerator] 合并区域: 行31 列14 跨1行 1列
[2026-08-21 21:23:43.199] [INFO] [ExcelBatchGenerator.RuleGenerator] 合并区域: 行31 列15 跨1行 1列
[2026-08-21 21:23:43.199] [INFO] [ExcelBatchGenerator.RuleGenerator] 合并区域: 行31 列16 跨1行 1列
[2026-08-21 21:23:43.200] [INFO] [ExcelBatchGenerator.RuleGenerator] 合并区域: 行32 列1 跨1行 13列
[2026-08-21 21:23:43.200] [INFO] [ExcelBatchGenerator.RuleGenerator] 合并区域: 行32 列14 跨1行 1列
[2026-08-21 21:23:43.200] [INFO] [ExcelBatchGenerator.RuleGenerator] 合并区域: 行32 列15 跨1行 1列
[2026-08-21 21:23:43.200] [INFO] [ExcelBatchGenerator.RuleGenerator] 合并区域: 行32 列16 跨1行 1列
[2026-08-21 21:23:43.200] [INFO] [ExcelBatchGenerator.RuleGenerator] 合并区域: 行33 列1 跨1行 13列
[2026-08-21 21:23:43.200] [INFO] [ExcelBatchGenerator.RuleGenerator] 合并区域: 行33 列14 跨1行 1列
[2026-08-21 21:23:43.200] [INFO] [ExcelBatchGenerator.RuleGenerator] 合并区域: 行33 列15 跨1行 1列
[2026-08-21 21:23:43.200] [INFO] [ExcelBatchGenerator.RuleGenerator] 合并区域: 行33 列16 跨1行 1列
[2026-08-21 21:23:43.201] [INFO] [ExcelBatchGenerator.RuleGenerator] 合并区域: 行34 列1 跨1行 13列
[2026-08-21 21:23:43.201] [INFO] [ExcelBatchGenerator.RuleGenerator] 合并区域: 行34 列14 跨1行 1列
[2026-08-21 21:23:43.201] [INFO] [ExcelBatchGenerator.RuleGenerator] 合并区域: 行34 列15 跨1行 1列
[2026-08-21 21:23:43.201] [INFO] [ExcelBatchGenerator.RuleGenerator] 合并区域: 行34 列16 跨1行 1列
[2026-08-21 21:23:43.201] [INFO] [ExcelBatchGenerator.RuleGenerator] 合并区域: 行35 列1 跨1行 1列
[2026-08-21 21:23:43.201] [INFO] [ExcelBatchGenerator.RuleGenerator] 合并区域: 行35 列2 跨1行 1列
[2026-08-21 21:23:43.201] [INFO] [ExcelBatchGenerator.RuleGenerator] 合并区域: 行35 列3 跨1行 1列
[2026-08-21 21:23:43.201] [INFO] [ExcelBatchGenerator.RuleGenerator] 合并区域: 行35 列4 跨1行 1列
[2026-08-21 21:23:43.201] [INFO] [ExcelBatchGenerator.RuleGenerator] 合并区域: 行35 列5 跨1行 1列
[2026-08-21 21:23:43.201] [INFO] [ExcelBatchGenerator.RuleGenerator] 合并区域: 行35 列6 跨1行 1列
[2026-08-21 21:23:43.201] [INFO] [ExcelBatchGenerator.RuleGenerator] 合并区域: 行35 列7 跨1行 1列
[2026-08-21 21:23:43.201] [INFO] [ExcelBatchGenerator.RuleGenerator] 合并区域: 行35 列8 跨1行 1列
[2026-08-21 21:23:43.202] [INFO] [ExcelBatchGenerator.RuleGenerator] 合并区域: 行35 列9 跨1行 1列
[2026-08-21 21:23:43.202] [INFO] [ExcelBatchGenerator.RuleGenerator] 合并区域: 行35 列10 跨1行 1列
[2026-08-21 21:23:43.202] [INFO] [ExcelBatchGenerator.RuleGenerator] 合并区域: 行35 列11 跨1行 1列
[2026-08-21 21:23:43.202] [INFO] [ExcelBatchGenerator.RuleGenerator] 合并区域: 行35 列12 跨1行 1列
[2026-08-21 21:23:43.202] [INFO] [ExcelBatchGenerator.RuleGenerator] 合并区域: 行35 列13 跨1行 1列
[2026-08-21 21:23:43.202] [INFO] [ExcelBatchGenerator.RuleGenerator] 合并区域: 行35 列14 跨1行 1列
[2026-08-21 21:23:43.203] [INFO] [ExcelBatchGenerator.RuleGenerator] 合并区域: 行35 列15 跨1行 1列
[2026-08-21 21:23:43.203] [INFO] [ExcelBatchGenerator.RuleGenerator] 合并区域: 行35 列16 跨1行 1列
[2026-08-21 21:23:43.203] [INFO] [ExcelBatchGenerator.RuleGenerator] 合并区域: 行36 列1 跨1行 1列
[2026-08-21 21:23:43.203] [INFO] [ExcelBatchGenerator.RuleGenerator] 合并区域: 行36 列2 跨1行 1列
[2026-08-21 21:23:43.203] [INFO] [ExcelBatchGenerator.RuleGenerator] 合并区域: 行36 列3 跨1行 1列
[2026-08-21 21:23:43.203] [INFO] [ExcelBatchGenerator.RuleGenerator] 合并区域: 行36 列4 跨1行 1列
[2026-08-21 21:23:43.203] [INFO] [ExcelBatchGenerator.RuleGenerator] 合并区域: 行36 列5 跨1行 1列
[2026-08-21 21:23:43.203] [INFO] [ExcelBatchGenerator.RuleGenerator] 合并区域: 行36 列6 跨1行 1列
[2026-08-21 21:23:43.204] [INFO] [ExcelBatchGenerator.RuleGenerator] 合并区域: 行36 列7 跨1行 1列
[2026-08-21 21:23:43.204] [INFO] [ExcelBatchGenerator.RuleGenerator] 合并区域: 行36 列8 跨1行 1列
[2026-08-21 21:23:43.204] [INFO] [ExcelBatchGenerator.RuleGenerator] 合并区域: 行36 列9 跨1行 1列
[2026-08-21 21:23:43.204] [INFO] [ExcelBatchGenerator.RuleGenerator] 合并区域: 行36 列10 跨1行 1列
[2026-08-21 21:23:43.204] [INFO] [ExcelBatchGenerator.RuleGenerator] 合并区域: 行36 列11 跨1行 1列
[2026-08-21 21:23:43.204] [INFO] [ExcelBatchGenerator.RuleGenerator] 合并区域: 行36 列12 跨1行 1列
[2026-08-21 21:23:43.204] [INFO] [ExcelBatchGenerator.RuleGenerator] 合并区域: 行36 列13 跨1行 1列
[2026-08-21 21:23:43.204] [INFO] [ExcelBatchGenerator.RuleGenerator] 合并区域: 行36 列14 跨1行 1列
[2026-08-21 21:23:43.204] [INFO] [ExcelBatchGenerator.RuleGenerator] 合并区域: 行36 列15 跨1行 1列
[2026-08-21 21:23:43.204] [INFO] [ExcelBatchGenerator.RuleGenerator] 合并区域: 行36 列16 跨1行 1列
[2026-08-21 21:23:43.204] [INFO] [ExcelBatchGenerator.RuleGenerator] 合并区域: 行37 列1 跨1行 1列
[2026-08-21 21:23:43.204] [INFO] [ExcelBatchGenerator.RuleGenerator] 合并区域: 行37 列2 跨1行 1列
[2026-08-21 21:23:43.204] [INFO] [ExcelBatchGenerator.RuleGenerator] 合并区域: 行37 列3 跨1行 1列
[2026-08-21 21:23:43.204] [INFO] [ExcelBatchGenerator.RuleGenerator] 合并区域: 行37 列4 跨1行 1列
[2026-08-21 21:23:43.205] [INFO] [ExcelBatchGenerator.RuleGenerator] 合并区域: 行37 列5 跨1行 1列
[2026-08-21 21:23:43.205] [INFO] [ExcelBatchGenerator.RuleGenerator] 合并区域: 行37 列6 跨1行 1列
[2026-08-21 21:23:43.205] [INFO] [ExcelBatchGenerator.RuleGenerator] 合并区域: 行37 列7 跨1行 1列
[2026-08-21 21:23:43.205] [INFO] [ExcelBatchGenerator.RuleGenerator] 合并区域: 行37 列8 跨1行 1列
[2026-08-21 21:23:43.205] [INFO] [ExcelBatchGenerator.RuleGenerator] 合并区域: 行37 列9 跨1行 1列
[2026-08-21 21:23:43.205] [INFO] [ExcelBatchGenerator.RuleGenerator] 合并区域: 行37 列10 跨1行 1列
[2026-08-21 21:23:43.205] [INFO] [ExcelBatchGenerator.RuleGenerator] 合并区域: 行37 列11 跨1行 1列
[2026-08-21 21:23:43.205] [INFO] [ExcelBatchGenerator.RuleGenerator] 合并区域: 行37 列12 跨1行 1列
[2026-08-21 21:23:43.205] [INFO] [ExcelBatchGenerator.RuleGenerator] 合并区域: 行37 列13 跨1行 1列
[2026-08-21 21:23:43.205] [INFO] [ExcelBatchGenerator.RuleGenerator] 合并区域: 行37 列14 跨1行 1列
[2026-08-21 21:23:43.205] [INFO] [ExcelBatchGenerator.RuleGenerator] 合并区域: 行37 列15 跨1行 1列
[2026-08-21 21:23:43.205] [INFO] [ExcelBatchGenerator.RuleGenerator] 合并区域: 行37 列16 跨1行 1列
[2026-08-21 21:23:43.205] [INFO] [ExcelBatchGenerator.RuleGenerator] 合并区域: 行38 列1 跨1行 1列
[2026-08-21 21:23:43.205] [INFO] [ExcelBatchGenerator.RuleGenerator] 合并区域: 行38 列2 跨1行 1列
[2026-08-21 21:23:43.205] [INFO] [ExcelBatchGenerator.RuleGenerator] 合并区域: 行38 列3 跨1行 1列
[2026-08-21 21:23:43.205] [INFO] [ExcelBatchGenerator.RuleGenerator] 合并区域: 行38 列4 跨1行 1列
[2026-08-21 21:23:43.206] [INFO] [ExcelBatchGenerator.RuleGenerator] 合并区域: 行38 列5 跨1行 1列
[2026-08-21 21:23:43.206] [INFO] [ExcelBatchGenerator.RuleGenerator] 合并区域: 行38 列6 跨1行 1列
[2026-08-21 21:23:43.206] [INFO] [ExcelBatchGenerator.RuleGenerator] 合并区域: 行38 列7 跨1行 1列
[2026-08-21 21:23:43.206] [INFO] [ExcelBatchGenerator.RuleGenerator] 合并区域: 行38 列8 跨1行 1列
[2026-08-21 21:23:43.206] [INFO] [ExcelBatchGenerator.RuleGenerator] 合并区域: 行38 列9 跨1行 1列
[2026-08-21 21:23:43.206] [INFO] [ExcelBatchGenerator.RuleGenerator] 合并区域: 行38 列10 跨1行 1列
[2026-08-21 21:23:43.206] [INFO] [ExcelBatchGenerator.RuleGenerator] 合并区域: 行38 列11 跨1行 1列
[2026-08-21 21:23:43.206] [INFO] [ExcelBatchGenerator.RuleGenerator] 合并区域: 行38 列12 跨1行 1列
[2026-08-21 21:23:43.206] [INFO] [ExcelBatchGenerator.RuleGenerator] 合并区域: 行38 列13 跨1行 1列
[2026-08-21 21:23:43.206] [INFO] [ExcelBatchGenerator.RuleGenerator] 合并区域: 行38 列14 跨1行 1列
[2026-08-21 21:23:43.206] [INFO] [ExcelBatchGenerator.RuleGenerator] 合并区域: 行38 列15 跨1行 1列
[2026-08-21 21:23:43.206] [INFO] [ExcelBatchGenerator.RuleGenerator] 合并区域: 行38 列16 跨1行 1列
[2026-08-21 21:23:43.206] [INFO] [ExcelBatchGenerator.RuleGenerator] 合并区域: 行39 列1 跨1行 1列
[2026-08-21 21:23:43.206] [INFO] [ExcelBatchGenerator.RuleGenerator] 合并区域: 行39 列2 跨1行 1列
[2026-08-21 21:23:43.206] [INFO] [ExcelBatchGenerator.RuleGenerator] 合并区域: 行39 列3 跨1行 1列
[2026-08-21 21:23:43.206] [INFO] [ExcelBatchGenerator.RuleGenerator] 合并区域: 行39 列4 跨1行 1列
[2026-08-21 21:23:43.206] [INFO] [ExcelBatchGenerator.RuleGenerator] 合并区域: 行39 列5 跨1行 1列
[2026-08-21 21:23:43.206] [INFO] [ExcelBatchGenerator.RuleGenerator] 合并区域: 行39 列6 跨1行 1列
[2026-08-21 21:23:43.207] [INFO] [ExcelBatchGenerator.RuleGenerator] 合并区域: 行39 列7 跨1行 1列
[2026-08-21 21:23:43.207] [INFO] [ExcelBatchGenerator.RuleGenerator] 合并区域: 行39 列8 跨1行 1列
[2026-08-21 21:23:43.207] [INFO] [ExcelBatchGenerator.RuleGenerator] 合并区域: 行39 列9 跨1行 1列
[2026-08-21 21:23:43.207] [INFO] [ExcelBatchGenerator.RuleGenerator] 合并区域: 行39 列10 跨1行 1列
[2026-08-21 21:23:43.207] [INFO] [ExcelBatchGenerator.RuleGenerator] 合并区域: 行39 列11 跨1行 1列
[2026-08-21 21:23:43.207] [INFO] [ExcelBatchGenerator.RuleGenerator] 合并区域: 行39 列12 跨1行 1列
[2026-08-21 21:23:43.207] [INFO] [ExcelBatchGenerator.RuleGenerator] 合并区域: 行39 列13 跨1行 1列
[2026-08-21 21:23:43.207] [INFO] [ExcelBatchGenerator.RuleGenerator] 合并区域: 行39 列14 跨1行 1列
[2026-08-21 21:23:43.207] [INFO] [ExcelBatchGenerator.RuleGenerator] 合并区域: 行39 列15 跨1行 1列
[2026-08-21 21:23:43.207] [INFO] [ExcelBatchGenerator.RuleGenerator] 合并区域: 行39 列16 跨1行 1列
[2026-08-21 21:23:43.207] [INFO] [ExcelBatchGenerator.RuleGenerator] 合并区域: 行40 列1 跨1行 1列
[2026-08-21 21:23:43.207] [INFO] [ExcelBatchGenerator.RuleGenerator] 合并区域: 行40 列2 跨1行 1列
[2026-08-21 21:23:43.207] [INFO] [ExcelBatchGenerator.RuleGenerator] 合并区域: 行40 列3 跨1行 1列
[2026-08-21 21:23:43.207] [INFO] [ExcelBatchGenerator.RuleGenerator] 合并区域: 行40 列4 跨1行 1列
[2026-08-21 21:23:43.207] [INFO] [ExcelBatchGenerator.RuleGenerator] 合并区域: 行40 列5 跨1行 1列
[2026-08-21 21:23:43.207] [INFO] [ExcelBatchGenerator.RuleGenerator] 合并区域: 行40 列6 跨1行 1列
[2026-08-21 21:23:43.207] [INFO] [ExcelBatchGenerator.RuleGenerator] 合并区域: 行40 列7 跨1行 1列
[2026-08-21 21:23:43.207] [INFO] [ExcelBatchGenerator.RuleGenerator] 合并区域: 行40 列8 跨1行 1列
[2026-08-21 21:23:43.207] [INFO] [ExcelBatchGenerator.RuleGenerator] 合并区域: 行40 列9 跨1行 1列
[2026-08-21 21:23:43.207] [INFO] [ExcelBatchGenerator.RuleGenerator] 合并区域: 行40 列10 跨1行 1列
[2026-08-21 21:23:43.208] [INFO] [ExcelBatchGenerator.RuleGenerator] 合并区域: 行40 列11 跨1行 1列
[2026-08-21 21:23:43.208] [INFO] [ExcelBatchGenerator.RuleGenerator] 合并区域: 行40 列12 跨1行 1列
[2026-08-21 21:23:43.208] [INFO] [ExcelBatchGenerator.RuleGenerator] 合并区域: 行40 列13 跨1行 1列
[2026-08-21 21:23:43.208] [INFO] [ExcelBatchGenerator.RuleGenerator] 合并区域: 行40 列14 跨1行 1列
[2026-08-21 21:23:43.208] [INFO] [ExcelBatchGenerator.RuleGenerator] 合并区域: 行40 列15 跨1行 1列
[2026-08-21 21:23:43.208] [INFO] [ExcelBatchGenerator.RuleGenerator] 合并区域: 行40 列16 跨1行 1列
[2026-08-21 21:23:43.208] [INFO] [ExcelBatchGenerator.RuleGenerator] 合并区域: 行41 列1 跨1行 1列
[2026-08-21 21:23:43.208] [INFO] [ExcelBatchGenerator.RuleGenerator] 合并区域: 行41 列2 跨1行 1列
[2026-08-21 21:23:43.208] [INFO] [ExcelBatchGenerator.RuleGenerator] 合并区域: 行41 列3 跨1行 1列
[2026-08-21 21:23:43.208] [INFO] [ExcelBatchGenerator.RuleGenerator] 合并区域: 行41 列4 跨1行 1列
[2026-08-21 21:23:43.208] [INFO] [ExcelBatchGenerator.RuleGenerator] 合并区域: 行41 列5 跨1行 1列
[2026-08-21 21:23:43.208] [INFO] [ExcelBatchGenerator.RuleGenerator] 合并区域: 行41 列6 跨1行 1列
[2026-08-21 21:23:43.208] [INFO] [ExcelBatchGenerator.RuleGenerator] 合并区域: 行41 列7 跨1行 1列
[2026-08-21 21:23:43.208] [INFO] [ExcelBatchGenerator.RuleGenerator] 合并区域: 行41 列8 跨1行 1列
[2026-08-21 21:23:43.208] [INFO] [ExcelBatchGenerator.RuleGenerator] 合并区域: 行41 列9 跨1行 1列
[2026-08-21 21:23:43.209] [INFO] [ExcelBatchGenerator.RuleGenerator] 合并区域: 行41 列10 跨1行 1列
[2026-08-21 21:23:43.209] [INFO] [ExcelBatchGenerator.RuleGenerator] 合并区域: 行41 列11 跨1行 1列
[2026-08-21 21:23:43.209] [INFO] [ExcelBatchGenerator.RuleGenerator] 合并区域: 行41 列12 跨1行 1列
[2026-08-21 21:23:43.209] [INFO] [ExcelBatchGenerator.RuleGenerator] 合并区域: 行41 列13 跨1行 1列
[2026-08-21 21:23:43.209] [INFO] [ExcelBatchGenerator.RuleGenerator] 合并区域: 行41 列14 跨1行 1列
[2026-08-21 21:23:43.209] [INFO] [ExcelBatchGenerator.RuleGenerator] 合并区域: 行41 列15 跨1行 1列
[2026-08-21 21:23:43.209] [INFO] [ExcelBatchGenerator.RuleGenerator] 合并区域: 行41 列16 跨1行 1列
[2026-08-21 21:23:43.209] [INFO] [ExcelBatchGenerator.RuleGenerator] 合并区域: 行42 列1 跨1行 1列
[2026-08-21 21:23:43.209] [INFO] [ExcelBatchGenerator.RuleGenerator] 合并区域: 行42 列2 跨1行 1列
[2026-08-21 21:23:43.209] [INFO] [ExcelBatchGenerator.RuleGenerator] 合并区域: 行42 列3 跨1行 1列
[2026-08-21 21:23:43.209] [INFO] [ExcelBatchGenerator.RuleGenerator] 合并区域: 行42 列4 跨1行 1列
[2026-08-21 21:23:43.209] [INFO] [ExcelBatchGenerator.RuleGenerator] 合并区域: 行42 列5 跨1行 1列
[2026-08-21 21:23:43.209] [INFO] [ExcelBatchGenerator.RuleGenerator] 合并区域: 行42 列6 跨1行 1列
[2026-08-21 21:23:43.209] [INFO] [ExcelBatchGenerator.RuleGenerator] 合并区域: 行42 列7 跨1行 1列
[2026-08-21 21:23:43.209] [INFO] [ExcelBatchGenerator.RuleGenerator] 合并区域: 行42 列8 跨1行 1列
[2026-08-21 21:23:43.209] [INFO] [ExcelBatchGenerator.RuleGenerator] 合并区域: 行42 列9 跨1行 1列
[2026-08-21 21:23:43.209] [INFO] [ExcelBatchGenerator.RuleGenerator] 合并区域: 行42 列10 跨1行 1列
[2026-08-21 21:23:43.209] [INFO] [ExcelBatchGenerator.RuleGenerator] 合并区域: 行42 列11 跨1行 1列
[2026-08-21 21:23:43.209] [INFO] [ExcelBatchGenerator.RuleGenerator] 合并区域: 行42 列12 跨1行 1列
[2026-08-21 21:23:43.209] [INFO] [ExcelBatchGenerator.RuleGenerator] 合并区域: 行42 列13 跨1行 1列
[2026-08-21 21:23:43.209] [INFO] [ExcelBatchGenerator.RuleGenerator] 合并区域: 行42 列14 跨1行 1列
[2026-08-21 21:23:43.210] [INFO] [ExcelBatchGenerator.RuleGenerator] 合并区域: 行42 列15 跨1行 1列
[2026-08-21 21:23:43.210] [INFO] [ExcelBatchGenerator.RuleGenerator] 合并区域: 行42 列16 跨1行 1列
[2026-08-21 21:23:43.210] [INFO] [ExcelBatchGenerator.RuleGenerator] 合并区域: 行43 列1 跨1行 1列
[2026-08-21 21:23:43.210] [INFO] [ExcelBatchGenerator.RuleGenerator] 合并区域: 行43 列2 跨1行 1列
[2026-08-21 21:23:43.210] [INFO] [ExcelBatchGenerator.RuleGenerator] 合并区域: 行43 列3 跨1行 1列
[2026-08-21 21:23:43.210] [INFO] [ExcelBatchGenerator.RuleGenerator] 合并区域: 行43 列4 跨1行 1列
[2026-08-21 21:23:43.210] [INFO] [ExcelBatchGenerator.RuleGenerator] 合并区域: 行43 列5 跨1行 1列
[2026-08-21 21:23:43.210] [INFO] [ExcelBatchGenerator.RuleGenerator] 合并区域: 行43 列6 跨1行 1列
[2026-08-21 21:23:43.210] [INFO] [ExcelBatchGenerator.RuleGenerator] 合并区域: 行43 列7 跨1行 1列
[2026-08-21 21:23:43.210] [INFO] [ExcelBatchGenerator.RuleGenerator] 合并区域: 行43 列8 跨1行 1列
[2026-08-21 21:23:43.210] [INFO] [ExcelBatchGenerator.RuleGenerator] 合并区域: 行43 列9 跨1行 1列
[2026-08-21 21:23:43.210] [INFO] [ExcelBatchGenerator.RuleGenerator] 合并区域: 行43 列10 跨1行 1列
[2026-08-21 21:23:43.210] [INFO] [ExcelBatchGenerator.RuleGenerator] 合并区域: 行43 列11 跨1行 1列
[2026-08-21 21:23:43.210] [INFO] [ExcelBatchGenerator.RuleGenerator] 合并区域: 行43 列12 跨1行 1列
[2026-08-21 21:23:43.210] [INFO] [ExcelBatchGenerator.RuleGenerator] 合并区域: 行43 列13 跨1行 1列
[2026-08-21 21:23:43.210] [INFO] [ExcelBatchGenerator.RuleGenerator] 合并区域: 行43 列14 跨1行 1列
[2026-08-21 21:23:43.210] [INFO] [ExcelBatchGenerator.RuleGenerator] 合并区域: 行43 列15 跨1行 1列
[2026-08-21 21:23:43.210] [INFO] [ExcelBatchGenerator.RuleGenerator] 合并区域: 行43 列16 跨1行 1列
[2026-08-21 21:23:43.210] [INFO] [ExcelBatchGenerator.RuleGenerator] 合并区域: 行44 列1 跨1行 1列
[2026-08-21 21:23:43.210] [INFO] [ExcelBatchGenerator.RuleGenerator] 合并区域: 行44 列2 跨1行 1列
[2026-08-21 21:23:43.210] [INFO] [ExcelBatchGenerator.RuleGenerator] 合并区域: 行44 列3 跨1行 1列
[2026-08-21 21:23:43.211] [INFO] [ExcelBatchGenerator.RuleGenerator] 合并区域: 行44 列4 跨1行 1列
[2026-08-21 21:23:43.211] [INFO] [ExcelBatchGenerator.RuleGenerator] 合并区域: 行44 列5 跨1行 1列
[2026-08-21 21:23:43.211] [INFO] [ExcelBatchGenerator.RuleGenerator] 合并区域: 行44 列6 跨1行 1列
[2026-08-21 21:23:43.211] [INFO] [ExcelBatchGenerator.RuleGenerator] 合并区域: 行44 列7 跨1行 1列
[2026-08-21 21:23:43.211] [INFO] [ExcelBatchGenerator.RuleGenerator] 合并区域: 行44 列8 跨1行 1列
[2026-08-21 21:23:43.211] [INFO] [ExcelBatchGenerator.RuleGenerator] 合并区域: 行44 列9 跨1行 1列
[2026-08-21 21:23:43.211] [INFO] [ExcelBatchGenerator.RuleGenerator] 合并区域: 行44 列10 跨1行 1列
[2026-08-21 21:23:43.211] [INFO] [ExcelBatchGenerator.RuleGenerator] 合并区域: 行44 列11 跨1行 1列
[2026-08-21 21:23:43.211] [INFO] [ExcelBatchGenerator.RuleGenerator] 合并区域: 行44 列12 跨1行 1列
[2026-08-21 21:23:43.211] [INFO] [ExcelBatchGenerator.RuleGenerator] 合并区域: 行44 列13 跨1行 1列
[2026-08-21 21:23:43.211] [INFO] [ExcelBatchGenerator.RuleGenerator] 合并区域: 行44 列14 跨1行 1列
[2026-08-21 21:23:43.211] [INFO] [ExcelBatchGenerator.RuleGenerator] 合并区域: 行44 列15 跨1行 1列
[2026-08-21 21:23:43.211] [INFO] [ExcelBatchGenerator.RuleGenerator] 合并区域: 行44 列16 跨1行 1列
[2026-08-21 21:23:43.214] [INFO] [ExcelBatchGenerator.RuleGenerator] load_excel: 完成
[2026-08-21 21:24:14.566] [INFO] [ExcelBatchGenerator.RuleGenerator] 规则生成器关闭
[2026-08-21 21:28:47.849] [INFO] [ExcelBatchGenerator.MainWindow] 程序启动
[2026-08-21 21:28:55.537] [INFO] [ExcelBatchGenerator.MainWindow] 加载模板: 25040_W-97B配件过程检验表模板.xlsx
[2026-08-21 21:28:55.538] [INFO] [ExcelBatchGenerator.MainWindow] 加载配置: 25040_W-97B配件 - 过程
[2026-08-21 21:28:55.603] [INFO] [ExcelBatchGenerator.MainWindow] 加载配置: 25040_W-97B配件 - 过程
[2026-08-21 21:28:55.603] [INFO] [ExcelBatchGenerator.MainWindow] 模板路径已保存: E:/test-shenzhen/文档模板/97B/25040-97B配件/过程检验表/25040_W-97B配件过程检验表模板.xlsx
[2026-08-21 21:28:57.827] [INFO] [ExcelBatchGenerator.RuleGenerator] ==================================================
[2026-08-21 21:28:57.827] [INFO] [ExcelBatchGenerator.RuleGenerator] 规则生成器启动
[2026-08-21 21:28:57.827] [INFO] [ExcelBatchGenerator.RuleGenerator]   模板路径: E:/test-shenzhen/文档模板/97B/25040-97B配件/过程检验表/25040_W-97B配件过程检验表模板.xlsx
[2026-08-21 21:28:57.827] [INFO] [ExcelBatchGenerator.RuleGenerator]   产品名称: 25040_W-97B配件
[2026-08-21 21:28:57.827] [INFO] [ExcelBatchGenerator.RuleGenerator]   模板类型: 
[2026-08-21 21:28:57.827] [INFO] [ExcelBatchGenerator.RuleGenerator] ==================================================
[2026-08-21 21:28:57.828] [INFO] [ExcelBatchGenerator.RuleGenerator] 初始化 UI...
[2026-08-21 21:28:57.829] [INFO] [ExcelBatchGenerator.RuleGenerator] UI 初始化完成
[2026-08-21 21:28:57.830] [INFO] [ExcelBatchGenerator.RuleGenerator] 自动切换到按行匹配模式（首件/成品模板）
[2026-08-21 21:28:57.830] [INFO] [ExcelBatchGenerator.RuleGenerator] 开始加载 Excel...
[2026-08-21 21:28:57.830] [INFO] [ExcelBatchGenerator.RuleGenerator] load_excel: 开始
[2026-08-21 21:28:57.830] [INFO] [ExcelBatchGenerator.RuleGenerator] 使用 win32com 加载: E:/test-shenzhen/文档模板/97B/25040-97B配件/过程检验表/25040_W-97B配件过程检验表模板.xlsx
[2026-08-21 21:28:57.830] [INFO] [ExcelBatchGenerator.RuleGenerator] 启动 Excel 应用程序...
[2026-08-21 21:28:57.832] [INFO] [ExcelBatchGenerator.RuleGenerator] Excel 已启动
[2026-08-21 21:28:57.832] [INFO] [ExcelBatchGenerator.RuleGenerator] 打开工作簿: E:/test-shenzhen/文档模板/97B/25040-97B配件/过程检验表/25040_W-97B配件过程检验表模板.xlsx
[2026-08-21 21:28:57.867] [INFO] [ExcelBatchGenerator.RuleGenerator] 工作簿已打开
[2026-08-21 21:28:57.874] [INFO] [ExcelBatchGenerator.RuleGenerator] 共 2 个工作表: ['按时检验记录', '过程尺寸检验记录']
[2026-08-21 21:28:57.875] [INFO] [ExcelBatchGenerator.RuleGenerator] _load_sheet_data: 加载工作表 按时检验记录
[2026-08-21 21:28:59.281] [INFO] [ExcelBatchGenerator.RuleGenerator] 通过遍历方式获取到 445 个合并区域
[2026-08-21 21:28:59.281] [INFO] [ExcelBatchGenerator.RuleGenerator] 检测到 445 个合并区域
[2026-08-21 21:29:00.432] [INFO] [ExcelBatchGenerator.RuleGenerator] 实际数据范围: 18 行, 30 列
[2026-08-21 21:29:00.432] [INFO] [ExcelBatchGenerator.RuleGenerator] max_row=18, max_col=30
[2026-08-21 21:29:00.432] [INFO] [ExcelBatchGenerator.RuleGenerator] _populate_table_from_win32: 开始填充 18x30
[2026-08-21 21:29:00.435] [INFO] [ExcelBatchGenerator.RuleGenerator] 读取单元格数据...
[2026-08-21 21:29:00.790] [INFO] [ExcelBatchGenerator.RuleGenerator] Cell L5: Text='', Value='None'
[2026-08-21 21:29:00.794] [INFO] [ExcelBatchGenerator.RuleGenerator] Cell M5: Text='', Value='None'
[2026-08-21 21:29:00.798] [INFO] [ExcelBatchGenerator.RuleGenerator] Cell N5: Text='', Value='None'
[2026-08-21 21:29:00.801] [INFO] [ExcelBatchGenerator.RuleGenerator] Cell O5: Text='', Value='None'
[2026-08-21 21:29:00.805] [INFO] [ExcelBatchGenerator.RuleGenerator] Cell P5: Text='', Value='None'
[2026-08-21 21:29:00.808] [INFO] [ExcelBatchGenerator.RuleGenerator] Cell Q5: Text='', Value='None'
[2026-08-21 21:29:01.911] [INFO] [ExcelBatchGenerator.RuleGenerator] 单元格数据读取完成
[2026-08-21 21:29:01.911] [INFO] [ExcelBatchGenerator.RuleGenerator] 已应用 21 个合并区域
[2026-08-21 21:29:01.911] [INFO] [ExcelBatchGenerator.RuleGenerator] L5 item 存在，文本: ''
[2026-08-21 21:29:01.911] [INFO] [ExcelBatchGenerator.RuleGenerator] _populate_table_from_win32: 完成
[2026-08-21 21:29:01.916] [INFO] [ExcelBatchGenerator.RuleGenerator] 合并区域: 行1 列1 跨1行 17列
[2026-08-21 21:29:01.916] [INFO] [ExcelBatchGenerator.RuleGenerator] 合并区域: 行1 列18 跨1行 1列
[2026-08-21 21:29:01.917] [INFO] [ExcelBatchGenerator.RuleGenerator] 合并区域: 行1 列19 跨1行 1列
[2026-08-21 21:29:01.917] [INFO] [ExcelBatchGenerator.RuleGenerator] 合并区域: 行1 列20 跨1行 1列
[2026-08-21 21:29:01.917] [INFO] [ExcelBatchGenerator.RuleGenerator] 合并区域: 行1 列21 跨1行 1列
[2026-08-21 21:29:01.917] [INFO] [ExcelBatchGenerator.RuleGenerator] 合并区域: 行1 列22 跨1行 1列
[2026-08-21 21:29:01.917] [INFO] [ExcelBatchGenerator.RuleGenerator] 合并区域: 行1 列23 跨1行 1列
[2026-08-21 21:29:01.917] [INFO] [ExcelBatchGenerator.RuleGenerator] 合并区域: 行1 列24 跨1行 1列
[2026-08-21 21:29:01.917] [INFO] [ExcelBatchGenerator.RuleGenerator] 合并区域: 行1 列25 跨1行 1列
[2026-08-21 21:29:01.917] [INFO] [ExcelBatchGenerator.RuleGenerator] 合并区域: 行1 列26 跨1行 1列
[2026-08-21 21:29:01.917] [INFO] [ExcelBatchGenerator.RuleGenerator] 合并区域: 行1 列27 跨1行 1列
[2026-08-21 21:29:01.918] [INFO] [ExcelBatchGenerator.RuleGenerator] 合并区域: 行1 列28 跨1行 1列
[2026-08-21 21:29:01.918] [INFO] [ExcelBatchGenerator.RuleGenerator] 合并区域: 行1 列29 跨1行 1列
[2026-08-21 21:29:01.918] [INFO] [ExcelBatchGenerator.RuleGenerator] 合并区域: 行1 列30 跨1行 1列
[2026-08-21 21:29:01.918] [INFO] [ExcelBatchGenerator.RuleGenerator] 合并区域: 行2 列1 跨1行 17列
[2026-08-21 21:29:01.918] [INFO] [ExcelBatchGenerator.RuleGenerator] 合并区域: 行2 列18 跨1行 1列
[2026-08-21 21:29:01.918] [INFO] [ExcelBatchGenerator.RuleGenerator] 合并区域: 行2 列19 跨1行 1列
[2026-08-21 21:29:01.918] [INFO] [ExcelBatchGenerator.RuleGenerator] 合并区域: 行2 列20 跨1行 1列
[2026-08-21 21:29:01.918] [INFO] [ExcelBatchGenerator.RuleGenerator] 合并区域: 行2 列21 跨1行 1列
[2026-08-21 21:29:01.918] [INFO] [ExcelBatchGenerator.RuleGenerator] 合并区域: 行2 列22 跨1行 1列
[2026-08-21 21:29:01.919] [INFO] [ExcelBatchGenerator.RuleGenerator] 合并区域: 行2 列23 跨1行 1列
[2026-08-21 21:29:01.919] [INFO] [ExcelBatchGenerator.RuleGenerator] 合并区域: 行2 列24 跨1行 1列
[2026-08-21 21:29:01.919] [INFO] [ExcelBatchGenerator.RuleGenerator] 合并区域: 行2 列25 跨1行 1列
[2026-08-21 21:29:01.919] [INFO] [ExcelBatchGenerator.RuleGenerator] 合并区域: 行2 列26 跨1行 1列
[2026-08-21 21:29:01.919] [INFO] [ExcelBatchGenerator.RuleGenerator] 合并区域: 行2 列27 跨1行 1列
[2026-08-21 21:29:01.919] [INFO] [ExcelBatchGenerator.RuleGenerator] 合并区域: 行2 列28 跨1行 1列
[2026-08-21 21:29:01.919] [INFO] [ExcelBatchGenerator.RuleGenerator] 合并区域: 行2 列29 跨1行 1列
[2026-08-21 21:29:01.919] [INFO] [ExcelBatchGenerator.RuleGenerator] 合并区域: 行2 列30 跨1行 1列
[2026-08-21 21:29:01.919] [INFO] [ExcelBatchGenerator.RuleGenerator] 合并区域: 行3 列1 跨1行 1列
[2026-08-21 21:29:01.919] [INFO] [ExcelBatchGenerator.RuleGenerator] 合并区域: 行3 列2 跨1行 1列
[2026-08-21 21:29:01.919] [INFO] [ExcelBatchGenerator.RuleGenerator] 合并区域: 行3 列3 跨1行 1列
[2026-08-21 21:29:01.920] [INFO] [ExcelBatchGenerator.RuleGenerator] 合并区域: 行3 列4 跨1行 1列
[2026-08-21 21:29:01.920] [INFO] [ExcelBatchGenerator.RuleGenerator] 合并区域: 行3 列5 跨1行 1列
[2026-08-21 21:29:01.920] [INFO] [ExcelBatchGenerator.RuleGenerator] 合并区域: 行3 列6 跨1行 1列
[2026-08-21 21:29:01.920] [INFO] [ExcelBatchGenerator.RuleGenerator] 合并区域: 行3 列7 跨1行 1列
[2026-08-21 21:29:01.920] [INFO] [ExcelBatchGenerator.RuleGenerator] 合并区域: 行3 列8 跨1行 1列
[2026-08-21 21:29:01.920] [INFO] [ExcelBatchGenerator.RuleGenerator] 合并区域: 行3 列9 跨1行 1列
[2026-08-21 21:29:01.920] [INFO] [ExcelBatchGenerator.RuleGenerator] 合并区域: 行3 列10 跨1行 1列
[2026-08-21 21:29:01.920] [INFO] [ExcelBatchGenerator.RuleGenerator] 合并区域: 行3 列11 跨1行 1列
[2026-08-21 21:29:01.920] [INFO] [ExcelBatchGenerator.RuleGenerator] 合并区域: 行3 列12 跨1行 1列
[2026-08-21 21:29:01.920] [INFO] [ExcelBatchGenerator.RuleGenerator] 合并区域: 行3 列13 跨1行 5列
[2026-08-21 21:29:01.920] [INFO] [ExcelBatchGenerator.RuleGenerator] 合并区域: 行3 列18 跨1行 1列
[2026-08-21 21:29:01.920] [INFO] [ExcelBatchGenerator.RuleGenerator] 合并区域: 行3 列19 跨1行 1列
[2026-08-21 21:29:01.920] [INFO] [ExcelBatchGenerator.RuleGenerator] 合并区域: 行3 列20 跨1行 1列
[2026-08-21 21:29:01.920] [INFO] [ExcelBatchGenerator.RuleGenerator] 合并区域: 行3 列21 跨1行 1列
[2026-08-21 21:29:01.920] [INFO] [ExcelBatchGenerator.RuleGenerator] 合并区域: 行3 列22 跨1行 1列
[2026-08-21 21:29:01.920] [INFO] [ExcelBatchGenerator.RuleGenerator] 合并区域: 行3 列23 跨1行 1列
[2026-08-21 21:29:01.920] [INFO] [ExcelBatchGenerator.RuleGenerator] 合并区域: 行3 列24 跨1行 1列
[2026-08-21 21:29:01.920] [INFO] [ExcelBatchGenerator.RuleGenerator] 合并区域: 行3 列25 跨1行 1列
[2026-08-21 21:29:01.920] [INFO] [ExcelBatchGenerator.RuleGenerator] 合并区域: 行3 列26 跨1行 1列
[2026-08-21 21:29:01.920] [INFO] [ExcelBatchGenerator.RuleGenerator] 合并区域: 行3 列27 跨1行 1列
[2026-08-21 21:29:01.920] [INFO] [ExcelBatchGenerator.RuleGenerator] 合并区域: 行3 列28 跨1行 1列
[2026-08-21 21:29:01.921] [INFO] [ExcelBatchGenerator.RuleGenerator] 合并区域: 行3 列29 跨1行 1列
[2026-08-21 21:29:01.921] [INFO] [ExcelBatchGenerator.RuleGenerator] 合并区域: 行3 列30 跨1行 1列
[2026-08-21 21:29:01.921] [INFO] [ExcelBatchGenerator.RuleGenerator] 合并区域: 行4 列1 跨2行 1列
[2026-08-21 21:29:01.921] [INFO] [ExcelBatchGenerator.RuleGenerator] 合并区域: 行4 列2 跨2行 1列
[2026-08-21 21:29:01.921] [INFO] [ExcelBatchGenerator.RuleGenerator] 合并区域: 行4 列3 跨2行 1列
[2026-08-21 21:29:01.921] [INFO] [ExcelBatchGenerator.RuleGenerator] 合并区域: 行4 列4 跨2行 1列
[2026-08-21 21:29:01.921] [INFO] [ExcelBatchGenerator.RuleGenerator] 合并区域: 行4 列5 跨1行 1列
[2026-08-21 21:29:01.921] [INFO] [ExcelBatchGenerator.RuleGenerator] 合并区域: 行4 列6 跨1行 1列
[2026-08-21 21:29:01.921] [INFO] [ExcelBatchGenerator.RuleGenerator] 合并区域: 行4 列7 跨1行 1列
[2026-08-21 21:29:01.922] [INFO] [ExcelBatchGenerator.RuleGenerator] 合并区域: 行4 列8 跨1行 1列
[2026-08-21 21:29:01.922] [INFO] [ExcelBatchGenerator.RuleGenerator] 合并区域: 行4 列9 跨1行 1列
[2026-08-21 21:29:01.922] [INFO] [ExcelBatchGenerator.RuleGenerator] 合并区域: 行4 列10 跨1行 1列
[2026-08-21 21:29:01.922] [INFO] [ExcelBatchGenerator.RuleGenerator] 合并区域: 行4 列11 跨1行 1列
[2026-08-21 21:29:01.922] [INFO] [ExcelBatchGenerator.RuleGenerator] 合并区域: 行4 列12 跨2行 1列
[2026-08-21 21:29:01.922] [INFO] [ExcelBatchGenerator.RuleGenerator] 合并区域: 行4 列13 跨2行 1列
[2026-08-21 21:29:01.922] [INFO] [ExcelBatchGenerator.RuleGenerator] 合并区域: 行4 列14 跨2行 4列
[2026-08-21 21:29:01.922] [INFO] [ExcelBatchGenerator.RuleGenerator] 合并区域: 行4 列18 跨1行 1列
[2026-08-21 21:29:01.922] [INFO] [ExcelBatchGenerator.RuleGenerator] 合并区域: 行4 列19 跨1行 1列
[2026-08-21 21:29:01.922] [INFO] [ExcelBatchGenerator.RuleGenerator] 合并区域: 行4 列20 跨1行 1列
[2026-08-21 21:29:01.922] [INFO] [ExcelBatchGenerator.RuleGenerator] 合并区域: 行4 列21 跨1行 1列
[2026-08-21 21:29:01.923] [INFO] [ExcelBatchGenerator.RuleGenerator] 合并区域: 行4 列22 跨1行 1列
[2026-08-21 21:29:01.923] [INFO] [ExcelBatchGenerator.RuleGenerator] 合并区域: 行4 列23 跨1行 1列
[2026-08-21 21:29:01.923] [INFO] [ExcelBatchGenerator.RuleGenerator] 合并区域: 行4 列24 跨1行 1列
[2026-08-21 21:29:01.923] [INFO] [ExcelBatchGenerator.RuleGenerator] 合并区域: 行4 列25 跨1行 1列
[2026-08-21 21:29:01.923] [INFO] [ExcelBatchGenerator.RuleGenerator] 合并区域: 行4 列26 跨1行 1列
[2026-08-21 21:29:01.923] [INFO] [ExcelBatchGenerator.RuleGenerator] 合并区域: 行4 列27 跨1行 1列
[2026-08-21 21:29:01.923] [INFO] [ExcelBatchGenerator.RuleGenerator] 合并区域: 行4 列28 跨1行 1列
[2026-08-21 21:29:01.923] [INFO] [ExcelBatchGenerator.RuleGenerator] 合并区域: 行4 列29 跨1行 1列
[2026-08-21 21:29:01.923] [INFO] [ExcelBatchGenerator.RuleGenerator] 合并区域: 行4 列30 跨1行 1列
[2026-08-21 21:29:01.923] [INFO] [ExcelBatchGenerator.RuleGenerator] 合并区域: 行5 列5 跨1行 1列
[2026-08-21 21:29:01.923] [INFO] [ExcelBatchGenerator.RuleGenerator] 合并区域: 行5 列6 跨1行 1列
[2026-08-21 21:29:01.923] [INFO] [ExcelBatchGenerator.RuleGenerator] 合并区域: 行5 列7 跨1行 1列
[2026-08-21 21:29:01.923] [INFO] [ExcelBatchGenerator.RuleGenerator] 合并区域: 行5 列8 跨1行 1列
[2026-08-21 21:29:01.923] [INFO] [ExcelBatchGenerator.RuleGenerator] 合并区域: 行5 列9 跨1行 1列
[2026-08-21 21:29:01.923] [INFO] [ExcelBatchGenerator.RuleGenerator] 合并区域: 行5 列10 跨1行 1列
[2026-08-21 21:29:01.923] [INFO] [ExcelBatchGenerator.RuleGenerator] 合并区域: 行5 列11 跨1行 1列
[2026-08-21 21:29:01.923] [INFO] [ExcelBatchGenerator.RuleGenerator] 合并区域: 行5 列18 跨1行 1列
[2026-08-21 21:29:01.923] [INFO] [ExcelBatchGenerator.RuleGenerator] 合并区域: 行5 列19 跨1行 1列
[2026-08-21 21:29:01.923] [INFO] [ExcelBatchGenerator.RuleGenerator] 合并区域: 行5 列20 跨1行 1列
[2026-08-21 21:29:01.924] [INFO] [ExcelBatchGenerator.RuleGenerator] 合并区域: 行5 列21 跨1行 1列
[2026-08-21 21:29:01.924] [INFO] [ExcelBatchGenerator.RuleGenerator] 合并区域: 行5 列22 跨1行 1列
[2026-08-21 21:29:01.924] [INFO] [ExcelBatchGenerator.RuleGenerator] 合并区域: 行5 列23 跨1行 1列
[2026-08-21 21:29:01.924] [INFO] [ExcelBatchGenerator.RuleGenerator] 合并区域: 行5 列24 跨1行 1列
[2026-08-21 21:29:01.924] [INFO] [ExcelBatchGenerator.RuleGenerator] 合并区域: 行5 列25 跨1行 1列
[2026-08-21 21:29:01.924] [INFO] [ExcelBatchGenerator.RuleGenerator] 合并区域: 行5 列26 跨1行 1列
[2026-08-21 21:29:01.924] [INFO] [ExcelBatchGenerator.RuleGenerator] 合并区域: 行5 列27 跨1行 1列
[2026-08-21 21:29:01.924] [INFO] [ExcelBatchGenerator.RuleGenerator] 合并区域: 行5 列28 跨1行 1列
[2026-08-21 21:29:01.924] [INFO] [ExcelBatchGenerator.RuleGenerator] 合并区域: 行5 列29 跨1行 1列
[2026-08-21 21:29:01.924] [INFO] [ExcelBatchGenerator.RuleGenerator] 合并区域: 行5 列30 跨1行 1列
[2026-08-21 21:29:01.924] [INFO] [ExcelBatchGenerator.RuleGenerator] 合并区域: 行6 列1 跨1行 1列
[2026-08-21 21:29:01.924] [INFO] [ExcelBatchGenerator.RuleGenerator] 合并区域: 行6 列2 跨1行 1列
[2026-08-21 21:29:01.924] [INFO] [ExcelBatchGenerator.RuleGenerator] 合并区域: 行6 列3 跨1行 1列
[2026-08-21 21:29:01.924] [INFO] [ExcelBatchGenerator.RuleGenerator] 合并区域: 行6 列4 跨1行 1列
[2026-08-21 21:29:01.924] [INFO] [ExcelBatchGenerator.RuleGenerator] 合并区域: 行6 列5 跨1行 1列
[2026-08-21 21:29:01.924] [INFO] [ExcelBatchGenerator.RuleGenerator] 合并区域: 行6 列6 跨1行 1列
[2026-08-21 21:29:01.924] [INFO] [ExcelBatchGenerator.RuleGenerator] 合并区域: 行6 列7 跨1行 1列
[2026-08-21 21:29:01.924] [INFO] [ExcelBatchGenerator.RuleGenerator] 合并区域: 行6 列8 跨1行 1列
[2026-08-21 21:29:01.924] [INFO] [ExcelBatchGenerator.RuleGenerator] 合并区域: 行6 列9 跨1行 1列
[2026-08-21 21:29:01.924] [INFO] [ExcelBatchGenerator.RuleGenerator] 合并区域: 行6 列10 跨1行 1列
[2026-08-21 21:29:01.924] [INFO] [ExcelBatchGenerator.RuleGenerator] 合并区域: 行6 列11 跨1行 1列
[2026-08-21 21:29:01.924] [INFO] [ExcelBatchGenerator.RuleGenerator] 合并区域: 行6 列12 跨1行 1列
[2026-08-21 21:29:01.925] [INFO] [ExcelBatchGenerator.RuleGenerator] 合并区域: 行6 列13 跨1行 1列
[2026-08-21 21:29:01.925] [INFO] [ExcelBatchGenerator.RuleGenerator] 合并区域: 行6 列14 跨1行 4列
[2026-08-21 21:29:01.925] [INFO] [ExcelBatchGenerator.RuleGenerator] 合并区域: 行6 列18 跨1行 1列
[2026-08-21 21:29:01.925] [INFO] [ExcelBatchGenerator.RuleGenerator] 合并区域: 行6 列19 跨1行 1列
[2026-08-21 21:29:01.925] [INFO] [ExcelBatchGenerator.RuleGenerator] 合并区域: 行6 列20 跨1行 1列
[2026-08-21 21:29:01.925] [INFO] [ExcelBatchGenerator.RuleGenerator] 合并区域: 行6 列21 跨1行 1列
[2026-08-21 21:29:01.925] [INFO] [ExcelBatchGenerator.RuleGenerator] 合并区域: 行6 列22 跨1行 1列
[2026-08-21 21:29:01.925] [INFO] [ExcelBatchGenerator.RuleGenerator] 合并区域: 行6 列23 跨1行 1列
[2026-08-21 21:29:01.925] [INFO] [ExcelBatchGenerator.RuleGenerator] 合并区域: 行6 列24 跨1行 1列
[2026-08-21 21:29:01.925] [INFO] [ExcelBatchGenerator.RuleGenerator] 合并区域: 行6 列25 跨1行 1列
[2026-08-21 21:29:01.925] [INFO] [ExcelBatchGenerator.RuleGenerator] 合并区域: 行6 列26 跨1行 1列
[2026-08-21 21:29:01.925] [INFO] [ExcelBatchGenerator.RuleGenerator] 合并区域: 行6 列27 跨1行 1列
[2026-08-21 21:29:01.925] [INFO] [ExcelBatchGenerator.RuleGenerator] 合并区域: 行6 列28 跨1行 1列
[2026-08-21 21:29:01.925] [INFO] [ExcelBatchGenerator.RuleGenerator] 合并区域: 行6 列29 跨1行 1列
[2026-08-21 21:29:01.925] [INFO] [ExcelBatchGenerator.RuleGenerator] 合并区域: 行6 列30 跨1行 1列
[2026-08-21 21:29:01.925] [INFO] [ExcelBatchGenerator.RuleGenerator] 合并区域: 行7 列1 跨1行 1列
[2026-08-21 21:29:01.925] [INFO] [ExcelBatchGenerator.RuleGenerator] 合并区域: 行7 列2 跨1行 1列
[2026-08-21 21:29:01.925] [INFO] [ExcelBatchGenerator.RuleGenerator] 合并区域: 行7 列3 跨1行 1列
[2026-08-21 21:29:01.925] [INFO] [ExcelBatchGenerator.RuleGenerator] 合并区域: 行7 列4 跨1行 1列
[2026-08-21 21:29:01.926] [INFO] [ExcelBatchGenerator.RuleGenerator] 合并区域: 行7 列5 跨1行 1列
[2026-08-21 21:29:01.926] [INFO] [ExcelBatchGenerator.RuleGenerator] 合并区域: 行7 列6 跨1行 1列
[2026-08-21 21:29:01.926] [INFO] [ExcelBatchGenerator.RuleGenerator] 合并区域: 行7 列7 跨1行 1列
[2026-08-21 21:29:01.926] [INFO] [ExcelBatchGenerator.RuleGenerator] 合并区域: 行7 列8 跨1行 1列
[2026-08-21 21:29:01.926] [INFO] [ExcelBatchGenerator.RuleGenerator] 合并区域: 行7 列9 跨1行 1列
[2026-08-21 21:29:01.926] [INFO] [ExcelBatchGenerator.RuleGenerator] 合并区域: 行7 列10 跨1行 1列
[2026-08-21 21:29:01.926] [INFO] [ExcelBatchGenerator.RuleGenerator] 合并区域: 行7 列11 跨1行 1列
[2026-08-21 21:29:01.926] [INFO] [ExcelBatchGenerator.RuleGenerator] 合并区域: 行7 列12 跨1行 1列
[2026-08-21 21:29:01.926] [INFO] [ExcelBatchGenerator.RuleGenerator] 合并区域: 行7 列13 跨1行 1列
[2026-08-21 21:29:01.926] [INFO] [ExcelBatchGenerator.RuleGenerator] 合并区域: 行7 列14 跨1行 4列
[2026-08-21 21:29:01.926] [INFO] [ExcelBatchGenerator.RuleGenerator] 合并区域: 行7 列18 跨1行 1列
[2026-08-21 21:29:01.926] [INFO] [ExcelBatchGenerator.RuleGenerator] 合并区域: 行7 列19 跨1行 1列
[2026-08-21 21:29:01.926] [INFO] [ExcelBatchGenerator.RuleGenerator] 合并区域: 行7 列20 跨1行 1列
[2026-08-21 21:29:01.926] [INFO] [ExcelBatchGenerator.RuleGenerator] 合并区域: 行7 列21 跨1行 1列
[2026-08-21 21:29:01.926] [INFO] [ExcelBatchGenerator.RuleGenerator] 合并区域: 行7 列22 跨1行 1列
[2026-08-21 21:29:01.926] [INFO] [ExcelBatchGenerator.RuleGenerator] 合并区域: 行7 列23 跨1行 1列
[2026-08-21 21:29:01.926] [INFO] [ExcelBatchGenerator.RuleGenerator] 合并区域: 行7 列24 跨1行 1列
[2026-08-21 21:29:01.926] [INFO] [ExcelBatchGenerator.RuleGenerator] 合并区域: 行7 列25 跨1行 1列
[2026-08-21 21:29:01.926] [INFO] [ExcelBatchGenerator.RuleGenerator] 合并区域: 行7 列26 跨1行 1列
[2026-08-21 21:29:01.927] [INFO] [ExcelBatchGenerator.RuleGenerator] 合并区域: 行7 列27 跨1行 1列
[2026-08-21 21:29:01.927] [INFO] [ExcelBatchGenerator.RuleGenerator] 合并区域: 行7 列28 跨1行 1列
[2026-08-21 21:29:01.927] [INFO] [ExcelBatchGenerator.RuleGenerator] 合并区域: 行7 列29 跨1行 1列
[2026-08-21 21:29:01.927] [INFO] [ExcelBatchGenerator.RuleGenerator] 合并区域: 行7 列30 跨1行 1列
[2026-08-21 21:29:01.927] [INFO] [ExcelBatchGenerator.RuleGenerator] 合并区域: 行8 列1 跨1行 1列
[2026-08-21 21:29:01.927] [INFO] [ExcelBatchGenerator.RuleGenerator] 合并区域: 行8 列2 跨1行 1列
[2026-08-21 21:29:01.927] [INFO] [ExcelBatchGenerator.RuleGenerator] 合并区域: 行8 列3 跨1行 1列
[2026-08-21 21:29:01.927] [INFO] [ExcelBatchGenerator.RuleGenerator] 合并区域: 行8 列4 跨1行 1列
[2026-08-21 21:29:01.927] [INFO] [ExcelBatchGenerator.RuleGenerator] 合并区域: 行8 列5 跨1行 1列
[2026-08-21 21:29:01.927] [INFO] [ExcelBatchGenerator.RuleGenerator] 合并区域: 行8 列6 跨1行 1列
[2026-08-21 21:29:01.927] [INFO] [ExcelBatchGenerator.RuleGenerator] 合并区域: 行8 列7 跨1行 1列
[2026-08-21 21:29:01.927] [INFO] [ExcelBatchGenerator.RuleGenerator] 合并区域: 行8 列8 跨1行 1列
[2026-08-21 21:29:01.927] [INFO] [ExcelBatchGenerator.RuleGenerator] 合并区域: 行8 列9 跨1行 1列
[2026-08-21 21:29:01.928] [INFO] [ExcelBatchGenerator.RuleGenerator] 合并区域: 行8 列10 跨1行 1列
[2026-08-21 21:29:01.928] [INFO] [ExcelBatchGenerator.RuleGenerator] 合并区域: 行8 列11 跨1行 1列
[2026-08-21 21:29:01.928] [INFO] [ExcelBatchGenerator.RuleGenerator] 合并区域: 行8 列12 跨1行 1列
[2026-08-21 21:29:01.928] [INFO] [ExcelBatchGenerator.RuleGenerator] 合并区域: 行8 列13 跨1行 1列
[2026-08-21 21:29:01.928] [INFO] [ExcelBatchGenerator.RuleGenerator] 合并区域: 行8 列14 跨1行 4列
[2026-08-21 21:29:01.928] [INFO] [ExcelBatchGenerator.RuleGenerator] 合并区域: 行8 列18 跨1行 1列
[2026-08-21 21:29:01.928] [INFO] [ExcelBatchGenerator.RuleGenerator] 合并区域: 行8 列19 跨1行 1列
[2026-08-21 21:29:01.929] [INFO] [ExcelBatchGenerator.RuleGenerator] 合并区域: 行8 列20 跨1行 1列
[2026-08-21 21:29:01.929] [INFO] [ExcelBatchGenerator.RuleGenerator] 合并区域: 行8 列21 跨1行 1列
[2026-08-21 21:29:01.929] [INFO] [ExcelBatchGenerator.RuleGenerator] 合并区域: 行8 列22 跨1行 1列
[2026-08-21 21:29:01.929] [INFO] [ExcelBatchGenerator.RuleGenerator] 合并区域: 行8 列23 跨1行 1列
[2026-08-21 21:29:01.929] [INFO] [ExcelBatchGenerator.RuleGenerator] 合并区域: 行8 列24 跨1行 1列
[2026-08-21 21:29:01.929] [INFO] [ExcelBatchGenerator.RuleGenerator] 合并区域: 行8 列25 跨1行 1列
[2026-08-21 21:29:01.929] [INFO] [ExcelBatchGenerator.RuleGenerator] 合并区域: 行8 列26 跨1行 1列
[2026-08-21 21:29:01.929] [INFO] [ExcelBatchGenerator.RuleGenerator] 合并区域: 行8 列27 跨1行 1列
[2026-08-21 21:29:01.929] [INFO] [ExcelBatchGenerator.RuleGenerator] 合并区域: 行8 列28 跨1行 1列
[2026-08-21 21:29:01.929] [INFO] [ExcelBatchGenerator.RuleGenerator] 合并区域: 行8 列29 跨1行 1列
[2026-08-21 21:29:01.929] [INFO] [ExcelBatchGenerator.RuleGenerator] 合并区域: 行8 列30 跨1行 1列
[2026-08-21 21:29:01.929] [INFO] [ExcelBatchGenerator.RuleGenerator] 合并区域: 行9 列1 跨1行 1列
[2026-08-21 21:29:01.929] [INFO] [ExcelBatchGenerator.RuleGenerator] 合并区域: 行9 列2 跨1行 1列
[2026-08-21 21:29:01.929] [INFO] [ExcelBatchGenerator.RuleGenerator] 合并区域: 行9 列3 跨1行 1列
[2026-08-21 21:29:01.929] [INFO] [ExcelBatchGenerator.RuleGenerator] 合并区域: 行9 列4 跨1行 1列
[2026-08-21 21:29:01.929] [INFO] [ExcelBatchGenerator.RuleGenerator] 合并区域: 行9 列5 跨1行 1列
[2026-08-21 21:29:01.929] [INFO] [ExcelBatchGenerator.RuleGenerator] 合并区域: 行9 列6 跨1行 1列
[2026-08-21 21:29:01.929] [INFO] [ExcelBatchGenerator.RuleGenerator] 合并区域: 行9 列7 跨1行 1列
[2026-08-21 21:29:01.930] [INFO] [ExcelBatchGenerator.RuleGenerator] 合并区域: 行9 列8 跨1行 1列
[2026-08-21 21:29:01.930] [INFO] [ExcelBatchGenerator.RuleGenerator] 合并区域: 行9 列9 跨1行 1列
[2026-08-21 21:29:01.930] [INFO] [ExcelBatchGenerator.RuleGenerator] 合并区域: 行9 列10 跨1行 1列
[2026-08-21 21:29:01.930] [INFO] [ExcelBatchGenerator.RuleGenerator] 合并区域: 行9 列11 跨1行 1列
[2026-08-21 21:29:01.930] [INFO] [ExcelBatchGenerator.RuleGenerator] 合并区域: 行9 列12 跨1行 1列
[2026-08-21 21:29:01.930] [INFO] [ExcelBatchGenerator.RuleGenerator] 合并区域: 行9 列13 跨1行 1列
[2026-08-21 21:29:01.930] [INFO] [ExcelBatchGenerator.RuleGenerator] 合并区域: 行9 列14 跨1行 4列
[2026-08-21 21:29:01.930] [INFO] [ExcelBatchGenerator.RuleGenerator] 合并区域: 行9 列18 跨1行 1列
[2026-08-21 21:29:01.930] [INFO] [ExcelBatchGenerator.RuleGenerator] 合并区域: 行9 列19 跨1行 1列
[2026-08-21 21:29:01.930] [INFO] [ExcelBatchGenerator.RuleGenerator] 合并区域: 行9 列20 跨1行 1列
[2026-08-21 21:29:01.930] [INFO] [ExcelBatchGenerator.RuleGenerator] 合并区域: 行9 列21 跨1行 1列
[2026-08-21 21:29:01.930] [INFO] [ExcelBatchGenerator.RuleGenerator] 合并区域: 行9 列22 跨1行 1列
[2026-08-21 21:29:01.930] [INFO] [ExcelBatchGenerator.RuleGenerator] 合并区域: 行9 列23 跨1行 1列
[2026-08-21 21:29:01.930] [INFO] [ExcelBatchGenerator.RuleGenerator] 合并区域: 行9 列24 跨1行 1列
[2026-08-21 21:29:01.930] [INFO] [ExcelBatchGenerator.RuleGenerator] 合并区域: 行9 列25 跨1行 1列
[2026-08-21 21:29:01.930] [INFO] [ExcelBatchGenerator.RuleGenerator] 合并区域: 行9 列26 跨1行 1列
[2026-08-21 21:29:01.930] [INFO] [ExcelBatchGenerator.RuleGenerator] 合并区域: 行9 列27 跨1行 1列
[2026-08-21 21:29:01.930] [INFO] [ExcelBatchGenerator.RuleGenerator] 合并区域: 行9 列28 跨1行 1列
[2026-08-21 21:29:01.930] [INFO] [ExcelBatchGenerator.RuleGenerator] 合并区域: 行9 列29 跨1行 1列
[2026-08-21 21:29:01.931] [INFO] [ExcelBatchGenerator.RuleGenerator] 合并区域: 行9 列30 跨1行 1列
[2026-08-21 21:29:01.931] [INFO] [ExcelBatchGenerator.RuleGenerator] 合并区域: 行10 列1 跨1行 1列
[2026-08-21 21:29:01.931] [INFO] [ExcelBatchGenerator.RuleGenerator] 合并区域: 行10 列2 跨1行 1列
[2026-08-21 21:29:01.931] [INFO] [ExcelBatchGenerator.RuleGenerator] 合并区域: 行10 列3 跨1行 1列
[2026-08-21 21:29:01.931] [INFO] [ExcelBatchGenerator.RuleGenerator] 合并区域: 行10 列4 跨1行 1列
[2026-08-21 21:29:01.931] [INFO] [ExcelBatchGenerator.RuleGenerator] 合并区域: 行10 列5 跨1行 1列
[2026-08-21 21:29:01.931] [INFO] [ExcelBatchGenerator.RuleGenerator] 合并区域: 行10 列6 跨1行 1列
[2026-08-21 21:29:01.931] [INFO] [ExcelBatchGenerator.RuleGenerator] 合并区域: 行10 列7 跨1行 1列
[2026-08-21 21:29:01.931] [INFO] [ExcelBatchGenerator.RuleGenerator] 合并区域: 行10 列8 跨1行 1列
[2026-08-21 21:29:01.931] [INFO] [ExcelBatchGenerator.RuleGenerator] 合并区域: 行10 列9 跨1行 1列
[2026-08-21 21:29:01.931] [INFO] [ExcelBatchGenerator.RuleGenerator] 合并区域: 行10 列10 跨1行 1列
[2026-08-21 21:29:01.931] [INFO] [ExcelBatchGenerator.RuleGenerator] 合并区域: 行10 列11 跨1行 1列
[2026-08-21 21:29:01.931] [INFO] [ExcelBatchGenerator.RuleGenerator] 合并区域: 行10 列12 跨1行 1列
[2026-08-21 21:29:01.931] [INFO] [ExcelBatchGenerator.RuleGenerator] 合并区域: 行10 列13 跨1行 1列
[2026-08-21 21:29:01.931] [INFO] [ExcelBatchGenerator.RuleGenerator] 合并区域: 行10 列14 跨1行 4列
[2026-08-21 21:29:01.931] [INFO] [ExcelBatchGenerator.RuleGenerator] 合并区域: 行10 列18 跨1行 1列
[2026-08-21 21:29:01.932] [INFO] [ExcelBatchGenerator.RuleGenerator] 合并区域: 行10 列19 跨1行 1列
[2026-08-21 21:29:01.932] [INFO] [ExcelBatchGenerator.RuleGenerator] 合并区域: 行10 列20 跨1行 1列
[2026-08-21 21:29:01.932] [INFO] [ExcelBatchGenerator.RuleGenerator] 合并区域: 行10 列21 跨1行 1列
[2026-08-21 21:29:01.932] [INFO] [ExcelBatchGenerator.RuleGenerator] 合并区域: 行10 列22 跨1行 1列
[2026-08-21 21:29:01.932] [INFO] [ExcelBatchGenerator.RuleGenerator] 合并区域: 行10 列23 跨1行 1列
[2026-08-21 21:29:01.932] [INFO] [ExcelBatchGenerator.RuleGenerator] 合并区域: 行10 列24 跨1行 1列
[2026-08-21 21:29:01.932] [INFO] [ExcelBatchGenerator.RuleGenerator] 合并区域: 行10 列25 跨1行 1列
[2026-08-21 21:29:01.932] [INFO] [ExcelBatchGenerator.RuleGenerator] 合并区域: 行10 列26 跨1行 1列
[2026-08-21 21:29:01.932] [INFO] [ExcelBatchGenerator.RuleGenerator] 合并区域: 行10 列27 跨1行 1列
[2026-08-21 21:29:01.932] [INFO] [ExcelBatchGenerator.RuleGenerator] 合并区域: 行10 列28 跨1行 1列
[2026-08-21 21:29:01.932] [INFO] [ExcelBatchGenerator.RuleGenerator] 合并区域: 行10 列29 跨1行 1列
[2026-08-21 21:29:01.932] [INFO] [ExcelBatchGenerator.RuleGenerator] 合并区域: 行10 列30 跨1行 1列
[2026-08-21 21:29:01.932] [INFO] [ExcelBatchGenerator.RuleGenerator] 合并区域: 行11 列1 跨1行 1列
[2026-08-21 21:29:01.933] [INFO] [ExcelBatchGenerator.RuleGenerator] 合并区域: 行11 列2 跨1行 1列
[2026-08-21 21:29:01.933] [INFO] [ExcelBatchGenerator.RuleGenerator] 合并区域: 行11 列3 跨1行 1列
[2026-08-21 21:29:01.933] [INFO] [ExcelBatchGenerator.RuleGenerator] 合并区域: 行11 列4 跨1行 1列
[2026-08-21 21:29:01.933] [INFO] [ExcelBatchGenerator.RuleGenerator] 合并区域: 行11 列5 跨1行 1列
[2026-08-21 21:29:01.933] [INFO] [ExcelBatchGenerator.RuleGenerator] 合并区域: 行11 列6 跨1行 1列
[2026-08-21 21:29:01.933] [INFO] [ExcelBatchGenerator.RuleGenerator] 合并区域: 行11 列7 跨1行 1列
[2026-08-21 21:29:01.933] [INFO] [ExcelBatchGenerator.RuleGenerator] 合并区域: 行11 列8 跨1行 1列
[2026-08-21 21:29:01.933] [INFO] [ExcelBatchGenerator.RuleGenerator] 合并区域: 行11 列9 跨1行 1列
[2026-08-21 21:29:01.933] [INFO] [ExcelBatchGenerator.RuleGenerator] 合并区域: 行11 列10 跨1行 1列
[2026-08-21 21:29:01.933] [INFO] [ExcelBatchGenerator.RuleGenerator] 合并区域: 行11 列11 跨1行 1列
[2026-08-21 21:29:01.933] [INFO] [ExcelBatchGenerator.RuleGenerator] 合并区域: 行11 列12 跨1行 1列
[2026-08-21 21:29:01.933] [INFO] [ExcelBatchGenerator.RuleGenerator] 合并区域: 行11 列13 跨1行 1列
[2026-08-21 21:29:01.933] [INFO] [ExcelBatchGenerator.RuleGenerator] 合并区域: 行11 列14 跨1行 4列
[2026-08-21 21:29:01.933] [INFO] [ExcelBatchGenerator.RuleGenerator] 合并区域: 行11 列18 跨1行 1列
[2026-08-21 21:29:01.933] [INFO] [ExcelBatchGenerator.RuleGenerator] 合并区域: 行11 列19 跨1行 1列
[2026-08-21 21:29:01.933] [INFO] [ExcelBatchGenerator.RuleGenerator] 合并区域: 行11 列20 跨1行 1列
[2026-08-21 21:29:01.933] [INFO] [ExcelBatchGenerator.RuleGenerator] 合并区域: 行11 列21 跨1行 1列
[2026-08-21 21:29:01.934] [INFO] [ExcelBatchGenerator.RuleGenerator] 合并区域: 行11 列22 跨1行 1列
[2026-08-21 21:29:01.934] [INFO] [ExcelBatchGenerator.RuleGenerator] 合并区域: 行11 列23 跨1行 1列
[2026-08-21 21:29:01.934] [INFO] [ExcelBatchGenerator.RuleGenerator] 合并区域: 行11 列24 跨1行 1列
[2026-08-21 21:29:01.934] [INFO] [ExcelBatchGenerator.RuleGenerator] 合并区域: 行11 列25 跨1行 1列
[2026-08-21 21:29:01.934] [INFO] [ExcelBatchGenerator.RuleGenerator] 合并区域: 行11 列26 跨1行 1列
[2026-08-21 21:29:01.934] [INFO] [ExcelBatchGenerator.RuleGenerator] 合并区域: 行11 列27 跨1行 1列
[2026-08-21 21:29:01.934] [INFO] [ExcelBatchGenerator.RuleGenerator] 合并区域: 行11 列28 跨1行 1列
[2026-08-21 21:29:01.934] [INFO] [ExcelBatchGenerator.RuleGenerator] 合并区域: 行11 列29 跨1行 1列
[2026-08-21 21:29:01.934] [INFO] [ExcelBatchGenerator.RuleGenerator] 合并区域: 行11 列30 跨1行 1列
[2026-08-21 21:29:01.934] [INFO] [ExcelBatchGenerator.RuleGenerator] 合并区域: 行12 列1 跨1行 1列
[2026-08-21 21:29:01.934] [INFO] [ExcelBatchGenerator.RuleGenerator] 合并区域: 行12 列2 跨1行 1列
[2026-08-21 21:29:01.934] [INFO] [ExcelBatchGenerator.RuleGenerator] 合并区域: 行12 列3 跨1行 1列
[2026-08-21 21:29:01.934] [INFO] [ExcelBatchGenerator.RuleGenerator] 合并区域: 行12 列4 跨1行 1列
[2026-08-21 21:29:01.934] [INFO] [ExcelBatchGenerator.RuleGenerator] 合并区域: 行12 列5 跨1行 1列
[2026-08-21 21:29:01.934] [INFO] [ExcelBatchGenerator.RuleGenerator] 合并区域: 行12 列6 跨1行 1列
[2026-08-21 21:29:01.934] [INFO] [ExcelBatchGenerator.RuleGenerator] 合并区域: 行12 列7 跨1行 1列
[2026-08-21 21:29:01.934] [INFO] [ExcelBatchGenerator.RuleGenerator] 合并区域: 行12 列8 跨1行 1列
[2026-08-21 21:29:01.934] [INFO] [ExcelBatchGenerator.RuleGenerator] 合并区域: 行12 列9 跨1行 1列
[2026-08-21 21:29:01.934] [INFO] [ExcelBatchGenerator.RuleGenerator] 合并区域: 行12 列10 跨1行 1列
[2026-08-21 21:29:01.934] [INFO] [ExcelBatchGenerator.RuleGenerator] 合并区域: 行12 列11 跨1行 1列
[2026-08-21 21:29:01.935] [INFO] [ExcelBatchGenerator.RuleGenerator] 合并区域: 行12 列12 跨1行 1列
[2026-08-21 21:29:01.935] [INFO] [ExcelBatchGenerator.RuleGenerator] 合并区域: 行12 列13 跨1行 1列
[2026-08-21 21:29:01.935] [INFO] [ExcelBatchGenerator.RuleGenerator] 合并区域: 行12 列14 跨1行 4列
[2026-08-21 21:29:01.935] [INFO] [ExcelBatchGenerator.RuleGenerator] 合并区域: 行12 列18 跨1行 1列
[2026-08-21 21:29:01.935] [INFO] [ExcelBatchGenerator.RuleGenerator] 合并区域: 行12 列19 跨1行 1列
[2026-08-21 21:29:01.935] [INFO] [ExcelBatchGenerator.RuleGenerator] 合并区域: 行12 列20 跨1行 1列
[2026-08-21 21:29:01.935] [INFO] [ExcelBatchGenerator.RuleGenerator] 合并区域: 行12 列21 跨1行 1列
[2026-08-21 21:29:01.935] [INFO] [ExcelBatchGenerator.RuleGenerator] 合并区域: 行12 列22 跨1行 1列
[2026-08-21 21:29:01.935] [INFO] [ExcelBatchGenerator.RuleGenerator] 合并区域: 行12 列23 跨1行 1列
[2026-08-21 21:29:01.935] [INFO] [ExcelBatchGenerator.RuleGenerator] 合并区域: 行12 列24 跨1行 1列
[2026-08-21 21:29:01.935] [INFO] [ExcelBatchGenerator.RuleGenerator] 合并区域: 行12 列25 跨1行 1列
[2026-08-21 21:29:01.935] [INFO] [ExcelBatchGenerator.RuleGenerator] 合并区域: 行12 列26 跨1行 1列
[2026-08-21 21:29:01.935] [INFO] [ExcelBatchGenerator.RuleGenerator] 合并区域: 行12 列27 跨1行 1列
[2026-08-21 21:29:01.935] [INFO] [ExcelBatchGenerator.RuleGenerator] 合并区域: 行12 列28 跨1行 1列
[2026-08-21 21:29:01.935] [INFO] [ExcelBatchGenerator.RuleGenerator] 合并区域: 行12 列29 跨1行 1列
[2026-08-21 21:29:01.935] [INFO] [ExcelBatchGenerator.RuleGenerator] 合并区域: 行12 列30 跨1行 1列
[2026-08-21 21:29:01.935] [INFO] [ExcelBatchGenerator.RuleGenerator] 合并区域: 行13 列1 跨1行 1列
[2026-08-21 21:29:01.935] [INFO] [ExcelBatchGenerator.RuleGenerator] 合并区域: 行13 列2 跨1行 1列
[2026-08-21 21:29:01.935] [INFO] [ExcelBatchGenerator.RuleGenerator] 合并区域: 行13 列3 跨1行 1列
[2026-08-21 21:29:01.935] [INFO] [ExcelBatchGenerator.RuleGenerator] 合并区域: 行13 列4 跨1行 1列
[2026-08-21 21:29:01.935] [INFO] [ExcelBatchGenerator.RuleGenerator] 合并区域: 行13 列5 跨1行 1列
[2026-08-21 21:29:01.936] [INFO] [ExcelBatchGenerator.RuleGenerator] 合并区域: 行13 列6 跨1行 1列
[2026-08-21 21:29:01.936] [INFO] [ExcelBatchGenerator.RuleGenerator] 合并区域: 行13 列7 跨1行 1列
[2026-08-21 21:29:01.936] [INFO] [ExcelBatchGenerator.RuleGenerator] 合并区域: 行13 列8 跨1行 1列
[2026-08-21 21:29:01.936] [INFO] [ExcelBatchGenerator.RuleGenerator] 合并区域: 行13 列9 跨1行 1列
[2026-08-21 21:29:01.936] [INFO] [ExcelBatchGenerator.RuleGenerator] 合并区域: 行13 列10 跨1行 1列
[2026-08-21 21:29:01.936] [INFO] [ExcelBatchGenerator.RuleGenerator] 合并区域: 行13 列11 跨1行 1列
[2026-08-21 21:29:01.936] [INFO] [ExcelBatchGenerator.RuleGenerator] 合并区域: 行13 列12 跨1行 1列
[2026-08-21 21:29:01.936] [INFO] [ExcelBatchGenerator.RuleGenerator] 合并区域: 行13 列13 跨1行 1列
[2026-08-21 21:29:01.936] [INFO] [ExcelBatchGenerator.RuleGenerator] 合并区域: 行13 列14 跨1行 4列
[2026-08-21 21:29:01.936] [INFO] [ExcelBatchGenerator.RuleGenerator] 合并区域: 行13 列18 跨1行 1列
[2026-08-21 21:29:01.936] [INFO] [ExcelBatchGenerator.RuleGenerator] 合并区域: 行13 列19 跨1行 1列
[2026-08-21 21:29:01.936] [INFO] [ExcelBatchGenerator.RuleGenerator] 合并区域: 行13 列20 跨1行 1列
[2026-08-21 21:29:01.936] [INFO] [ExcelBatchGenerator.RuleGenerator] 合并区域: 行13 列21 跨1行 1列
[2026-08-21 21:29:01.936] [INFO] [ExcelBatchGenerator.RuleGenerator] 合并区域: 行13 列22 跨1行 1列
[2026-08-21 21:29:01.936] [INFO] [ExcelBatchGenerator.RuleGenerator] 合并区域: 行13 列23 跨1行 1列
[2026-08-21 21:29:01.936] [INFO] [ExcelBatchGenerator.RuleGenerator] 合并区域: 行13 列24 跨1行 1列
[2026-08-21 21:29:01.936] [INFO] [ExcelBatchGenerator.RuleGenerator] 合并区域: 行13 列25 跨1行 1列
[2026-08-21 21:29:01.936] [INFO] [ExcelBatchGenerator.RuleGenerator] 合并区域: 行13 列26 跨1行 1列
[2026-08-21 21:29:01.937] [INFO] [ExcelBatchGenerator.RuleGenerator] 合并区域: 行13 列27 跨1行 1列
[2026-08-21 21:29:01.937] [INFO] [ExcelBatchGenerator.RuleGenerator] 合并区域: 行13 列28 跨1行 1列
[2026-08-21 21:29:01.937] [INFO] [ExcelBatchGenerator.RuleGenerator] 合并区域: 行13 列29 跨1行 1列
[2026-08-21 21:29:01.937] [INFO] [ExcelBatchGenerator.RuleGenerator] 合并区域: 行13 列30 跨1行 1列
[2026-08-21 21:29:01.937] [INFO] [ExcelBatchGenerator.RuleGenerator] 合并区域: 行14 列1 跨1行 1列
[2026-08-21 21:29:01.937] [INFO] [ExcelBatchGenerator.RuleGenerator] 合并区域: 行14 列2 跨1行 1列
[2026-08-21 21:29:01.937] [INFO] [ExcelBatchGenerator.RuleGenerator] 合并区域: 行14 列3 跨1行 1列
[2026-08-21 21:29:01.937] [INFO] [ExcelBatchGenerator.RuleGenerator] 合并区域: 行14 列4 跨1行 1列
[2026-08-21 21:29:01.937] [INFO] [ExcelBatchGenerator.RuleGenerator] 合并区域: 行14 列5 跨1行 1列
[2026-08-21 21:29:01.937] [INFO] [ExcelBatchGenerator.RuleGenerator] 合并区域: 行14 列6 跨1行 1列
[2026-08-21 21:29:01.937] [INFO] [ExcelBatchGenerator.RuleGenerator] 合并区域: 行14 列7 跨1行 1列
[2026-08-21 21:29:01.937] [INFO] [ExcelBatchGenerator.RuleGenerator] 合并区域: 行14 列8 跨1行 1列
[2026-08-21 21:29:01.937] [INFO] [ExcelBatchGenerator.RuleGenerator] 合并区域: 行14 列9 跨1行 1列
[2026-08-21 21:29:01.937] [INFO] [ExcelBatchGenerator.RuleGenerator] 合并区域: 行14 列10 跨1行 1列
[2026-08-21 21:29:01.938] [INFO] [ExcelBatchGenerator.RuleGenerator] 合并区域: 行14 列11 跨1行 1列
[2026-08-21 21:29:01.938] [INFO] [ExcelBatchGenerator.RuleGenerator] 合并区域: 行14 列12 跨1行 1列
[2026-08-21 21:29:01.938] [INFO] [ExcelBatchGenerator.RuleGenerator] 合并区域: 行14 列13 跨1行 1列
[2026-08-21 21:29:01.938] [INFO] [ExcelBatchGenerator.RuleGenerator] 合并区域: 行14 列14 跨1行 4列
[2026-08-21 21:29:01.938] [INFO] [ExcelBatchGenerator.RuleGenerator] 合并区域: 行14 列18 跨1行 1列
[2026-08-21 21:29:01.938] [INFO] [ExcelBatchGenerator.RuleGenerator] 合并区域: 行14 列19 跨1行 1列
[2026-08-21 21:29:01.938] [INFO] [ExcelBatchGenerator.RuleGenerator] 合并区域: 行14 列20 跨1行 1列
[2026-08-21 21:29:01.938] [INFO] [ExcelBatchGenerator.RuleGenerator] 合并区域: 行14 列21 跨1行 1列
[2026-08-21 21:29:01.938] [INFO] [ExcelBatchGenerator.RuleGenerator] 合并区域: 行14 列22 跨1行 1列
[2026-08-21 21:29:01.938] [INFO] [ExcelBatchGenerator.RuleGenerator] 合并区域: 行14 列23 跨1行 1列
[2026-08-21 21:29:01.938] [INFO] [ExcelBatchGenerator.RuleGenerator] 合并区域: 行14 列24 跨1行 1列
[2026-08-21 21:29:01.939] [INFO] [ExcelBatchGenerator.RuleGenerator] 合并区域: 行14 列25 跨1行 1列
[2026-08-21 21:29:01.939] [INFO] [ExcelBatchGenerator.RuleGenerator] 合并区域: 行14 列26 跨1行 1列
[2026-08-21 21:29:01.939] [INFO] [ExcelBatchGenerator.RuleGenerator] 合并区域: 行14 列27 跨1行 1列
[2026-08-21 21:29:01.939] [INFO] [ExcelBatchGenerator.RuleGenerator] 合并区域: 行14 列28 跨1行 1列
[2026-08-21 21:29:01.939] [INFO] [ExcelBatchGenerator.RuleGenerator] 合并区域: 行14 列29 跨1行 1列
[2026-08-21 21:29:01.939] [INFO] [ExcelBatchGenerator.RuleGenerator] 合并区域: 行14 列30 跨1行 1列
[2026-08-21 21:29:01.939] [INFO] [ExcelBatchGenerator.RuleGenerator] 合并区域: 行15 列1 跨1行 1列
[2026-08-21 21:29:01.939] [INFO] [ExcelBatchGenerator.RuleGenerator] 合并区域: 行15 列2 跨1行 1列
[2026-08-21 21:29:01.939] [INFO] [ExcelBatchGenerator.RuleGenerator] 合并区域: 行15 列3 跨1行 1列
[2026-08-21 21:29:01.939] [INFO] [ExcelBatchGenerator.RuleGenerator] 合并区域: 行15 列4 跨1行 1列
[2026-08-21 21:29:01.939] [INFO] [ExcelBatchGenerator.RuleGenerator] 合并区域: 行15 列5 跨1行 1列
[2026-08-21 21:29:01.939] [INFO] [ExcelBatchGenerator.RuleGenerator] 合并区域: 行15 列6 跨1行 1列
[2026-08-21 21:29:01.939] [INFO] [ExcelBatchGenerator.RuleGenerator] 合并区域: 行15 列7 跨1行 1列
[2026-08-21 21:29:01.939] [INFO] [ExcelBatchGenerator.RuleGenerator] 合并区域: 行15 列8 跨1行 1列
[2026-08-21 21:29:01.940] [INFO] [ExcelBatchGenerator.RuleGenerator] 合并区域: 行15 列9 跨1行 1列
[2026-08-21 21:29:01.940] [INFO] [ExcelBatchGenerator.RuleGenerator] 合并区域: 行15 列10 跨1行 1列
[2026-08-21 21:29:01.940] [INFO] [ExcelBatchGenerator.RuleGenerator] 合并区域: 行15 列11 跨1行 1列
[2026-08-21 21:29:01.940] [INFO] [ExcelBatchGenerator.RuleGenerator] 合并区域: 行15 列12 跨1行 1列
[2026-08-21 21:29:01.940] [INFO] [ExcelBatchGenerator.RuleGenerator] 合并区域: 行15 列13 跨1行 1列
[2026-08-21 21:29:01.940] [INFO] [ExcelBatchGenerator.RuleGenerator] 合并区域: 行15 列14 跨1行 4列
[2026-08-21 21:29:01.940] [INFO] [ExcelBatchGenerator.RuleGenerator] 合并区域: 行15 列18 跨1行 1列
[2026-08-21 21:29:01.940] [INFO] [ExcelBatchGenerator.RuleGenerator] 合并区域: 行15 列19 跨1行 1列
[2026-08-21 21:29:01.940] [INFO] [ExcelBatchGenerator.RuleGenerator] 合并区域: 行15 列20 跨1行 1列
[2026-08-21 21:29:01.940] [INFO] [ExcelBatchGenerator.RuleGenerator] 合并区域: 行15 列21 跨1行 1列
[2026-08-21 21:29:01.940] [INFO] [ExcelBatchGenerator.RuleGenerator] 合并区域: 行15 列22 跨1行 1列
[2026-08-21 21:29:01.940] [INFO] [ExcelBatchGenerator.RuleGenerator] 合并区域: 行15 列23 跨1行 1列
[2026-08-21 21:29:01.940] [INFO] [ExcelBatchGenerator.RuleGenerator] 合并区域: 行15 列24 跨1行 1列
[2026-08-21 21:29:01.940] [INFO] [ExcelBatchGenerator.RuleGenerator] 合并区域: 行15 列25 跨1行 1列
[2026-08-21 21:29:01.940] [INFO] [ExcelBatchGenerator.RuleGenerator] 合并区域: 行15 列26 跨1行 1列
[2026-08-21 21:29:01.940] [INFO] [ExcelBatchGenerator.RuleGenerator] 合并区域: 行15 列27 跨1行 1列
[2026-08-21 21:29:01.940] [INFO] [ExcelBatchGenerator.RuleGenerator] 合并区域: 行15 列28 跨1行 1列
[2026-08-21 21:29:01.940] [INFO] [ExcelBatchGenerator.RuleGenerator] 合并区域: 行15 列29 跨1行 1列
[2026-08-21 21:29:01.940] [INFO] [ExcelBatchGenerator.RuleGenerator] 合并区域: 行15 列30 跨1行 1列
[2026-08-21 21:29:01.940] [INFO] [ExcelBatchGenerator.RuleGenerator] 合并区域: 行16 列1 跨1行 1列
[2026-08-21 21:29:01.941] [INFO] [ExcelBatchGenerator.RuleGenerator] 合并区域: 行16 列2 跨1行 1列
[2026-08-21 21:29:01.941] [INFO] [ExcelBatchGenerator.RuleGenerator] 合并区域: 行16 列3 跨1行 1列
[2026-08-21 21:29:01.941] [INFO] [ExcelBatchGenerator.RuleGenerator] 合并区域: 行16 列4 跨1行 1列
[2026-08-21 21:29:01.941] [INFO] [ExcelBatchGenerator.RuleGenerator] 合并区域: 行16 列5 跨1行 1列
[2026-08-21 21:29:01.941] [INFO] [ExcelBatchGenerator.RuleGenerator] 合并区域: 行16 列6 跨1行 1列
[2026-08-21 21:29:01.941] [INFO] [ExcelBatchGenerator.RuleGenerator] 合并区域: 行16 列7 跨1行 1列
[2026-08-21 21:29:01.941] [INFO] [ExcelBatchGenerator.RuleGenerator] 合并区域: 行16 列8 跨1行 1列
[2026-08-21 21:29:01.941] [INFO] [ExcelBatchGenerator.RuleGenerator] 合并区域: 行16 列9 跨1行 1列
[2026-08-21 21:29:01.941] [INFO] [ExcelBatchGenerator.RuleGenerator] 合并区域: 行16 列10 跨1行 1列
[2026-08-21 21:29:01.941] [INFO] [ExcelBatchGenerator.RuleGenerator] 合并区域: 行16 列11 跨1行 1列
[2026-08-21 21:29:01.941] [INFO] [ExcelBatchGenerator.RuleGenerator] 合并区域: 行16 列12 跨1行 1列
[2026-08-21 21:29:01.941] [INFO] [ExcelBatchGenerator.RuleGenerator] 合并区域: 行16 列13 跨1行 1列
[2026-08-21 21:29:01.941] [INFO] [ExcelBatchGenerator.RuleGenerator] 合并区域: 行16 列14 跨1行 1列
[2026-08-21 21:29:01.941] [INFO] [ExcelBatchGenerator.RuleGenerator] 合并区域: 行16 列15 跨1行 1列
[2026-08-21 21:29:01.941] [INFO] [ExcelBatchGenerator.RuleGenerator] 合并区域: 行16 列16 跨1行 1列
[2026-08-21 21:29:01.941] [INFO] [ExcelBatchGenerator.RuleGenerator] 合并区域: 行16 列17 跨1行 1列
[2026-08-21 21:29:01.941] [INFO] [ExcelBatchGenerator.RuleGenerator] 合并区域: 行16 列18 跨1行 1列
[2026-08-21 21:29:01.942] [INFO] [ExcelBatchGenerator.RuleGenerator] 合并区域: 行16 列19 跨1行 1列
[2026-08-21 21:29:01.942] [INFO] [ExcelBatchGenerator.RuleGenerator] 合并区域: 行16 列20 跨1行 1列
[2026-08-21 21:29:01.942] [INFO] [ExcelBatchGenerator.RuleGenerator] 合并区域: 行16 列21 跨1行 1列
[2026-08-21 21:29:01.942] [INFO] [ExcelBatchGenerator.RuleGenerator] 合并区域: 行16 列22 跨1行 1列
[2026-08-21 21:29:01.942] [INFO] [ExcelBatchGenerator.RuleGenerator] 合并区域: 行16 列23 跨1行 1列
[2026-08-21 21:29:01.942] [INFO] [ExcelBatchGenerator.RuleGenerator] 合并区域: 行16 列24 跨1行 1列
[2026-08-21 21:29:01.942] [INFO] [ExcelBatchGenerator.RuleGenerator] 合并区域: 行16 列25 跨1行 1列
[2026-08-21 21:29:01.942] [INFO] [ExcelBatchGenerator.RuleGenerator] 合并区域: 行16 列26 跨1行 1列
[2026-08-21 21:29:01.942] [INFO] [ExcelBatchGenerator.RuleGenerator] 合并区域: 行16 列27 跨1行 1列
[2026-08-21 21:29:01.942] [INFO] [ExcelBatchGenerator.RuleGenerator] 合并区域: 行16 列28 跨1行 1列
[2026-08-21 21:29:01.942] [INFO] [ExcelBatchGenerator.RuleGenerator] 合并区域: 行16 列29 跨1行 1列
[2026-08-21 21:29:01.942] [INFO] [ExcelBatchGenerator.RuleGenerator] 合并区域: 行16 列30 跨1行 1列
[2026-08-21 21:29:01.942] [INFO] [ExcelBatchGenerator.RuleGenerator] 合并区域: 行17 列1 跨1行 17列
[2026-08-21 21:29:01.942] [INFO] [ExcelBatchGenerator.RuleGenerator] 合并区域: 行17 列18 跨1行 1列
[2026-08-21 21:29:01.942] [INFO] [ExcelBatchGenerator.RuleGenerator] 合并区域: 行17 列19 跨1行 1列
[2026-08-21 21:29:01.943] [INFO] [ExcelBatchGenerator.RuleGenerator] 合并区域: 行17 列20 跨1行 1列
[2026-08-21 21:29:01.943] [INFO] [ExcelBatchGenerator.RuleGenerator] 合并区域: 行17 列21 跨1行 1列
[2026-08-21 21:29:01.943] [INFO] [ExcelBatchGenerator.RuleGenerator] 合并区域: 行17 列22 跨1行 1列
[2026-08-21 21:29:01.943] [INFO] [ExcelBatchGenerator.RuleGenerator] 合并区域: 行17 列23 跨1行 1列
[2026-08-21 21:29:01.943] [INFO] [ExcelBatchGenerator.RuleGenerator] 合并区域: 行17 列24 跨1行 1列
[2026-08-21 21:29:01.943] [INFO] [ExcelBatchGenerator.RuleGenerator] 合并区域: 行17 列25 跨1行 1列
[2026-08-21 21:29:01.943] [INFO] [ExcelBatchGenerator.RuleGenerator] 合并区域: 行17 列26 跨1行 1列
[2026-08-21 21:29:01.943] [INFO] [ExcelBatchGenerator.RuleGenerator] 合并区域: 行17 列27 跨1行 1列
[2026-08-21 21:29:01.943] [INFO] [ExcelBatchGenerator.RuleGenerator] 合并区域: 行17 列28 跨1行 1列
[2026-08-21 21:29:01.943] [INFO] [ExcelBatchGenerator.RuleGenerator] 合并区域: 行17 列29 跨1行 1列
[2026-08-21 21:29:01.943] [INFO] [ExcelBatchGenerator.RuleGenerator] 合并区域: 行17 列30 跨1行 1列
[2026-08-21 21:29:01.943] [INFO] [ExcelBatchGenerator.RuleGenerator] 合并区域: 行18 列1 跨1行 1列
[2026-08-21 21:29:01.943] [INFO] [ExcelBatchGenerator.RuleGenerator] 合并区域: 行18 列2 跨1行 1列
[2026-08-21 21:29:01.943] [INFO] [ExcelBatchGenerator.RuleGenerator] 合并区域: 行18 列3 跨1行 1列
[2026-08-21 21:29:01.943] [INFO] [ExcelBatchGenerator.RuleGenerator] 合并区域: 行18 列4 跨1行 1列
[2026-08-21 21:29:01.943] [INFO] [ExcelBatchGenerator.RuleGenerator] 合并区域: 行18 列5 跨1行 1列
[2026-08-21 21:29:01.944] [INFO] [ExcelBatchGenerator.RuleGenerator] 合并区域: 行18 列6 跨1行 1列
[2026-08-21 21:29:01.944] [INFO] [ExcelBatchGenerator.RuleGenerator] 合并区域: 行18 列7 跨1行 1列
[2026-08-21 21:29:01.944] [INFO] [ExcelBatchGenerator.RuleGenerator] 合并区域: 行18 列8 跨1行 1列
[2026-08-21 21:29:01.944] [INFO] [ExcelBatchGenerator.RuleGenerator] 合并区域: 行18 列9 跨1行 1列
[2026-08-21 21:29:01.944] [INFO] [ExcelBatchGenerator.RuleGenerator] 合并区域: 行18 列10 跨1行 1列
[2026-08-21 21:29:01.944] [INFO] [ExcelBatchGenerator.RuleGenerator] 合并区域: 行18 列11 跨1行 1列
[2026-08-21 21:29:01.944] [INFO] [ExcelBatchGenerator.RuleGenerator] 合并区域: 行18 列12 跨1行 1列
[2026-08-21 21:29:01.944] [INFO] [ExcelBatchGenerator.RuleGenerator] 合并区域: 行18 列13 跨1行 1列
[2026-08-21 21:29:01.944] [INFO] [ExcelBatchGenerator.RuleGenerator] 合并区域: 行18 列14 跨1行 1列
[2026-08-21 21:29:01.945] [INFO] [ExcelBatchGenerator.RuleGenerator] 合并区域: 行18 列15 跨1行 1列
[2026-08-21 21:29:01.945] [INFO] [ExcelBatchGenerator.RuleGenerator] 合并区域: 行18 列16 跨1行 1列
[2026-08-21 21:29:01.945] [INFO] [ExcelBatchGenerator.RuleGenerator] 合并区域: 行18 列17 跨1行 1列
[2026-08-21 21:29:01.945] [INFO] [ExcelBatchGenerator.RuleGenerator] 合并区域: 行18 列18 跨1行 1列
[2026-08-21 21:29:01.945] [INFO] [ExcelBatchGenerator.RuleGenerator] 合并区域: 行18 列19 跨1行 1列
[2026-08-21 21:29:01.945] [INFO] [ExcelBatchGenerator.RuleGenerator] 合并区域: 行18 列20 跨1行 1列
[2026-08-21 21:29:01.945] [INFO] [ExcelBatchGenerator.RuleGenerator] 合并区域: 行18 列21 跨1行 1列
[2026-08-21 21:29:01.945] [INFO] [ExcelBatchGenerator.RuleGenerator] 合并区域: 行18 列22 跨1行 1列
[2026-08-21 21:29:01.945] [INFO] [ExcelBatchGenerator.RuleGenerator] 合并区域: 行18 列23 跨1行 1列
[2026-08-21 21:29:01.945] [INFO] [ExcelBatchGenerator.RuleGenerator] 合并区域: 行18 列24 跨1行 1列
[2026-08-21 21:29:01.945] [INFO] [ExcelBatchGenerator.RuleGenerator] 合并区域: 行18 列25 跨1行 1列
[2026-08-21 21:29:01.945] [INFO] [ExcelBatchGenerator.RuleGenerator] 合并区域: 行18 列26 跨1行 1列
[2026-08-21 21:29:01.945] [INFO] [ExcelBatchGenerator.RuleGenerator] 合并区域: 行18 列27 跨1行 1列
[2026-08-21 21:29:01.945] [INFO] [ExcelBatchGenerator.RuleGenerator] 合并区域: 行18 列28 跨1行 1列
[2026-08-21 21:29:01.945] [INFO] [ExcelBatchGenerator.RuleGenerator] 合并区域: 行18 列29 跨1行 1列
[2026-08-21 21:29:01.945] [INFO] [ExcelBatchGenerator.RuleGenerator] 合并区域: 行18 列30 跨1行 1列
[2026-08-21 21:29:01.947] [INFO] [ExcelBatchGenerator.RuleGenerator] load_excel: 完成
[2026-08-21 21:29:06.136] [INFO] [ExcelBatchGenerator.RuleGenerator] _load_sheet_data: 加载工作表 过程尺寸检验记录
[2026-08-21 21:29:07.433] [INFO] [ExcelBatchGenerator.RuleGenerator] 通过遍历方式获取到 312 个合并区域
[2026-08-21 21:29:07.433] [INFO] [ExcelBatchGenerator.RuleGenerator] 检测到 312 个合并区域
[2026-08-21 21:29:08.798] [INFO] [ExcelBatchGenerator.RuleGenerator] 实际数据范围: 20 行, 20 列
[2026-08-21 21:29:08.798] [INFO] [ExcelBatchGenerator.RuleGenerator] max_row=20, max_col=20
[2026-08-21 21:29:08.798] [INFO] [ExcelBatchGenerator.RuleGenerator] _populate_table_from_win32: 开始填充 20x20
[2026-08-21 21:29:08.799] [INFO] [ExcelBatchGenerator.RuleGenerator] 读取单元格数据...
[2026-08-21 21:29:09.059] [INFO] [ExcelBatchGenerator.RuleGenerator] Cell L5: Text='长柱扣高度5.15±0.05mm', Value='长柱扣高度5.15±0.05mm'
[2026-08-21 21:29:09.062] [INFO] [ExcelBatchGenerator.RuleGenerator] Cell M5: Text='长柱扣高度5.05±0.05mm', Value='长柱扣高度5.05±0.05mm'
[2026-08-21 21:29:09.065] [INFO] [ExcelBatchGenerator.RuleGenerator] Cell N5: Text='长柱扣高度3.75±0.05mm', Value='长柱扣高度3.75±0.05mm'
[2026-08-21 21:29:09.070] [INFO] [ExcelBatchGenerator.RuleGenerator] Cell O5: Text='配件扣宽度30.48±0.13mm', Value='配件扣宽度30.48±0.13mm'
[2026-08-21 21:29:09.074] [INFO] [ExcelBatchGenerator.RuleGenerator] Cell P5: Text='配件扣宽度27.60±0.10mm', Value='配件扣宽度27.60±0.10mm'
[2026-08-21 21:29:09.077] [INFO] [ExcelBatchGenerator.RuleGenerator] Cell Q5: Text='配件扣长度30.00±0.13mm', Value='配件扣长度30.00±0.13mm'
[2026-08-21 21:29:09.939] [INFO] [ExcelBatchGenerator.RuleGenerator] 单元格数据读取完成
[2026-08-21 21:29:09.939] [INFO] [ExcelBatchGenerator.RuleGenerator] 已应用 10 个合并区域
[2026-08-21 21:29:09.939] [INFO] [ExcelBatchGenerator.RuleGenerator] L5 item 存在，文本: '长柱扣高度5.15±0.05mm'
[2026-08-21 21:29:09.940] [INFO] [ExcelBatchGenerator.RuleGenerator] _populate_table_from_win32: 完成
[2026-08-21 21:29:09.942] [INFO] [ExcelBatchGenerator.RuleGenerator] 合并区域: 行1 列1 跨1行 19列
[2026-08-21 21:29:09.942] [INFO] [ExcelBatchGenerator.RuleGenerator] 合并区域: 行1 列20 跨1行 1列
[2026-08-21 21:29:09.942] [INFO] [ExcelBatchGenerator.RuleGenerator] 合并区域: 行2 列1 跨1行 19列
[2026-08-21 21:29:09.942] [INFO] [ExcelBatchGenerator.RuleGenerator] 合并区域: 行2 列20 跨1行 1列
[2026-08-21 21:29:09.942] [INFO] [ExcelBatchGenerator.RuleGenerator] 合并区域: 行3 列1 跨1行 1列
[2026-08-21 21:29:09.942] [INFO] [ExcelBatchGenerator.RuleGenerator] 合并区域: 行3 列2 跨1行 1列
[2026-08-21 21:29:09.942] [INFO] [ExcelBatchGenerator.RuleGenerator] 合并区域: 行3 列3 跨1行 1列
[2026-08-21 21:29:09.942] [INFO] [ExcelBatchGenerator.RuleGenerator] 合并区域: 行3 列4 跨1行 1列
[2026-08-21 21:29:09.942] [INFO] [ExcelBatchGenerator.RuleGenerator] 合并区域: 行3 列5 跨1行 1列
[2026-08-21 21:29:09.943] [INFO] [ExcelBatchGenerator.RuleGenerator] 合并区域: 行3 列6 跨1行 1列
[2026-08-21 21:29:09.943] [INFO] [ExcelBatchGenerator.RuleGenerator] 合并区域: 行3 列7 跨1行 1列
[2026-08-21 21:29:09.943] [INFO] [ExcelBatchGenerator.RuleGenerator] 合并区域: 行3 列8 跨1行 1列
[2026-08-21 21:29:09.943] [INFO] [ExcelBatchGenerator.RuleGenerator] 合并区域: 行3 列9 跨1行 1列
[2026-08-21 21:29:09.943] [INFO] [ExcelBatchGenerator.RuleGenerator] 合并区域: 行3 列10 跨1行 1列
[2026-08-21 21:29:09.943] [INFO] [ExcelBatchGenerator.RuleGenerator] 合并区域: 行3 列11 跨1行 1列
[2026-08-21 21:29:09.943] [INFO] [ExcelBatchGenerator.RuleGenerator] 合并区域: 行3 列12 跨1行 1列
[2026-08-21 21:29:09.943] [INFO] [ExcelBatchGenerator.RuleGenerator] 合并区域: 行3 列13 跨1行 1列
[2026-08-21 21:29:09.943] [INFO] [ExcelBatchGenerator.RuleGenerator] 合并区域: 行3 列14 跨1行 1列
[2026-08-21 21:29:09.943] [INFO] [ExcelBatchGenerator.RuleGenerator] 合并区域: 行3 列15 跨1行 1列
[2026-08-21 21:29:09.943] [INFO] [ExcelBatchGenerator.RuleGenerator] 合并区域: 行3 列16 跨1行 1列
[2026-08-21 21:29:09.943] [INFO] [ExcelBatchGenerator.RuleGenerator] 合并区域: 行3 列17 跨1行 1列
[2026-08-21 21:29:09.943] [INFO] [ExcelBatchGenerator.RuleGenerator] 合并区域: 行3 列18 跨1行 1列
[2026-08-21 21:29:09.943] [INFO] [ExcelBatchGenerator.RuleGenerator] 合并区域: 行3 列19 跨1行 1列
[2026-08-21 21:29:09.943] [INFO] [ExcelBatchGenerator.RuleGenerator] 合并区域: 行3 列20 跨1行 1列
[2026-08-21 21:29:09.943] [INFO] [ExcelBatchGenerator.RuleGenerator] 合并区域: 行4 列1 跨2行 1列
[2026-08-21 21:29:09.943] [INFO] [ExcelBatchGenerator.RuleGenerator] 合并区域: 行4 列2 跨2行 1列
[2026-08-21 21:29:09.944] [INFO] [ExcelBatchGenerator.RuleGenerator] 合并区域: 行4 列3 跨2行 1列
[2026-08-21 21:29:09.944] [INFO] [ExcelBatchGenerator.RuleGenerator] 合并区域: 行4 列4 跨1行 15列
[2026-08-21 21:29:09.944] [INFO] [ExcelBatchGenerator.RuleGenerator] 合并区域: 行4 列19 跨2行 1列
[2026-08-21 21:29:09.944] [INFO] [ExcelBatchGenerator.RuleGenerator] 合并区域: 行4 列20 跨1行 1列
[2026-08-21 21:29:09.944] [INFO] [ExcelBatchGenerator.RuleGenerator] 合并区域: 行5 列4 跨1行 1列
[2026-08-21 21:29:09.944] [INFO] [ExcelBatchGenerator.RuleGenerator] 合并区域: 行5 列5 跨1行 1列
[2026-08-21 21:29:09.944] [INFO] [ExcelBatchGenerator.RuleGenerator] 合并区域: 行5 列6 跨1行 1列
[2026-08-21 21:29:09.944] [INFO] [ExcelBatchGenerator.RuleGenerator] 合并区域: 行5 列7 跨1行 1列
[2026-08-21 21:29:09.945] [INFO] [ExcelBatchGenerator.RuleGenerator] 合并区域: 行5 列8 跨1行 1列
[2026-08-21 21:29:09.945] [INFO] [ExcelBatchGenerator.RuleGenerator] 合并区域: 行5 列9 跨1行 1列
[2026-08-21 21:29:09.945] [INFO] [ExcelBatchGenerator.RuleGenerator] 合并区域: 行5 列10 跨1行 1列
[2026-08-21 21:29:09.945] [INFO] [ExcelBatchGenerator.RuleGenerator] 合并区域: 行5 列11 跨1行 1列
[2026-08-21 21:29:09.945] [INFO] [ExcelBatchGenerator.RuleGenerator] 合并区域: 行5 列12 跨1行 1列
[2026-08-21 21:29:09.945] [INFO] [ExcelBatchGenerator.RuleGenerator] 合并区域: 行5 列13 跨1行 1列
[2026-08-21 21:29:09.945] [INFO] [ExcelBatchGenerator.RuleGenerator] 合并区域: 行5 列14 跨1行 1列
[2026-08-21 21:29:09.945] [INFO] [ExcelBatchGenerator.RuleGenerator] 合并区域: 行5 列15 跨1行 1列
[2026-08-21 21:29:09.945] [INFO] [ExcelBatchGenerator.RuleGenerator] 合并区域: 行5 列16 跨1行 1列
[2026-08-21 21:29:09.945] [INFO] [ExcelBatchGenerator.RuleGenerator] 合并区域: 行5 列17 跨1行 1列
[2026-08-21 21:29:09.945] [INFO] [ExcelBatchGenerator.RuleGenerator] 合并区域: 行5 列18 跨1行 1列
[2026-08-21 21:29:09.945] [INFO] [ExcelBatchGenerator.RuleGenerator] 合并区域: 行5 列20 跨1行 1列
[2026-08-21 21:29:09.946] [INFO] [ExcelBatchGenerator.RuleGenerator] 合并区域: 行6 列1 跨10行 1列
[2026-08-21 21:29:09.946] [INFO] [ExcelBatchGenerator.RuleGenerator] 合并区域: 行6 列2 跨1行 1列
[2026-08-21 21:29:09.946] [INFO] [ExcelBatchGenerator.RuleGenerator] 合并区域: 行6 列3 跨1行 1列
[2026-08-21 21:29:09.946] [INFO] [ExcelBatchGenerator.RuleGenerator] 合并区域: 行6 列4 跨1行 1列
[2026-08-21 21:29:09.946] [INFO] [ExcelBatchGenerator.RuleGenerator] 合并区域: 行6 列5 跨1行 1列
[2026-08-21 21:29:09.946] [INFO] [ExcelBatchGenerator.RuleGenerator] 合并区域: 行6 列6 跨1行 1列
[2026-08-21 21:29:09.946] [INFO] [ExcelBatchGenerator.RuleGenerator] 合并区域: 行6 列7 跨1行 1列
[2026-08-21 21:29:09.946] [INFO] [ExcelBatchGenerator.RuleGenerator] 合并区域: 行6 列8 跨1行 1列
[2026-08-21 21:29:09.946] [INFO] [ExcelBatchGenerator.RuleGenerator] 合并区域: 行6 列9 跨1行 1列
[2026-08-21 21:29:09.946] [INFO] [ExcelBatchGenerator.RuleGenerator] 合并区域: 行6 列10 跨1行 1列
[2026-08-21 21:29:09.946] [INFO] [ExcelBatchGenerator.RuleGenerator] 合并区域: 行6 列11 跨1行 1列
[2026-08-21 21:29:09.947] [INFO] [ExcelBatchGenerator.RuleGenerator] 合并区域: 行6 列12 跨1行 1列
[2026-08-21 21:29:09.947] [INFO] [ExcelBatchGenerator.RuleGenerator] 合并区域: 行6 列13 跨1行 1列
[2026-08-21 21:29:09.947] [INFO] [ExcelBatchGenerator.RuleGenerator] 合并区域: 行6 列14 跨1行 1列
[2026-08-21 21:29:09.947] [INFO] [ExcelBatchGenerator.RuleGenerator] 合并区域: 行6 列15 跨1行 1列
[2026-08-21 21:29:09.947] [INFO] [ExcelBatchGenerator.RuleGenerator] 合并区域: 行6 列16 跨1行 1列
[2026-08-21 21:29:09.947] [INFO] [ExcelBatchGenerator.RuleGenerator] 合并区域: 行6 列17 跨1行 1列
[2026-08-21 21:29:09.947] [INFO] [ExcelBatchGenerator.RuleGenerator] 合并区域: 行6 列18 跨1行 1列
[2026-08-21 21:29:09.947] [INFO] [ExcelBatchGenerator.RuleGenerator] 合并区域: 行6 列19 跨1行 1列
[2026-08-21 21:29:09.947] [INFO] [ExcelBatchGenerator.RuleGenerator] 合并区域: 行6 列20 跨1行 1列
[2026-08-21 21:29:09.947] [INFO] [ExcelBatchGenerator.RuleGenerator] 合并区域: 行7 列2 跨1行 1列
[2026-08-21 21:29:09.947] [INFO] [ExcelBatchGenerator.RuleGenerator] 合并区域: 行7 列3 跨1行 1列
[2026-08-21 21:29:09.947] [INFO] [ExcelBatchGenerator.RuleGenerator] 合并区域: 行7 列4 跨1行 1列
[2026-08-21 21:29:09.948] [INFO] [ExcelBatchGenerator.RuleGenerator] 合并区域: 行7 列5 跨1行 1列
[2026-08-21 21:29:09.948] [INFO] [ExcelBatchGenerator.RuleGenerator] 合并区域: 行7 列6 跨1行 1列
[2026-08-21 21:29:09.948] [INFO] [ExcelBatchGenerator.RuleGenerator] 合并区域: 行7 列7 跨1行 1列
[2026-08-21 21:29:09.948] [INFO] [ExcelBatchGenerator.RuleGenerator] 合并区域: 行7 列8 跨1行 1列
[2026-08-21 21:29:09.948] [INFO] [ExcelBatchGenerator.RuleGenerator] 合并区域: 行7 列9 跨1行 1列
[2026-08-21 21:29:09.948] [INFO] [ExcelBatchGenerator.RuleGenerator] 合并区域: 行7 列10 跨1行 1列
[2026-08-21 21:29:09.948] [INFO] [ExcelBatchGenerator.RuleGenerator] 合并区域: 行7 列11 跨1行 1列
[2026-08-21 21:29:09.948] [INFO] [ExcelBatchGenerator.RuleGenerator] 合并区域: 行7 列12 跨1行 1列
[2026-08-21 21:29:09.948] [INFO] [ExcelBatchGenerator.RuleGenerator] 合并区域: 行7 列13 跨1行 1列
[2026-08-21 21:29:09.948] [INFO] [ExcelBatchGenerator.RuleGenerator] 合并区域: 行7 列14 跨1行 1列
[2026-08-21 21:29:09.948] [INFO] [ExcelBatchGenerator.RuleGenerator] 合并区域: 行7 列15 跨1行 1列
[2026-08-21 21:29:09.948] [INFO] [ExcelBatchGenerator.RuleGenerator] 合并区域: 行7 列16 跨1行 1列
[2026-08-21 21:29:09.948] [INFO] [ExcelBatchGenerator.RuleGenerator] 合并区域: 行7 列17 跨1行 1列
[2026-08-21 21:29:09.948] [INFO] [ExcelBatchGenerator.RuleGenerator] 合并区域: 行7 列18 跨1行 1列
[2026-08-21 21:29:09.948] [INFO] [ExcelBatchGenerator.RuleGenerator] 合并区域: 行7 列19 跨1行 1列
[2026-08-21 21:29:09.948] [INFO] [ExcelBatchGenerator.RuleGenerator] 合并区域: 行7 列20 跨1行 1列
[2026-08-21 21:29:09.948] [INFO] [ExcelBatchGenerator.RuleGenerator] 合并区域: 行8 列2 跨1行 1列
[2026-08-21 21:29:09.949] [INFO] [ExcelBatchGenerator.RuleGenerator] 合并区域: 行8 列3 跨1行 1列
[2026-08-21 21:29:09.949] [INFO] [ExcelBatchGenerator.RuleGenerator] 合并区域: 行8 列4 跨1行 1列
[2026-08-21 21:29:09.949] [INFO] [ExcelBatchGenerator.RuleGenerator] 合并区域: 行8 列5 跨1行 1列
[2026-08-21 21:29:09.949] [INFO] [ExcelBatchGenerator.RuleGenerator] 合并区域: 行8 列6 跨1行 1列
[2026-08-21 21:29:09.949] [INFO] [ExcelBatchGenerator.RuleGenerator] 合并区域: 行8 列7 跨1行 1列
[2026-08-21 21:29:09.949] [INFO] [ExcelBatchGenerator.RuleGenerator] 合并区域: 行8 列8 跨1行 1列
[2026-08-21 21:29:09.949] [INFO] [ExcelBatchGenerator.RuleGenerator] 合并区域: 行8 列9 跨1行 1列
[2026-08-21 21:29:09.949] [INFO] [ExcelBatchGenerator.RuleGenerator] 合并区域: 行8 列10 跨1行 1列
[2026-08-21 21:29:09.949] [INFO] [ExcelBatchGenerator.RuleGenerator] 合并区域: 行8 列11 跨1行 1列
[2026-08-21 21:29:09.949] [INFO] [ExcelBatchGenerator.RuleGenerator] 合并区域: 行8 列12 跨1行 1列
[2026-08-21 21:29:09.949] [INFO] [ExcelBatchGenerator.RuleGenerator] 合并区域: 行8 列13 跨1行 1列
[2026-08-21 21:29:09.949] [INFO] [ExcelBatchGenerator.RuleGenerator] 合并区域: 行8 列14 跨1行 1列
[2026-08-21 21:29:09.949] [INFO] [ExcelBatchGenerator.RuleGenerator] 合并区域: 行8 列15 跨1行 1列
[2026-08-21 21:29:09.949] [INFO] [ExcelBatchGenerator.RuleGenerator] 合并区域: 行8 列16 跨1行 1列
[2026-08-21 21:29:09.949] [INFO] [ExcelBatchGenerator.RuleGenerator] 合并区域: 行8 列17 跨1行 1列
[2026-08-21 21:29:09.949] [INFO] [ExcelBatchGenerator.RuleGenerator] 合并区域: 行8 列18 跨1行 1列
[2026-08-21 21:29:09.949] [INFO] [ExcelBatchGenerator.RuleGenerator] 合并区域: 行8 列19 跨1行 1列
[2026-08-21 21:29:09.950] [INFO] [ExcelBatchGenerator.RuleGenerator] 合并区域: 行8 列20 跨1行 1列
[2026-08-21 21:29:09.950] [INFO] [ExcelBatchGenerator.RuleGenerator] 合并区域: 行9 列2 跨1行 1列
[2026-08-21 21:29:09.950] [INFO] [ExcelBatchGenerator.RuleGenerator] 合并区域: 行9 列3 跨1行 1列
[2026-08-21 21:29:09.950] [INFO] [ExcelBatchGenerator.RuleGenerator] 合并区域: 行9 列4 跨1行 1列
[2026-08-21 21:29:09.950] [INFO] [ExcelBatchGenerator.RuleGenerator] 合并区域: 行9 列5 跨1行 1列
[2026-08-21 21:29:09.950] [INFO] [ExcelBatchGenerator.RuleGenerator] 合并区域: 行9 列6 跨1行 1列
[2026-08-21 21:29:09.950] [INFO] [ExcelBatchGenerator.RuleGenerator] 合并区域: 行9 列7 跨1行 1列
[2026-08-21 21:29:09.950] [INFO] [ExcelBatchGenerator.RuleGenerator] 合并区域: 行9 列8 跨1行 1列
[2026-08-21 21:29:09.950] [INFO] [ExcelBatchGenerator.RuleGenerator] 合并区域: 行9 列9 跨1行 1列
[2026-08-21 21:29:09.950] [INFO] [ExcelBatchGenerator.RuleGenerator] 合并区域: 行9 列10 跨1行 1列
[2026-08-21 21:29:09.950] [INFO] [ExcelBatchGenerator.RuleGenerator] 合并区域: 行9 列11 跨1行 1列
[2026-08-21 21:29:09.950] [INFO] [ExcelBatchGenerator.RuleGenerator] 合并区域: 行9 列12 跨1行 1列
[2026-08-21 21:29:09.951] [INFO] [ExcelBatchGenerator.RuleGenerator] 合并区域: 行9 列13 跨1行 1列
[2026-08-21 21:29:09.951] [INFO] [ExcelBatchGenerator.RuleGenerator] 合并区域: 行9 列14 跨1行 1列
[2026-08-21 21:29:09.951] [INFO] [ExcelBatchGenerator.RuleGenerator] 合并区域: 行9 列15 跨1行 1列
[2026-08-21 21:29:09.951] [INFO] [ExcelBatchGenerator.RuleGenerator] 合并区域: 行9 列16 跨1行 1列
[2026-08-21 21:29:09.951] [INFO] [ExcelBatchGenerator.RuleGenerator] 合并区域: 行9 列17 跨1行 1列
[2026-08-21 21:29:09.951] [INFO] [ExcelBatchGenerator.RuleGenerator] 合并区域: 行9 列18 跨1行 1列
[2026-08-21 21:29:09.951] [INFO] [ExcelBatchGenerator.RuleGenerator] 合并区域: 行9 列19 跨1行 1列
[2026-08-21 21:29:09.951] [INFO] [ExcelBatchGenerator.RuleGenerator] 合并区域: 行9 列20 跨1行 1列
[2026-08-21 21:29:09.951] [INFO] [ExcelBatchGenerator.RuleGenerator] 合并区域: 行10 列2 跨1行 1列
[2026-08-21 21:29:09.951] [INFO] [ExcelBatchGenerator.RuleGenerator] 合并区域: 行10 列3 跨1行 1列
[2026-08-21 21:29:09.951] [INFO] [ExcelBatchGenerator.RuleGenerator] 合并区域: 行10 列4 跨1行 1列
[2026-08-21 21:29:09.951] [INFO] [ExcelBatchGenerator.RuleGenerator] 合并区域: 行10 列5 跨1行 1列
[2026-08-21 21:29:09.951] [INFO] [ExcelBatchGenerator.RuleGenerator] 合并区域: 行10 列6 跨1行 1列
[2026-08-21 21:29:09.951] [INFO] [ExcelBatchGenerator.RuleGenerator] 合并区域: 行10 列7 跨1行 1列
[2026-08-21 21:29:09.951] [INFO] [ExcelBatchGenerator.RuleGenerator] 合并区域: 行10 列8 跨1行 1列
[2026-08-21 21:29:09.951] [INFO] [ExcelBatchGenerator.RuleGenerator] 合并区域: 行10 列9 跨1行 1列
[2026-08-21 21:29:09.952] [INFO] [ExcelBatchGenerator.RuleGenerator] 合并区域: 行10 列10 跨1行 1列
[2026-08-21 21:29:09.952] [INFO] [ExcelBatchGenerator.RuleGenerator] 合并区域: 行10 列11 跨1行 1列
[2026-08-21 21:29:09.952] [INFO] [ExcelBatchGenerator.RuleGenerator] 合并区域: 行10 列12 跨1行 1列
[2026-08-21 21:29:09.952] [INFO] [ExcelBatchGenerator.RuleGenerator] 合并区域: 行10 列13 跨1行 1列
[2026-08-21 21:29:09.952] [INFO] [ExcelBatchGenerator.RuleGenerator] 合并区域: 行10 列14 跨1行 1列
[2026-08-21 21:29:09.952] [INFO] [ExcelBatchGenerator.RuleGenerator] 合并区域: 行10 列15 跨1行 1列
[2026-08-21 21:29:09.952] [INFO] [ExcelBatchGenerator.RuleGenerator] 合并区域: 行10 列16 跨1行 1列
[2026-08-21 21:29:09.952] [INFO] [ExcelBatchGenerator.RuleGenerator] 合并区域: 行10 列17 跨1行 1列
[2026-08-21 21:29:09.952] [INFO] [ExcelBatchGenerator.RuleGenerator] 合并区域: 行10 列18 跨1行 1列
[2026-08-21 21:29:09.952] [INFO] [ExcelBatchGenerator.RuleGenerator] 合并区域: 行10 列19 跨1行 1列
[2026-08-21 21:29:09.952] [INFO] [ExcelBatchGenerator.RuleGenerator] 合并区域: 行10 列20 跨1行 1列
[2026-08-21 21:29:09.952] [INFO] [ExcelBatchGenerator.RuleGenerator] 合并区域: 行11 列2 跨1行 1列
[2026-08-21 21:29:09.952] [INFO] [ExcelBatchGenerator.RuleGenerator] 合并区域: 行11 列3 跨1行 1列
[2026-08-21 21:29:09.952] [INFO] [ExcelBatchGenerator.RuleGenerator] 合并区域: 行11 列4 跨1行 1列
[2026-08-21 21:29:09.952] [INFO] [ExcelBatchGenerator.RuleGenerator] 合并区域: 行11 列5 跨1行 1列
[2026-08-21 21:29:09.952] [INFO] [ExcelBatchGenerator.RuleGenerator] 合并区域: 行11 列6 跨1行 1列
[2026-08-21 21:29:09.952] [INFO] [ExcelBatchGenerator.RuleGenerator] 合并区域: 行11 列7 跨1行 1列
[2026-08-21 21:29:09.952] [INFO] [ExcelBatchGenerator.RuleGenerator] 合并区域: 行11 列8 跨1行 1列
[2026-08-21 21:29:09.953] [INFO] [ExcelBatchGenerator.RuleGenerator] 合并区域: 行11 列9 跨1行 1列
[2026-08-21 21:29:09.953] [INFO] [ExcelBatchGenerator.RuleGenerator] 合并区域: 行11 列10 跨1行 1列
[2026-08-21 21:29:09.953] [INFO] [ExcelBatchGenerator.RuleGenerator] 合并区域: 行11 列11 跨1行 1列
[2026-08-21 21:29:09.953] [INFO] [ExcelBatchGenerator.RuleGenerator] 合并区域: 行11 列12 跨1行 1列
[2026-08-21 21:29:09.953] [INFO] [ExcelBatchGenerator.RuleGenerator] 合并区域: 行11 列13 跨1行 1列
[2026-08-21 21:29:09.953] [INFO] [ExcelBatchGenerator.RuleGenerator] 合并区域: 行11 列14 跨1行 1列
[2026-08-21 21:29:09.953] [INFO] [ExcelBatchGenerator.RuleGenerator] 合并区域: 行11 列15 跨1行 1列
[2026-08-21 21:29:09.953] [INFO] [ExcelBatchGenerator.RuleGenerator] 合并区域: 行11 列16 跨1行 1列
[2026-08-21 21:29:09.953] [INFO] [ExcelBatchGenerator.RuleGenerator] 合并区域: 行11 列17 跨1行 1列
[2026-08-21 21:29:09.953] [INFO] [ExcelBatchGenerator.RuleGenerator] 合并区域: 行11 列18 跨1行 1列
[2026-08-21 21:29:09.953] [INFO] [ExcelBatchGenerator.RuleGenerator] 合并区域: 行11 列19 跨1行 1列
[2026-08-21 21:29:09.953] [INFO] [ExcelBatchGenerator.RuleGenerator] 合并区域: 行11 列20 跨1行 1列
[2026-08-21 21:29:09.953] [INFO] [ExcelBatchGenerator.RuleGenerator] 合并区域: 行12 列2 跨1行 1列
[2026-08-21 21:29:09.953] [INFO] [ExcelBatchGenerator.RuleGenerator] 合并区域: 行12 列3 跨1行 1列
[2026-08-21 21:29:09.953] [INFO] [ExcelBatchGenerator.RuleGenerator] 合并区域: 行12 列4 跨1行 1列
[2026-08-21 21:29:09.953] [INFO] [ExcelBatchGenerator.RuleGenerator] 合并区域: 行12 列5 跨1行 1列
[2026-08-21 21:29:09.953] [INFO] [ExcelBatchGenerator.RuleGenerator] 合并区域: 行12 列6 跨1行 1列
[2026-08-21 21:29:09.953] [INFO] [ExcelBatchGenerator.RuleGenerator] 合并区域: 行12 列7 跨1行 1列
[2026-08-21 21:29:09.954] [INFO] [ExcelBatchGenerator.RuleGenerator] 合并区域: 行12 列8 跨1行 1列
[2026-08-21 21:29:09.954] [INFO] [ExcelBatchGenerator.RuleGenerator] 合并区域: 行12 列9 跨1行 1列
[2026-08-21 21:29:09.954] [INFO] [ExcelBatchGenerator.RuleGenerator] 合并区域: 行12 列10 跨1行 1列
[2026-08-21 21:29:09.954] [INFO] [ExcelBatchGenerator.RuleGenerator] 合并区域: 行12 列11 跨1行 1列
[2026-08-21 21:29:09.954] [INFO] [ExcelBatchGenerator.RuleGenerator] 合并区域: 行12 列12 跨1行 1列
[2026-08-21 21:29:09.954] [INFO] [ExcelBatchGenerator.RuleGenerator] 合并区域: 行12 列13 跨1行 1列
[2026-08-21 21:29:09.954] [INFO] [ExcelBatchGenerator.RuleGenerator] 合并区域: 行12 列14 跨1行 1列
[2026-08-21 21:29:09.954] [INFO] [ExcelBatchGenerator.RuleGenerator] 合并区域: 行12 列15 跨1行 1列
[2026-08-21 21:29:09.954] [INFO] [ExcelBatchGenerator.RuleGenerator] 合并区域: 行12 列16 跨1行 1列
[2026-08-21 21:29:09.954] [INFO] [ExcelBatchGenerator.RuleGenerator] 合并区域: 行12 列17 跨1行 1列
[2026-08-21 21:29:09.954] [INFO] [ExcelBatchGenerator.RuleGenerator] 合并区域: 行12 列18 跨1行 1列
[2026-08-21 21:29:09.954] [INFO] [ExcelBatchGenerator.RuleGenerator] 合并区域: 行12 列19 跨1行 1列
[2026-08-21 21:29:09.954] [INFO] [ExcelBatchGenerator.RuleGenerator] 合并区域: 行12 列20 跨1行 1列
[2026-08-21 21:29:09.955] [INFO] [ExcelBatchGenerator.RuleGenerator] 合并区域: 行13 列2 跨1行 1列
[2026-08-21 21:29:09.955] [INFO] [ExcelBatchGenerator.RuleGenerator] 合并区域: 行13 列3 跨1行 1列
[2026-08-21 21:29:09.955] [INFO] [ExcelBatchGenerator.RuleGenerator] 合并区域: 行13 列4 跨1行 1列
[2026-08-21 21:29:09.955] [INFO] [ExcelBatchGenerator.RuleGenerator] 合并区域: 行13 列5 跨1行 1列
[2026-08-21 21:29:09.955] [INFO] [ExcelBatchGenerator.RuleGenerator] 合并区域: 行13 列6 跨1行 1列
[2026-08-21 21:29:09.955] [INFO] [ExcelBatchGenerator.RuleGenerator] 合并区域: 行13 列7 跨1行 1列
[2026-08-21 21:29:09.956] [INFO] [ExcelBatchGenerator.RuleGenerator] 合并区域: 行13 列8 跨1行 1列
[2026-08-21 21:29:09.956] [INFO] [ExcelBatchGenerator.RuleGenerator] 合并区域: 行13 列9 跨1行 1列
[2026-08-21 21:29:09.956] [INFO] [ExcelBatchGenerator.RuleGenerator] 合并区域: 行13 列10 跨1行 1列
[2026-08-21 21:29:09.956] [INFO] [ExcelBatchGenerator.RuleGenerator] 合并区域: 行13 列11 跨1行 1列
[2026-08-21 21:29:09.956] [INFO] [ExcelBatchGenerator.RuleGenerator] 合并区域: 行13 列12 跨1行 1列
[2026-08-21 21:29:09.956] [INFO] [ExcelBatchGenerator.RuleGenerator] 合并区域: 行13 列13 跨1行 1列
[2026-08-21 21:29:09.956] [INFO] [ExcelBatchGenerator.RuleGenerator] 合并区域: 行13 列14 跨1行 1列
[2026-08-21 21:29:09.957] [INFO] [ExcelBatchGenerator.RuleGenerator] 合并区域: 行13 列15 跨1行 1列
[2026-08-21 21:29:09.957] [INFO] [ExcelBatchGenerator.RuleGenerator] 合并区域: 行13 列16 跨1行 1列
[2026-08-21 21:29:09.957] [INFO] [ExcelBatchGenerator.RuleGenerator] 合并区域: 行13 列17 跨1行 1列
[2026-08-21 21:29:09.957] [INFO] [ExcelBatchGenerator.RuleGenerator] 合并区域: 行13 列18 跨1行 1列
[2026-08-21 21:29:09.957] [INFO] [ExcelBatchGenerator.RuleGenerator] 合并区域: 行13 列19 跨1行 1列
[2026-08-21 21:29:09.957] [INFO] [ExcelBatchGenerator.RuleGenerator] 合并区域: 行13 列20 跨1行 1列
[2026-08-21 21:29:09.957] [INFO] [ExcelBatchGenerator.RuleGenerator] 合并区域: 行14 列2 跨1行 1列
[2026-08-21 21:29:09.957] [INFO] [ExcelBatchGenerator.RuleGenerator] 合并区域: 行14 列3 跨1行 1列
[2026-08-21 21:29:09.957] [INFO] [ExcelBatchGenerator.RuleGenerator] 合并区域: 行14 列4 跨1行 1列
[2026-08-21 21:29:09.957] [INFO] [ExcelBatchGenerator.RuleGenerator] 合并区域: 行14 列5 跨1行 1列
[2026-08-21 21:29:09.957] [INFO] [ExcelBatchGenerator.RuleGenerator] 合并区域: 行14 列6 跨1行 1列
[2026-08-21 21:29:09.957] [INFO] [ExcelBatchGenerator.RuleGenerator] 合并区域: 行14 列7 跨1行 1列
[2026-08-21 21:29:09.957] [INFO] [ExcelBatchGenerator.RuleGenerator] 合并区域: 行14 列8 跨1行 1列
[2026-08-21 21:29:09.957] [INFO] [ExcelBatchGenerator.RuleGenerator] 合并区域: 行14 列9 跨1行 1列
[2026-08-21 21:29:09.958] [INFO] [ExcelBatchGenerator.RuleGenerator] 合并区域: 行14 列10 跨1行 1列
[2026-08-21 21:29:09.958] [INFO] [ExcelBatchGenerator.RuleGenerator] 合并区域: 行14 列11 跨1行 1列
[2026-08-21 21:29:09.958] [INFO] [ExcelBatchGenerator.RuleGenerator] 合并区域: 行14 列12 跨1行 1列
[2026-08-21 21:29:09.958] [INFO] [ExcelBatchGenerator.RuleGenerator] 合并区域: 行14 列13 跨1行 1列
[2026-08-21 21:29:09.958] [INFO] [ExcelBatchGenerator.RuleGenerator] 合并区域: 行14 列14 跨1行 1列
[2026-08-21 21:29:09.958] [INFO] [ExcelBatchGenerator.RuleGenerator] 合并区域: 行14 列15 跨1行 1列
[2026-08-21 21:29:09.958] [INFO] [ExcelBatchGenerator.RuleGenerator] 合并区域: 行14 列16 跨1行 1列
[2026-08-21 21:29:09.958] [INFO] [ExcelBatchGenerator.RuleGenerator] 合并区域: 行14 列17 跨1行 1列
[2026-08-21 21:29:09.958] [INFO] [ExcelBatchGenerator.RuleGenerator] 合并区域: 行14 列18 跨1行 1列
[2026-08-21 21:29:09.958] [INFO] [ExcelBatchGenerator.RuleGenerator] 合并区域: 行14 列19 跨1行 1列
[2026-08-21 21:29:09.958] [INFO] [ExcelBatchGenerator.RuleGenerator] 合并区域: 行14 列20 跨1行 1列
[2026-08-21 21:29:09.958] [INFO] [ExcelBatchGenerator.RuleGenerator] 合并区域: 行15 列2 跨1行 1列
[2026-08-21 21:29:09.958] [INFO] [ExcelBatchGenerator.RuleGenerator] 合并区域: 行15 列3 跨1行 1列
[2026-08-21 21:29:09.958] [INFO] [ExcelBatchGenerator.RuleGenerator] 合并区域: 行15 列4 跨1行 1列
[2026-08-21 21:29:09.958] [INFO] [ExcelBatchGenerator.RuleGenerator] 合并区域: 行15 列5 跨1行 1列
[2026-08-21 21:29:09.958] [INFO] [ExcelBatchGenerator.RuleGenerator] 合并区域: 行15 列6 跨1行 1列
[2026-08-21 21:29:09.958] [INFO] [ExcelBatchGenerator.RuleGenerator] 合并区域: 行15 列7 跨1行 1列
[2026-08-21 21:29:09.959] [INFO] [ExcelBatchGenerator.RuleGenerator] 合并区域: 行15 列8 跨1行 1列
[2026-08-21 21:29:09.959] [INFO] [ExcelBatchGenerator.RuleGenerator] 合并区域: 行15 列9 跨1行 1列
[2026-08-21 21:29:09.959] [INFO] [ExcelBatchGenerator.RuleGenerator] 合并区域: 行15 列10 跨1行 1列
[2026-08-21 21:29:09.959] [INFO] [ExcelBatchGenerator.RuleGenerator] 合并区域: 行15 列11 跨1行 1列
[2026-08-21 21:29:09.959] [INFO] [ExcelBatchGenerator.RuleGenerator] 合并区域: 行15 列12 跨1行 1列
[2026-08-21 21:29:09.959] [INFO] [ExcelBatchGenerator.RuleGenerator] 合并区域: 行15 列13 跨1行 1列
[2026-08-21 21:29:09.959] [INFO] [ExcelBatchGenerator.RuleGenerator] 合并区域: 行15 列14 跨1行 1列
[2026-08-21 21:29:09.959] [INFO] [ExcelBatchGenerator.RuleGenerator] 合并区域: 行15 列15 跨1行 1列
[2026-08-21 21:29:09.959] [INFO] [ExcelBatchGenerator.RuleGenerator] 合并区域: 行15 列16 跨1行 1列
[2026-08-21 21:29:09.959] [INFO] [ExcelBatchGenerator.RuleGenerator] 合并区域: 行15 列17 跨1行 1列
[2026-08-21 21:29:09.959] [INFO] [ExcelBatchGenerator.RuleGenerator] 合并区域: 行15 列18 跨1行 1列
[2026-08-21 21:29:09.959] [INFO] [ExcelBatchGenerator.RuleGenerator] 合并区域: 行15 列19 跨1行 1列
[2026-08-21 21:29:09.959] [INFO] [ExcelBatchGenerator.RuleGenerator] 合并区域: 行15 列20 跨1行 1列
[2026-08-21 21:29:09.959] [INFO] [ExcelBatchGenerator.RuleGenerator] 合并区域: 行16 列1 跨1行 8列
[2026-08-21 21:29:09.959] [INFO] [ExcelBatchGenerator.RuleGenerator] 合并区域: 行16 列9 跨1行 1列
[2026-08-21 21:29:09.960] [INFO] [ExcelBatchGenerator.RuleGenerator] 合并区域: 行16 列10 跨1行 1列
[2026-08-21 21:29:09.960] [INFO] [ExcelBatchGenerator.RuleGenerator] 合并区域: 行16 列11 跨1行 1列
[2026-08-21 21:29:09.960] [INFO] [ExcelBatchGenerator.RuleGenerator] 合并区域: 行16 列12 跨1行 1列
[2026-08-21 21:29:09.960] [INFO] [ExcelBatchGenerator.RuleGenerator] 合并区域: 行16 列13 跨1行 1列
[2026-08-21 21:29:09.961] [INFO] [ExcelBatchGenerator.RuleGenerator] 合并区域: 行16 列14 跨1行 1列
[2026-08-21 21:29:09.961] [INFO] [ExcelBatchGenerator.RuleGenerator] 合并区域: 行16 列15 跨1行 1列
[2026-08-21 21:29:09.961] [INFO] [ExcelBatchGenerator.RuleGenerator] 合并区域: 行16 列16 跨1行 1列
[2026-08-21 21:29:09.961] [INFO] [ExcelBatchGenerator.RuleGenerator] 合并区域: 行16 列17 跨1行 1列
[2026-08-21 21:29:09.961] [INFO] [ExcelBatchGenerator.RuleGenerator] 合并区域: 行16 列18 跨1行 1列
[2026-08-21 21:29:09.961] [INFO] [ExcelBatchGenerator.RuleGenerator] 合并区域: 行16 列19 跨1行 1列
[2026-08-21 21:29:09.961] [INFO] [ExcelBatchGenerator.RuleGenerator] 合并区域: 行16 列20 跨1行 1列
[2026-08-21 21:29:09.961] [INFO] [ExcelBatchGenerator.RuleGenerator] 合并区域: 行17 列1 跨1行 1列
[2026-08-21 21:29:09.961] [INFO] [ExcelBatchGenerator.RuleGenerator] 合并区域: 行17 列2 跨1行 1列
[2026-08-21 21:29:09.962] [INFO] [ExcelBatchGenerator.RuleGenerator] 合并区域: 行17 列3 跨1行 1列
[2026-08-21 21:29:09.962] [INFO] [ExcelBatchGenerator.RuleGenerator] 合并区域: 行17 列4 跨1行 1列
[2026-08-21 21:29:09.962] [INFO] [ExcelBatchGenerator.RuleGenerator] 合并区域: 行17 列5 跨1行 1列
[2026-08-21 21:29:09.962] [INFO] [ExcelBatchGenerator.RuleGenerator] 合并区域: 行17 列6 跨1行 1列
[2026-08-21 21:29:09.962] [INFO] [ExcelBatchGenerator.RuleGenerator] 合并区域: 行17 列7 跨1行 1列
[2026-08-21 21:29:09.962] [INFO] [ExcelBatchGenerator.RuleGenerator] 合并区域: 行17 列8 跨1行 1列
[2026-08-21 21:29:09.962] [INFO] [ExcelBatchGenerator.RuleGenerator] 合并区域: 行17 列9 跨1行 1列
[2026-08-21 21:29:09.962] [INFO] [ExcelBatchGenerator.RuleGenerator] 合并区域: 行17 列10 跨1行 1列
[2026-08-21 21:29:09.962] [INFO] [ExcelBatchGenerator.RuleGenerator] 合并区域: 行17 列11 跨1行 1列
[2026-08-21 21:29:09.962] [INFO] [ExcelBatchGenerator.RuleGenerator] 合并区域: 行17 列12 跨1行 1列
[2026-08-21 21:29:09.962] [INFO] [ExcelBatchGenerator.RuleGenerator] 合并区域: 行17 列13 跨1行 1列
[2026-08-21 21:29:09.962] [INFO] [ExcelBatchGenerator.RuleGenerator] 合并区域: 行17 列14 跨1行 1列
[2026-08-21 21:29:09.962] [INFO] [ExcelBatchGenerator.RuleGenerator] 合并区域: 行17 列15 跨1行 1列
[2026-08-21 21:29:09.962] [INFO] [ExcelBatchGenerator.RuleGenerator] 合并区域: 行17 列16 跨1行 1列
[2026-08-21 21:29:09.962] [INFO] [ExcelBatchGenerator.RuleGenerator] 合并区域: 行17 列17 跨1行 1列
[2026-08-21 21:29:09.963] [INFO] [ExcelBatchGenerator.RuleGenerator] 合并区域: 行17 列18 跨1行 1列
[2026-08-21 21:29:09.963] [INFO] [ExcelBatchGenerator.RuleGenerator] 合并区域: 行17 列19 跨1行 1列
[2026-08-21 21:29:09.963] [INFO] [ExcelBatchGenerator.RuleGenerator] 合并区域: 行17 列20 跨1行 1列
[2026-08-21 21:29:09.963] [INFO] [ExcelBatchGenerator.RuleGenerator] 合并区域: 行18 列1 跨1行 19列
[2026-08-21 21:29:09.963] [INFO] [ExcelBatchGenerator.RuleGenerator] 合并区域: 行18 列20 跨1行 1列
[2026-08-21 21:29:09.963] [INFO] [ExcelBatchGenerator.RuleGenerator] 合并区域: 行19 列1 跨1行 1列
[2026-08-21 21:29:09.963] [INFO] [ExcelBatchGenerator.RuleGenerator] 合并区域: 行19 列2 跨1行 1列
[2026-08-21 21:29:09.963] [INFO] [ExcelBatchGenerator.RuleGenerator] 合并区域: 行19 列3 跨1行 1列
[2026-08-21 21:29:09.963] [INFO] [ExcelBatchGenerator.RuleGenerator] 合并区域: 行19 列4 跨1行 1列
[2026-08-21 21:29:09.963] [INFO] [ExcelBatchGenerator.RuleGenerator] 合并区域: 行19 列5 跨1行 1列
[2026-08-21 21:29:09.963] [INFO] [ExcelBatchGenerator.RuleGenerator] 合并区域: 行19 列6 跨1行 1列
[2026-08-21 21:29:09.963] [INFO] [ExcelBatchGenerator.RuleGenerator] 合并区域: 行19 列7 跨1行 1列
[2026-08-21 21:29:09.963] [INFO] [ExcelBatchGenerator.RuleGenerator] 合并区域: 行19 列8 跨1行 1列
[2026-08-21 21:29:09.963] [INFO] [ExcelBatchGenerator.RuleGenerator] 合并区域: 行19 列9 跨1行 1列
[2026-08-21 21:29:09.963] [INFO] [ExcelBatchGenerator.RuleGenerator] 合并区域: 行19 列10 跨1行 1列
[2026-08-21 21:29:09.963] [INFO] [ExcelBatchGenerator.RuleGenerator] 合并区域: 行19 列11 跨1行 1列
[2026-08-21 21:29:09.964] [INFO] [ExcelBatchGenerator.RuleGenerator] 合并区域: 行19 列12 跨1行 1列
[2026-08-21 21:29:09.964] [INFO] [ExcelBatchGenerator.RuleGenerator] 合并区域: 行19 列13 跨1行 1列
[2026-08-21 21:29:09.964] [INFO] [ExcelBatchGenerator.RuleGenerator] 合并区域: 行19 列14 跨1行 1列
[2026-08-21 21:29:09.964] [INFO] [ExcelBatchGenerator.RuleGenerator] 合并区域: 行19 列15 跨1行 1列
[2026-08-21 21:29:09.964] [INFO] [ExcelBatchGenerator.RuleGenerator] 合并区域: 行19 列16 跨1行 1列
[2026-08-21 21:29:09.964] [INFO] [ExcelBatchGenerator.RuleGenerator] 合并区域: 行19 列17 跨1行 1列
[2026-08-21 21:29:09.965] [INFO] [ExcelBatchGenerator.RuleGenerator] 合并区域: 行19 列18 跨1行 1列
[2026-08-21 21:29:09.965] [INFO] [ExcelBatchGenerator.RuleGenerator] 合并区域: 行19 列19 跨1行 1列
[2026-08-21 21:29:09.965] [INFO] [ExcelBatchGenerator.RuleGenerator] 合并区域: 行19 列20 跨1行 1列
[2026-08-21 21:29:09.965] [INFO] [ExcelBatchGenerator.RuleGenerator] 合并区域: 行20 列1 跨1行 1列
[2026-08-21 21:29:09.965] [INFO] [ExcelBatchGenerator.RuleGenerator] 合并区域: 行20 列2 跨1行 1列
[2026-08-21 21:29:09.965] [INFO] [ExcelBatchGenerator.RuleGenerator] 合并区域: 行20 列3 跨1行 1列
[2026-08-21 21:29:09.965] [INFO] [ExcelBatchGenerator.RuleGenerator] 合并区域: 行20 列4 跨1行 1列
[2026-08-21 21:29:09.965] [INFO] [ExcelBatchGenerator.RuleGenerator] 合并区域: 行20 列5 跨1行 1列
[2026-08-21 21:29:09.966] [INFO] [ExcelBatchGenerator.RuleGenerator] 合并区域: 行20 列6 跨1行 1列
[2026-08-21 21:29:09.966] [INFO] [ExcelBatchGenerator.RuleGenerator] 合并区域: 行20 列7 跨1行 1列
[2026-08-21 21:29:09.966] [INFO] [ExcelBatchGenerator.RuleGenerator] 合并区域: 行20 列8 跨1行 1列
[2026-08-21 21:29:09.966] [INFO] [ExcelBatchGenerator.RuleGenerator] 合并区域: 行20 列9 跨1行 1列
[2026-08-21 21:29:09.966] [INFO] [ExcelBatchGenerator.RuleGenerator] 合并区域: 行20 列10 跨1行 1列
[2026-08-21 21:29:09.966] [INFO] [ExcelBatchGenerator.RuleGenerator] 合并区域: 行20 列11 跨1行 1列
[2026-08-21 21:29:09.966] [INFO] [ExcelBatchGenerator.RuleGenerator] 合并区域: 行20 列12 跨1行 1列
[2026-08-21 21:29:09.966] [INFO] [ExcelBatchGenerator.RuleGenerator] 合并区域: 行20 列13 跨1行 1列
[2026-08-21 21:29:09.966] [INFO] [ExcelBatchGenerator.RuleGenerator] 合并区域: 行20 列14 跨1行 1列
[2026-08-21 21:29:09.966] [INFO] [ExcelBatchGenerator.RuleGenerator] 合并区域: 行20 列15 跨1行 1列
[2026-08-21 21:29:09.966] [INFO] [ExcelBatchGenerator.RuleGenerator] 合并区域: 行20 列16 跨1行 1列
[2026-08-21 21:29:09.966] [INFO] [ExcelBatchGenerator.RuleGenerator] 合并区域: 行20 列17 跨1行 1列
[2026-08-21 21:29:09.966] [INFO] [ExcelBatchGenerator.RuleGenerator] 合并区域: 行20 列18 跨1行 1列
[2026-08-21 21:29:09.966] [INFO] [ExcelBatchGenerator.RuleGenerator] 合并区域: 行20 列19 跨1行 1列
[2026-08-21 21:29:09.967] [INFO] [ExcelBatchGenerator.RuleGenerator] 合并区域: 行20 列20 跨1行 1列
[2026-08-21 21:29:09.967] [INFO] [ExcelBatchGenerator.RuleGenerator] 切换到工作表: 过程尺寸检验记录
[2026-08-21 21:29:14.656] [INFO] [ExcelBatchGenerator.RuleGenerator] 规则生成器关闭
[2026-08-21 21:31:53.050] [INFO] [ExcelBatchGenerator.MainWindow] 程序启动
[2026-08-21 21:31:56.572] [INFO] [ExcelBatchGenerator.MainWindow] 加载模板: 25040_W-97B配件过程检验表模板.xlsx
[2026-08-21 21:31:56.573] [INFO] [ExcelBatchGenerator.MainWindow] 加载配置: 25040_W-97B配件 - 过程
[2026-08-21 21:31:56.654] [INFO] [ExcelBatchGenerator.MainWindow] 加载配置: 25040_W-97B配件 - 过程
[2026-08-21 21:31:56.655] [INFO] [ExcelBatchGenerator.MainWindow] 模板路径已保存: E:/test-shenzhen/文档模板/97B/25040-97B配件/过程检验表/25040_W-97B配件过程检验表模板.xlsx
[2026-08-21 21:31:58.276] [INFO] [ExcelBatchGenerator.RuleGenerator] ==================================================
[2026-08-21 21:31:58.276] [INFO] [ExcelBatchGenerator.RuleGenerator] 规则生成器启动
[2026-08-21 21:31:58.276] [INFO] [ExcelBatchGenerator.RuleGenerator]   模板路径: E:/test-shenzhen/文档模板/97B/25040-97B配件/过程检验表/25040_W-97B配件过程检验表模板.xlsx
[2026-08-21 21:31:58.276] [INFO] [ExcelBatchGenerator.RuleGenerator]   产品名称: 25040_W-97B配件
[2026-08-21 21:31:58.277] [INFO] [ExcelBatchGenerator.RuleGenerator]   模板类型: 
[2026-08-21 21:31:58.277] [INFO] [ExcelBatchGenerator.RuleGenerator] ==================================================
[2026-08-21 21:31:58.278] [INFO] [ExcelBatchGenerator.RuleGenerator] 初始化 UI...
[2026-08-21 21:31:58.281] [INFO] [ExcelBatchGenerator.RuleGenerator] UI 初始化完成
[2026-08-21 21:31:58.281] [INFO] [ExcelBatchGenerator.RuleGenerator] 自动切换到按行匹配模式（首件/成品模板）
[2026-08-21 21:31:58.281] [INFO] [ExcelBatchGenerator.RuleGenerator] 开始加载 Excel...
[2026-08-21 21:31:58.281] [INFO] [ExcelBatchGenerator.RuleGenerator] load_excel: 开始
[2026-08-21 21:31:58.281] [INFO] [ExcelBatchGenerator.RuleGenerator] 使用 win32com 加载: E:/test-shenzhen/文档模板/97B/25040-97B配件/过程检验表/25040_W-97B配件过程检验表模板.xlsx
[2026-08-21 21:31:58.281] [INFO] [ExcelBatchGenerator.RuleGenerator] 启动 Excel 应用程序...
[2026-08-21 21:31:58.285] [INFO] [ExcelBatchGenerator.RuleGenerator] Excel 已启动
[2026-08-21 21:31:58.286] [INFO] [ExcelBatchGenerator.RuleGenerator] 打开工作簿: E:/test-shenzhen/文档模板/97B/25040-97B配件/过程检验表/25040_W-97B配件过程检验表模板.xlsx
[2026-08-21 21:31:58.319] [INFO] [ExcelBatchGenerator.RuleGenerator] 工作簿已打开
[2026-08-21 21:31:58.326] [INFO] [ExcelBatchGenerator.RuleGenerator] 共 2 个工作表: ['按时检验记录', '过程尺寸检验记录']
[2026-08-21 21:31:58.327] [INFO] [ExcelBatchGenerator.RuleGenerator] _load_sheet_data: 加载工作表 按时检验记录
[2026-08-21 21:31:59.947] [INFO] [ExcelBatchGenerator.RuleGenerator] 通过遍历方式获取到 445 个合并区域
[2026-08-21 21:31:59.948] [INFO] [ExcelBatchGenerator.RuleGenerator] 检测到 445 个合并区域
[2026-08-21 21:32:01.190] [INFO] [ExcelBatchGenerator.RuleGenerator] 实际数据范围: 18 行, 30 列
[2026-08-21 21:32:01.190] [INFO] [ExcelBatchGenerator.RuleGenerator] max_row=18, max_col=30
[2026-08-21 21:32:01.190] [INFO] [ExcelBatchGenerator.RuleGenerator] _populate_table_from_win32: 开始填充 18x30
[2026-08-21 21:32:01.193] [INFO] [ExcelBatchGenerator.RuleGenerator] 读取单元格数据...
[2026-08-21 21:32:02.853] [INFO] [ExcelBatchGenerator.RuleGenerator] 单元格数据读取完成
[2026-08-21 21:32:02.853] [INFO] [ExcelBatchGenerator.RuleGenerator] 已应用 21 个合并区域
[2026-08-21 21:32:02.854] [INFO] [ExcelBatchGenerator.RuleGenerator] L5 item 存在，文本: ''
[2026-08-21 21:32:02.854] [INFO] [ExcelBatchGenerator.RuleGenerator] _populate_table_from_win32: 完成
[2026-08-21 21:32:02.857] [INFO] [ExcelBatchGenerator.RuleGenerator] 合并区域: 行1 列1 跨1行 17列
[2026-08-21 21:32:02.858] [INFO] [ExcelBatchGenerator.RuleGenerator] 合并区域: 行1 列18 跨1行 1列
[2026-08-21 21:32:02.858] [INFO] [ExcelBatchGenerator.RuleGenerator] 合并区域: 行1 列19 跨1行 1列
[2026-08-21 21:32:02.858] [INFO] [ExcelBatchGenerator.RuleGenerator] 合并区域: 行1 列20 跨1行 1列
[2026-08-21 21:32:02.858] [INFO] [ExcelBatchGenerator.RuleGenerator] 合并区域: 行1 列21 跨1行 1列
[2026-08-21 21:32:02.858] [INFO] [ExcelBatchGenerator.RuleGenerator] 合并区域: 行1 列22 跨1行 1列
[2026-08-21 21:32:02.858] [INFO] [ExcelBatchGenerator.RuleGenerator] 合并区域: 行1 列23 跨1行 1列
[2026-08-21 21:32:02.858] [INFO] [ExcelBatchGenerator.RuleGenerator] 合并区域: 行1 列24 跨1行 1列
[2026-08-21 21:32:02.858] [INFO] [ExcelBatchGenerator.RuleGenerator] 合并区域: 行1 列25 跨1行 1列
[2026-08-21 21:32:02.858] [INFO] [ExcelBatchGenerator.RuleGenerator] 合并区域: 行1 列26 跨1行 1列
[2026-08-21 21:32:02.858] [INFO] [ExcelBatchGenerator.RuleGenerator] 合并区域: 行1 列27 跨1行 1列
[2026-08-21 21:32:02.858] [INFO] [ExcelBatchGenerator.RuleGenerator] 合并区域: 行1 列28 跨1行 1列
[2026-08-21 21:32:02.858] [INFO] [ExcelBatchGenerator.RuleGenerator] 合并区域: 行1 列29 跨1行 1列
[2026-08-21 21:32:02.858] [INFO] [ExcelBatchGenerator.RuleGenerator] 合并区域: 行1 列30 跨1行 1列
[2026-08-21 21:32:02.859] [INFO] [ExcelBatchGenerator.RuleGenerator] 合并区域: 行2 列1 跨1行 17列
[2026-08-21 21:32:02.859] [INFO] [ExcelBatchGenerator.RuleGenerator] 合并区域: 行2 列18 跨1行 1列
[2026-08-21 21:32:02.859] [INFO] [ExcelBatchGenerator.RuleGenerator] 合并区域: 行2 列19 跨1行 1列
[2026-08-21 21:32:02.859] [INFO] [ExcelBatchGenerator.RuleGenerator] 合并区域: 行2 列20 跨1行 1列
[2026-08-21 21:32:02.859] [INFO] [ExcelBatchGenerator.RuleGenerator] 合并区域: 行2 列21 跨1行 1列
[2026-08-21 21:32:02.859] [INFO] [ExcelBatchGenerator.RuleGenerator] 合并区域: 行2 列22 跨1行 1列
[2026-08-21 21:32:02.859] [INFO] [ExcelBatchGenerator.RuleGenerator] 合并区域: 行2 列23 跨1行 1列
[2026-08-21 21:32:02.859] [INFO] [ExcelBatchGenerator.RuleGenerator] 合并区域: 行2 列24 跨1行 1列
[2026-08-21 21:32:02.859] [INFO] [ExcelBatchGenerator.RuleGenerator] 合并区域: 行2 列25 跨1行 1列
[2026-08-21 21:32:02.859] [INFO] [ExcelBatchGenerator.RuleGenerator] 合并区域: 行2 列26 跨1行 1列
[2026-08-21 21:32:02.859] [INFO] [ExcelBatchGenerator.RuleGenerator] 合并区域: 行2 列27 跨1行 1列
[2026-08-21 21:32:02.860] [INFO] [ExcelBatchGenerator.RuleGenerator] 合并区域: 行2 列28 跨1行 1列
[2026-08-21 21:32:02.860] [INFO] [ExcelBatchGenerator.RuleGenerator] 合并区域: 行2 列29 跨1行 1列
[2026-08-21 21:32:02.860] [INFO] [ExcelBatchGenerator.RuleGenerator] 合并区域: 行2 列30 跨1行 1列
[2026-08-21 21:32:02.860] [INFO] [ExcelBatchGenerator.RuleGenerator] 合并区域: 行3 列1 跨1行 1列
[2026-08-21 21:32:02.861] [INFO] [ExcelBatchGenerator.RuleGenerator] 合并区域: 行3 列2 跨1行 1列
[2026-08-21 21:32:02.861] [INFO] [ExcelBatchGenerator.RuleGenerator] 合并区域: 行3 列3 跨1行 1列
[2026-08-21 21:32:02.861] [INFO] [ExcelBatchGenerator.RuleGenerator] 合并区域: 行3 列4 跨1行 1列
[2026-08-21 21:32:02.861] [INFO] [ExcelBatchGenerator.RuleGenerator] 合并区域: 行3 列5 跨1行 1列
[2026-08-21 21:32:02.861] [INFO] [ExcelBatchGenerator.RuleGenerator] 合并区域: 行3 列6 跨1行 1列
[2026-08-21 21:32:02.861] [INFO] [ExcelBatchGenerator.RuleGenerator] 合并区域: 行3 列7 跨1行 1列
[2026-08-21 21:32:02.862] [INFO] [ExcelBatchGenerator.RuleGenerator] 合并区域: 行3 列8 跨1行 1列
[2026-08-21 21:32:02.862] [INFO] [ExcelBatchGenerator.RuleGenerator] 合并区域: 行3 列9 跨1行 1列
[2026-08-21 21:32:02.862] [INFO] [ExcelBatchGenerator.RuleGenerator] 合并区域: 行3 列10 跨1行 1列
[2026-08-21 21:32:02.862] [INFO] [ExcelBatchGenerator.RuleGenerator] 合并区域: 行3 列11 跨1行 1列
[2026-08-21 21:32:02.862] [INFO] [ExcelBatchGenerator.RuleGenerator] 合并区域: 行3 列12 跨1行 1列
[2026-08-21 21:32:02.862] [INFO] [ExcelBatchGenerator.RuleGenerator] 合并区域: 行3 列13 跨1行 5列
[2026-08-21 21:32:02.862] [INFO] [ExcelBatchGenerator.RuleGenerator] 合并区域: 行3 列18 跨1行 1列
[2026-08-21 21:32:02.862] [INFO] [ExcelBatchGenerator.RuleGenerator] 合并区域: 行3 列19 跨1行 1列
[2026-08-21 21:32:02.862] [INFO] [ExcelBatchGenerator.RuleGenerator] 合并区域: 行3 列20 跨1行 1列
[2026-08-21 21:32:02.862] [INFO] [ExcelBatchGenerator.RuleGenerator] 合并区域: 行3 列21 跨1行 1列
[2026-08-21 21:32:02.863] [INFO] [ExcelBatchGenerator.RuleGenerator] 合并区域: 行3 列22 跨1行 1列
[2026-08-21 21:32:02.863] [INFO] [ExcelBatchGenerator.RuleGenerator] 合并区域: 行3 列23 跨1行 1列
[2026-08-21 21:32:02.863] [INFO] [ExcelBatchGenerator.RuleGenerator] 合并区域: 行3 列24 跨1行 1列
[2026-08-21 21:32:02.863] [INFO] [ExcelBatchGenerator.RuleGenerator] 合并区域: 行3 列25 跨1行 1列
[2026-08-21 21:32:02.863] [INFO] [ExcelBatchGenerator.RuleGenerator] 合并区域: 行3 列26 跨1行 1列
[2026-08-21 21:32:02.863] [INFO] [ExcelBatchGenerator.RuleGenerator] 合并区域: 行3 列27 跨1行 1列
[2026-08-21 21:32:02.863] [INFO] [ExcelBatchGenerator.RuleGenerator] 合并区域: 行3 列28 跨1行 1列
[2026-08-21 21:32:02.863] [INFO] [ExcelBatchGenerator.RuleGenerator] 合并区域: 行3 列29 跨1行 1列
[2026-08-21 21:32:02.863] [INFO] [ExcelBatchGenerator.RuleGenerator] 合并区域: 行3 列30 跨1行 1列
[2026-08-21 21:32:02.863] [INFO] [ExcelBatchGenerator.RuleGenerator] 合并区域: 行4 列1 跨2行 1列
[2026-08-21 21:32:02.863] [INFO] [ExcelBatchGenerator.RuleGenerator] 合并区域: 行4 列2 跨2行 1列
[2026-08-21 21:32:02.863] [INFO] [ExcelBatchGenerator.RuleGenerator] 合并区域: 行4 列3 跨2行 1列
[2026-08-21 21:32:02.863] [INFO] [ExcelBatchGenerator.RuleGenerator] 合并区域: 行4 列4 跨2行 1列
[2026-08-21 21:32:02.864] [INFO] [ExcelBatchGenerator.RuleGenerator] 合并区域: 行4 列5 跨1行 1列
[2026-08-21 21:32:02.864] [INFO] [ExcelBatchGenerator.RuleGenerator] 合并区域: 行4 列6 跨1行 1列
[2026-08-21 21:32:02.864] [INFO] [ExcelBatchGenerator.RuleGenerator] 合并区域: 行4 列7 跨1行 1列
[2026-08-21 21:32:02.864] [INFO] [ExcelBatchGenerator.RuleGenerator] 合并区域: 行4 列8 跨1行 1列
[2026-08-21 21:32:02.864] [INFO] [ExcelBatchGenerator.RuleGenerator] 合并区域: 行4 列9 跨1行 1列
[2026-08-21 21:32:02.864] [INFO] [ExcelBatchGenerator.RuleGenerator] 合并区域: 行4 列10 跨1行 1列
[2026-08-21 21:32:02.864] [INFO] [ExcelBatchGenerator.RuleGenerator] 合并区域: 行4 列11 跨1行 1列
[2026-08-21 21:32:02.864] [INFO] [ExcelBatchGenerator.RuleGenerator] 合并区域: 行4 列12 跨2行 1列
[2026-08-21 21:32:02.864] [INFO] [ExcelBatchGenerator.RuleGenerator] 合并区域: 行4 列13 跨2行 1列
[2026-08-21 21:32:02.864] [INFO] [ExcelBatchGenerator.RuleGenerator] 合并区域: 行4 列14 跨2行 4列
[2026-08-21 21:32:02.864] [INFO] [ExcelBatchGenerator.RuleGenerator] 合并区域: 行4 列18 跨1行 1列
[2026-08-21 21:32:02.864] [INFO] [ExcelBatchGenerator.RuleGenerator] 合并区域: 行4 列19 跨1行 1列
[2026-08-21 21:32:02.864] [INFO] [ExcelBatchGenerator.RuleGenerator] 合并区域: 行4 列20 跨1行 1列
[2026-08-21 21:32:02.865] [INFO] [ExcelBatchGenerator.RuleGenerator] 合并区域: 行4 列21 跨1行 1列
[2026-08-21 21:32:02.865] [INFO] [ExcelBatchGenerator.RuleGenerator] 合并区域: 行4 列22 跨1行 1列
[2026-08-21 21:32:02.865] [INFO] [ExcelBatchGenerator.RuleGenerator] 合并区域: 行4 列23 跨1行 1列
[2026-08-21 21:32:02.865] [INFO] [ExcelBatchGenerator.RuleGenerator] 合并区域: 行4 列24 跨1行 1列
[2026-08-21 21:32:02.865] [INFO] [ExcelBatchGenerator.RuleGenerator] 合并区域: 行4 列25 跨1行 1列
[2026-08-21 21:32:02.865] [INFO] [ExcelBatchGenerator.RuleGenerator] 合并区域: 行4 列26 跨1行 1列
[2026-08-21 21:32:02.865] [INFO] [ExcelBatchGenerator.RuleGenerator] 合并区域: 行4 列27 跨1行 1列
[2026-08-21 21:32:02.865] [INFO] [ExcelBatchGenerator.RuleGenerator] 合并区域: 行4 列28 跨1行 1列
[2026-08-21 21:32:02.865] [INFO] [ExcelBatchGenerator.RuleGenerator] 合并区域: 行4 列29 跨1行 1列
[2026-08-21 21:32:02.865] [INFO] [ExcelBatchGenerator.RuleGenerator] 合并区域: 行4 列30 跨1行 1列
[2026-08-21 21:32:02.865] [INFO] [ExcelBatchGenerator.RuleGenerator] 合并区域: 行5 列5 跨1行 1列
[2026-08-21 21:32:02.865] [INFO] [ExcelBatchGenerator.RuleGenerator] 合并区域: 行5 列6 跨1行 1列
[2026-08-21 21:32:02.865] [INFO] [ExcelBatchGenerator.RuleGenerator] 合并区域: 行5 列7 跨1行 1列
[2026-08-21 21:32:02.865] [INFO] [ExcelBatchGenerator.RuleGenerator] 合并区域: 行5 列8 跨1行 1列
[2026-08-21 21:32:02.865] [INFO] [ExcelBatchGenerator.RuleGenerator] 合并区域: 行5 列9 跨1行 1列
[2026-08-21 21:32:02.865] [INFO] [ExcelBatchGenerator.RuleGenerator] 合并区域: 行5 列10 跨1行 1列
[2026-08-21 21:32:02.866] [INFO] [ExcelBatchGenerator.RuleGenerator] 合并区域: 行5 列11 跨1行 1列
[2026-08-21 21:32:02.866] [INFO] [ExcelBatchGenerator.RuleGenerator] 合并区域: 行5 列18 跨1行 1列
[2026-08-21 21:32:02.866] [INFO] [ExcelBatchGenerator.RuleGenerator] 合并区域: 行5 列19 跨1行 1列
[2026-08-21 21:32:02.866] [INFO] [ExcelBatchGenerator.RuleGenerator] 合并区域: 行5 列20 跨1行 1列
[2026-08-21 21:32:02.866] [INFO] [ExcelBatchGenerator.RuleGenerator] 合并区域: 行5 列21 跨1行 1列
[2026-08-21 21:32:02.866] [INFO] [ExcelBatchGenerator.RuleGenerator] 合并区域: 行5 列22 跨1行 1列
[2026-08-21 21:32:02.866] [INFO] [ExcelBatchGenerator.RuleGenerator] 合并区域: 行5 列23 跨1行 1列
[2026-08-21 21:32:02.866] [INFO] [ExcelBatchGenerator.RuleGenerator] 合并区域: 行5 列24 跨1行 1列
[2026-08-21 21:32:02.866] [INFO] [ExcelBatchGenerator.RuleGenerator] 合并区域: 行5 列25 跨1行 1列
[2026-08-21 21:32:02.866] [INFO] [ExcelBatchGenerator.RuleGenerator] 合并区域: 行5 列26 跨1行 1列
[2026-08-21 21:32:02.866] [INFO] [ExcelBatchGenerator.RuleGenerator] 合并区域: 行5 列27 跨1行 1列
[2026-08-21 21:32:02.866] [INFO] [ExcelBatchGenerator.RuleGenerator] 合并区域: 行5 列28 跨1行 1列
[2026-08-21 21:32:02.866] [INFO] [ExcelBatchGenerator.RuleGenerator] 合并区域: 行5 列29 跨1行 1列
[2026-08-21 21:32:02.866] [INFO] [ExcelBatchGenerator.RuleGenerator] 合并区域: 行5 列30 跨1行 1列
[2026-08-21 21:32:02.866] [INFO] [ExcelBatchGenerator.RuleGenerator] 合并区域: 行6 列1 跨1行 1列
[2026-08-21 21:32:02.866] [INFO] [ExcelBatchGenerator.RuleGenerator] 合并区域: 行6 列2 跨1行 1列
[2026-08-21 21:32:02.866] [INFO] [ExcelBatchGenerator.RuleGenerator] 合并区域: 行6 列3 跨1行 1列
[2026-08-21 21:32:02.866] [INFO] [ExcelBatchGenerator.RuleGenerator] 合并区域: 行6 列4 跨1行 1列
[2026-08-21 21:32:02.867] [INFO] [ExcelBatchGenerator.RuleGenerator] 合并区域: 行6 列5 跨1行 1列
[2026-08-21 21:32:02.867] [INFO] [ExcelBatchGenerator.RuleGenerator] 合并区域: 行6 列6 跨1行 1列
[2026-08-21 21:32:02.867] [INFO] [ExcelBatchGenerator.RuleGenerator] 合并区域: 行6 列7 跨1行 1列
[2026-08-21 21:32:02.867] [INFO] [ExcelBatchGenerator.RuleGenerator] 合并区域: 行6 列8 跨1行 1列
[2026-08-21 21:32:02.867] [INFO] [ExcelBatchGenerator.RuleGenerator] 合并区域: 行6 列9 跨1行 1列
[2026-08-21 21:32:02.867] [INFO] [ExcelBatchGenerator.RuleGenerator] 合并区域: 行6 列10 跨1行 1列
[2026-08-21 21:32:02.867] [INFO] [ExcelBatchGenerator.RuleGenerator] 合并区域: 行6 列11 跨1行 1列
[2026-08-21 21:32:02.867] [INFO] [ExcelBatchGenerator.RuleGenerator] 合并区域: 行6 列12 跨1行 1列
[2026-08-21 21:32:02.867] [INFO] [ExcelBatchGenerator.RuleGenerator] 合并区域: 行6 列13 跨1行 1列
[2026-08-21 21:32:02.867] [INFO] [ExcelBatchGenerator.RuleGenerator] 合并区域: 行6 列14 跨1行 4列
[2026-08-21 21:32:02.867] [INFO] [ExcelBatchGenerator.RuleGenerator] 合并区域: 行6 列18 跨1行 1列
[2026-08-21 21:32:02.867] [INFO] [ExcelBatchGenerator.RuleGenerator] 合并区域: 行6 列19 跨1行 1列
[2026-08-21 21:32:02.867] [INFO] [ExcelBatchGenerator.RuleGenerator] 合并区域: 行6 列20 跨1行 1列
[2026-08-21 21:32:02.867] [INFO] [ExcelBatchGenerator.RuleGenerator] 合并区域: 行6 列21 跨1行 1列
[2026-08-21 21:32:02.867] [INFO] [ExcelBatchGenerator.RuleGenerator] 合并区域: 行6 列22 跨1行 1列
[2026-08-21 21:32:02.867] [INFO] [ExcelBatchGenerator.RuleGenerator] 合并区域: 行6 列23 跨1行 1列
[2026-08-21 21:32:02.867] [INFO] [ExcelBatchGenerator.RuleGenerator] 合并区域: 行6 列24 跨1行 1列
[2026-08-21 21:32:02.867] [INFO] [ExcelBatchGenerator.RuleGenerator] 合并区域: 行6 列25 跨1行 1列
[2026-08-21 21:32:02.868] [INFO] [ExcelBatchGenerator.RuleGenerator] 合并区域: 行6 列26 跨1行 1列
[2026-08-21 21:32:02.868] [INFO] [ExcelBatchGenerator.RuleGenerator] 合并区域: 行6 列27 跨1行 1列
[2026-08-21 21:32:02.868] [INFO] [ExcelBatchGenerator.RuleGenerator] 合并区域: 行6 列28 跨1行 1列
[2026-08-21 21:32:02.868] [INFO] [ExcelBatchGenerator.RuleGenerator] 合并区域: 行6 列29 跨1行 1列
[2026-08-21 21:32:02.868] [INFO] [ExcelBatchGenerator.RuleGenerator] 合并区域: 行6 列30 跨1行 1列
[2026-08-21 21:32:02.868] [INFO] [ExcelBatchGenerator.RuleGenerator] 合并区域: 行7 列1 跨1行 1列
[2026-08-21 21:32:02.868] [INFO] [ExcelBatchGenerator.RuleGenerator] 合并区域: 行7 列2 跨1行 1列
[2026-08-21 21:32:02.868] [INFO] [ExcelBatchGenerator.RuleGenerator] 合并区域: 行7 列3 跨1行 1列
[2026-08-21 21:32:02.868] [INFO] [ExcelBatchGenerator.RuleGenerator] 合并区域: 行7 列4 跨1行 1列
[2026-08-21 21:32:02.868] [INFO] [ExcelBatchGenerator.RuleGenerator] 合并区域: 行7 列5 跨1行 1列
[2026-08-21 21:32:02.868] [INFO] [ExcelBatchGenerator.RuleGenerator] 合并区域: 行7 列6 跨1行 1列
[2026-08-21 21:32:02.868] [INFO] [ExcelBatchGenerator.RuleGenerator] 合并区域: 行7 列7 跨1行 1列
[2026-08-21 21:32:02.868] [INFO] [ExcelBatchGenerator.RuleGenerator] 合并区域: 行7 列8 跨1行 1列
[2026-08-21 21:32:02.868] [INFO] [ExcelBatchGenerator.RuleGenerator] 合并区域: 行7 列9 跨1行 1列
[2026-08-21 21:32:02.868] [INFO] [ExcelBatchGenerator.RuleGenerator] 合并区域: 行7 列10 跨1行 1列
[2026-08-21 21:32:02.868] [INFO] [ExcelBatchGenerator.RuleGenerator] 合并区域: 行7 列11 跨1行 1列
[2026-08-21 21:32:02.868] [INFO] [ExcelBatchGenerator.RuleGenerator] 合并区域: 行7 列12 跨1行 1列
[2026-08-21 21:32:02.869] [INFO] [ExcelBatchGenerator.RuleGenerator] 合并区域: 行7 列13 跨1行 1列
[2026-08-21 21:32:02.869] [INFO] [ExcelBatchGenerator.RuleGenerator] 合并区域: 行7 列14 跨1行 4列
[2026-08-21 21:32:02.869] [INFO] [ExcelBatchGenerator.RuleGenerator] 合并区域: 行7 列18 跨1行 1列
[2026-08-21 21:32:02.869] [INFO] [ExcelBatchGenerator.RuleGenerator] 合并区域: 行7 列19 跨1行 1列
[2026-08-21 21:32:02.869] [INFO] [ExcelBatchGenerator.RuleGenerator] 合并区域: 行7 列20 跨1行 1列
[2026-08-21 21:32:02.869] [INFO] [ExcelBatchGenerator.RuleGenerator] 合并区域: 行7 列21 跨1行 1列
[2026-08-21 21:32:02.869] [INFO] [ExcelBatchGenerator.RuleGenerator] 合并区域: 行7 列22 跨1行 1列
[2026-08-21 21:32:02.869] [INFO] [ExcelBatchGenerator.RuleGenerator] 合并区域: 行7 列23 跨1行 1列
[2026-08-21 21:32:02.869] [INFO] [ExcelBatchGenerator.RuleGenerator] 合并区域: 行7 列24 跨1行 1列
[2026-08-21 21:32:02.869] [INFO] [ExcelBatchGenerator.RuleGenerator] 合并区域: 行7 列25 跨1行 1列
[2026-08-21 21:32:02.869] [INFO] [ExcelBatchGenerator.RuleGenerator] 合并区域: 行7 列26 跨1行 1列
[2026-08-21 21:32:02.870] [INFO] [ExcelBatchGenerator.RuleGenerator] 合并区域: 行7 列27 跨1行 1列
[2026-08-21 21:32:02.870] [INFO] [ExcelBatchGenerator.RuleGenerator] 合并区域: 行7 列28 跨1行 1列
[2026-08-21 21:32:02.870] [INFO] [ExcelBatchGenerator.RuleGenerator] 合并区域: 行7 列29 跨1行 1列
[2026-08-21 21:32:02.870] [INFO] [ExcelBatchGenerator.RuleGenerator] 合并区域: 行7 列30 跨1行 1列
[2026-08-21 21:32:02.870] [INFO] [ExcelBatchGenerator.RuleGenerator] 合并区域: 行8 列1 跨1行 1列
[2026-08-21 21:32:02.870] [INFO] [ExcelBatchGenerator.RuleGenerator] 合并区域: 行8 列2 跨1行 1列
[2026-08-21 21:32:02.870] [INFO] [ExcelBatchGenerator.RuleGenerator] 合并区域: 行8 列3 跨1行 1列
[2026-08-21 21:32:02.870] [INFO] [ExcelBatchGenerator.RuleGenerator] 合并区域: 行8 列4 跨1行 1列
[2026-08-21 21:32:02.870] [INFO] [ExcelBatchGenerator.RuleGenerator] 合并区域: 行8 列5 跨1行 1列
[2026-08-21 21:32:02.870] [INFO] [ExcelBatchGenerator.RuleGenerator] 合并区域: 行8 列6 跨1行 1列
[2026-08-21 21:32:02.870] [INFO] [ExcelBatchGenerator.RuleGenerator] 合并区域: 行8 列7 跨1行 1列
[2026-08-21 21:32:02.870] [INFO] [ExcelBatchGenerator.RuleGenerator] 合并区域: 行8 列8 跨1行 1列
[2026-08-21 21:32:02.870] [INFO] [ExcelBatchGenerator.RuleGenerator] 合并区域: 行8 列9 跨1行 1列
[2026-08-21 21:32:02.870] [INFO] [ExcelBatchGenerator.RuleGenerator] 合并区域: 行8 列10 跨1行 1列
[2026-08-21 21:32:02.870] [INFO] [ExcelBatchGenerator.RuleGenerator] 合并区域: 行8 列11 跨1行 1列
[2026-08-21 21:32:02.870] [INFO] [ExcelBatchGenerator.RuleGenerator] 合并区域: 行8 列12 跨1行 1列
[2026-08-21 21:32:02.870] [INFO] [ExcelBatchGenerator.RuleGenerator] 合并区域: 行8 列13 跨1行 1列
[2026-08-21 21:32:02.871] [INFO] [ExcelBatchGenerator.RuleGenerator] 合并区域: 行8 列14 跨1行 4列
[2026-08-21 21:32:02.871] [INFO] [ExcelBatchGenerator.RuleGenerator] 合并区域: 行8 列18 跨1行 1列
[2026-08-21 21:32:02.871] [INFO] [ExcelBatchGenerator.RuleGenerator] 合并区域: 行8 列19 跨1行 1列
[2026-08-21 21:32:02.871] [INFO] [ExcelBatchGenerator.RuleGenerator] 合并区域: 行8 列20 跨1行 1列
[2026-08-21 21:32:02.871] [INFO] [ExcelBatchGenerator.RuleGenerator] 合并区域: 行8 列21 跨1行 1列
[2026-08-21 21:32:02.871] [INFO] [ExcelBatchGenerator.RuleGenerator] 合并区域: 行8 列22 跨1行 1列
[2026-08-21 21:32:02.871] [INFO] [ExcelBatchGenerator.RuleGenerator] 合并区域: 行8 列23 跨1行 1列
[2026-08-21 21:32:02.871] [INFO] [ExcelBatchGenerator.RuleGenerator] 合并区域: 行8 列24 跨1行 1列
[2026-08-21 21:32:02.871] [INFO] [ExcelBatchGenerator.RuleGenerator] 合并区域: 行8 列25 跨1行 1列
[2026-08-21 21:32:02.871] [INFO] [ExcelBatchGenerator.RuleGenerator] 合并区域: 行8 列26 跨1行 1列
[2026-08-21 21:32:02.871] [INFO] [ExcelBatchGenerator.RuleGenerator] 合并区域: 行8 列27 跨1行 1列
[2026-08-21 21:32:02.871] [INFO] [ExcelBatchGenerator.RuleGenerator] 合并区域: 行8 列28 跨1行 1列
[2026-08-21 21:32:02.871] [INFO] [ExcelBatchGenerator.RuleGenerator] 合并区域: 行8 列29 跨1行 1列
[2026-08-21 21:32:02.871] [INFO] [ExcelBatchGenerator.RuleGenerator] 合并区域: 行8 列30 跨1行 1列
[2026-08-21 21:32:02.871] [INFO] [ExcelBatchGenerator.RuleGenerator] 合并区域: 行9 列1 跨1行 1列
[2026-08-21 21:32:02.871] [INFO] [ExcelBatchGenerator.RuleGenerator] 合并区域: 行9 列2 跨1行 1列
[2026-08-21 21:32:02.871] [INFO] [ExcelBatchGenerator.RuleGenerator] 合并区域: 行9 列3 跨1行 1列
[2026-08-21 21:32:02.872] [INFO] [ExcelBatchGenerator.RuleGenerator] 合并区域: 行9 列4 跨1行 1列
[2026-08-21 21:32:02.872] [INFO] [ExcelBatchGenerator.RuleGenerator] 合并区域: 行9 列5 跨1行 1列
[2026-08-21 21:32:02.872] [INFO] [ExcelBatchGenerator.RuleGenerator] 合并区域: 行9 列6 跨1行 1列
[2026-08-21 21:32:02.872] [INFO] [ExcelBatchGenerator.RuleGenerator] 合并区域: 行9 列7 跨1行 1列
[2026-08-21 21:32:02.872] [INFO] [ExcelBatchGenerator.RuleGenerator] 合并区域: 行9 列8 跨1行 1列
[2026-08-21 21:32:02.872] [INFO] [ExcelBatchGenerator.RuleGenerator] 合并区域: 行9 列9 跨1行 1列
[2026-08-21 21:32:02.872] [INFO] [ExcelBatchGenerator.RuleGenerator] 合并区域: 行9 列10 跨1行 1列
[2026-08-21 21:32:02.872] [INFO] [ExcelBatchGenerator.RuleGenerator] 合并区域: 行9 列11 跨1行 1列
[2026-08-21 21:32:02.872] [INFO] [ExcelBatchGenerator.RuleGenerator] 合并区域: 行9 列12 跨1行 1列
[2026-08-21 21:32:02.872] [INFO] [ExcelBatchGenerator.RuleGenerator] 合并区域: 行9 列13 跨1行 1列
[2026-08-21 21:32:02.872] [INFO] [ExcelBatchGenerator.RuleGenerator] 合并区域: 行9 列14 跨1行 4列
[2026-08-21 21:32:02.872] [INFO] [ExcelBatchGenerator.RuleGenerator] 合并区域: 行9 列18 跨1行 1列
[2026-08-21 21:32:02.872] [INFO] [ExcelBatchGenerator.RuleGenerator] 合并区域: 行9 列19 跨1行 1列
[2026-08-21 21:32:02.872] [INFO] [ExcelBatchGenerator.RuleGenerator] 合并区域: 行9 列20 跨1行 1列
[2026-08-21 21:32:02.872] [INFO] [ExcelBatchGenerator.RuleGenerator] 合并区域: 行9 列21 跨1行 1列
[2026-08-21 21:32:02.872] [INFO] [ExcelBatchGenerator.RuleGenerator] 合并区域: 行9 列22 跨1行 1列
[2026-08-21 21:32:02.872] [INFO] [ExcelBatchGenerator.RuleGenerator] 合并区域: 行9 列23 跨1行 1列
[2026-08-21 21:32:02.872] [INFO] [ExcelBatchGenerator.RuleGenerator] 合并区域: 行9 列24 跨1行 1列
[2026-08-21 21:32:02.873] [INFO] [ExcelBatchGenerator.RuleGenerator] 合并区域: 行9 列25 跨1行 1列
[2026-08-21 21:32:02.873] [INFO] [ExcelBatchGenerator.RuleGenerator] 合并区域: 行9 列26 跨1行 1列
[2026-08-21 21:32:02.873] [INFO] [ExcelBatchGenerator.RuleGenerator] 合并区域: 行9 列27 跨1行 1列
[2026-08-21 21:32:02.873] [INFO] [ExcelBatchGenerator.RuleGenerator] 合并区域: 行9 列28 跨1行 1列
[2026-08-21 21:32:02.873] [INFO] [ExcelBatchGenerator.RuleGenerator] 合并区域: 行9 列29 跨1行 1列
[2026-08-21 21:32:02.873] [INFO] [ExcelBatchGenerator.RuleGenerator] 合并区域: 行9 列30 跨1行 1列
[2026-08-21 21:32:02.873] [INFO] [ExcelBatchGenerator.RuleGenerator] 合并区域: 行10 列1 跨1行 1列
[2026-08-21 21:32:02.873] [INFO] [ExcelBatchGenerator.RuleGenerator] 合并区域: 行10 列2 跨1行 1列
[2026-08-21 21:32:02.873] [INFO] [ExcelBatchGenerator.RuleGenerator] 合并区域: 行10 列3 跨1行 1列
[2026-08-21 21:32:02.873] [INFO] [ExcelBatchGenerator.RuleGenerator] 合并区域: 行10 列4 跨1行 1列
[2026-08-21 21:32:02.873] [INFO] [ExcelBatchGenerator.RuleGenerator] 合并区域: 行10 列5 跨1行 1列
[2026-08-21 21:32:02.873] [INFO] [ExcelBatchGenerator.RuleGenerator] 合并区域: 行10 列6 跨1行 1列
[2026-08-21 21:32:02.873] [INFO] [ExcelBatchGenerator.RuleGenerator] 合并区域: 行10 列7 跨1行 1列
[2026-08-21 21:32:02.873] [INFO] [ExcelBatchGenerator.RuleGenerator] 合并区域: 行10 列8 跨1行 1列
[2026-08-21 21:32:02.874] [INFO] [ExcelBatchGenerator.RuleGenerator] 合并区域: 行10 列9 跨1行 1列
[2026-08-21 21:32:02.874] [INFO] [ExcelBatchGenerator.RuleGenerator] 合并区域: 行10 列10 跨1行 1列
[2026-08-21 21:32:02.874] [INFO] [ExcelBatchGenerator.RuleGenerator] 合并区域: 行10 列11 跨1行 1列
[2026-08-21 21:32:02.874] [INFO] [ExcelBatchGenerator.RuleGenerator] 合并区域: 行10 列12 跨1行 1列
[2026-08-21 21:32:02.874] [INFO] [ExcelBatchGenerator.RuleGenerator] 合并区域: 行10 列13 跨1行 1列
[2026-08-21 21:32:02.874] [INFO] [ExcelBatchGenerator.RuleGenerator] 合并区域: 行10 列14 跨1行 4列
[2026-08-21 21:32:02.874] [INFO] [ExcelBatchGenerator.RuleGenerator] 合并区域: 行10 列18 跨1行 1列
[2026-08-21 21:32:02.874] [INFO] [ExcelBatchGenerator.RuleGenerator] 合并区域: 行10 列19 跨1行 1列
[2026-08-21 21:32:02.874] [INFO] [ExcelBatchGenerator.RuleGenerator] 合并区域: 行10 列20 跨1行 1列
[2026-08-21 21:32:02.874] [INFO] [ExcelBatchGenerator.RuleGenerator] 合并区域: 行10 列21 跨1行 1列
[2026-08-21 21:32:02.875] [INFO] [ExcelBatchGenerator.RuleGenerator] 合并区域: 行10 列22 跨1行 1列
[2026-08-21 21:32:02.875] [INFO] [ExcelBatchGenerator.RuleGenerator] 合并区域: 行10 列23 跨1行 1列
[2026-08-21 21:32:02.875] [INFO] [ExcelBatchGenerator.RuleGenerator] 合并区域: 行10 列24 跨1行 1列
[2026-08-21 21:32:02.875] [INFO] [ExcelBatchGenerator.RuleGenerator] 合并区域: 行10 列25 跨1行 1列
[2026-08-21 21:32:02.875] [INFO] [ExcelBatchGenerator.RuleGenerator] 合并区域: 行10 列26 跨1行 1列
[2026-08-21 21:32:02.875] [INFO] [ExcelBatchGenerator.RuleGenerator] 合并区域: 行10 列27 跨1行 1列
[2026-08-21 21:32:02.875] [INFO] [ExcelBatchGenerator.RuleGenerator] 合并区域: 行10 列28 跨1行 1列
[2026-08-21 21:32:02.875] [INFO] [ExcelBatchGenerator.RuleGenerator] 合并区域: 行10 列29 跨1行 1列
[2026-08-21 21:32:02.875] [INFO] [ExcelBatchGenerator.RuleGenerator] 合并区域: 行10 列30 跨1行 1列
[2026-08-21 21:32:02.875] [INFO] [ExcelBatchGenerator.RuleGenerator] 合并区域: 行11 列1 跨1行 1列
[2026-08-21 21:32:02.875] [INFO] [ExcelBatchGenerator.RuleGenerator] 合并区域: 行11 列2 跨1行 1列
[2026-08-21 21:32:02.875] [INFO] [ExcelBatchGenerator.RuleGenerator] 合并区域: 行11 列3 跨1行 1列
[2026-08-21 21:32:02.876] [INFO] [ExcelBatchGenerator.RuleGenerator] 合并区域: 行11 列4 跨1行 1列
[2026-08-21 21:32:02.876] [INFO] [ExcelBatchGenerator.RuleGenerator] 合并区域: 行11 列5 跨1行 1列
[2026-08-21 21:32:02.876] [INFO] [ExcelBatchGenerator.RuleGenerator] 合并区域: 行11 列6 跨1行 1列
[2026-08-21 21:32:02.876] [INFO] [ExcelBatchGenerator.RuleGenerator] 合并区域: 行11 列7 跨1行 1列
[2026-08-21 21:32:02.877] [INFO] [ExcelBatchGenerator.RuleGenerator] 合并区域: 行11 列8 跨1行 1列
[2026-08-21 21:32:02.877] [INFO] [ExcelBatchGenerator.RuleGenerator] 合并区域: 行11 列9 跨1行 1列
[2026-08-21 21:32:02.877] [INFO] [ExcelBatchGenerator.RuleGenerator] 合并区域: 行11 列10 跨1行 1列
[2026-08-21 21:32:02.877] [INFO] [ExcelBatchGenerator.RuleGenerator] 合并区域: 行11 列11 跨1行 1列
[2026-08-21 21:32:02.878] [INFO] [ExcelBatchGenerator.RuleGenerator] 合并区域: 行11 列12 跨1行 1列
[2026-08-21 21:32:02.878] [INFO] [ExcelBatchGenerator.RuleGenerator] 合并区域: 行11 列13 跨1行 1列
[2026-08-21 21:32:02.878] [INFO] [ExcelBatchGenerator.RuleGenerator] 合并区域: 行11 列14 跨1行 4列
[2026-08-21 21:32:02.878] [INFO] [ExcelBatchGenerator.RuleGenerator] 合并区域: 行11 列18 跨1行 1列
[2026-08-21 21:32:02.878] [INFO] [ExcelBatchGenerator.RuleGenerator] 合并区域: 行11 列19 跨1行 1列
[2026-08-21 21:32:02.878] [INFO] [ExcelBatchGenerator.RuleGenerator] 合并区域: 行11 列20 跨1行 1列
[2026-08-21 21:32:02.878] [INFO] [ExcelBatchGenerator.RuleGenerator] 合并区域: 行11 列21 跨1行 1列
[2026-08-21 21:32:02.878] [INFO] [ExcelBatchGenerator.RuleGenerator] 合并区域: 行11 列22 跨1行 1列
[2026-08-21 21:32:02.878] [INFO] [ExcelBatchGenerator.RuleGenerator] 合并区域: 行11 列23 跨1行 1列
[2026-08-21 21:32:02.878] [INFO] [ExcelBatchGenerator.RuleGenerator] 合并区域: 行11 列24 跨1行 1列
[2026-08-21 21:32:02.878] [INFO] [ExcelBatchGenerator.RuleGenerator] 合并区域: 行11 列25 跨1行 1列
[2026-08-21 21:32:02.878] [INFO] [ExcelBatchGenerator.RuleGenerator] 合并区域: 行11 列26 跨1行 1列
[2026-08-21 21:32:02.878] [INFO] [ExcelBatchGenerator.RuleGenerator] 合并区域: 行11 列27 跨1行 1列
[2026-08-21 21:32:02.879] [INFO] [ExcelBatchGenerator.RuleGenerator] 合并区域: 行11 列28 跨1行 1列
[2026-08-21 21:32:02.879] [INFO] [ExcelBatchGenerator.RuleGenerator] 合并区域: 行11 列29 跨1行 1列
[2026-08-21 21:32:02.879] [INFO] [ExcelBatchGenerator.RuleGenerator] 合并区域: 行11 列30 跨1行 1列
[2026-08-21 21:32:02.879] [INFO] [ExcelBatchGenerator.RuleGenerator] 合并区域: 行12 列1 跨1行 1列
[2026-08-21 21:32:02.879] [INFO] [ExcelBatchGenerator.RuleGenerator] 合并区域: 行12 列2 跨1行 1列
[2026-08-21 21:32:02.879] [INFO] [ExcelBatchGenerator.RuleGenerator] 合并区域: 行12 列3 跨1行 1列
[2026-08-21 21:32:02.879] [INFO] [ExcelBatchGenerator.RuleGenerator] 合并区域: 行12 列4 跨1行 1列
[2026-08-21 21:32:02.879] [INFO] [ExcelBatchGenerator.RuleGenerator] 合并区域: 行12 列5 跨1行 1列
[2026-08-21 21:32:02.879] [INFO] [ExcelBatchGenerator.RuleGenerator] 合并区域: 行12 列6 跨1行 1列
[2026-08-21 21:32:02.879] [INFO] [ExcelBatchGenerator.RuleGenerator] 合并区域: 行12 列7 跨1行 1列
[2026-08-21 21:32:02.879] [INFO] [ExcelBatchGenerator.RuleGenerator] 合并区域: 行12 列8 跨1行 1列
[2026-08-21 21:32:02.879] [INFO] [ExcelBatchGenerator.RuleGenerator] 合并区域: 行12 列9 跨1行 1列
[2026-08-21 21:32:02.879] [INFO] [ExcelBatchGenerator.RuleGenerator] 合并区域: 行12 列10 跨1行 1列
[2026-08-21 21:32:02.879] [INFO] [ExcelBatchGenerator.RuleGenerator] 合并区域: 行12 列11 跨1行 1列
[2026-08-21 21:32:02.880] [INFO] [ExcelBatchGenerator.RuleGenerator] 合并区域: 行12 列12 跨1行 1列
[2026-08-21 21:32:02.880] [INFO] [ExcelBatchGenerator.RuleGenerator] 合并区域: 行12 列13 跨1行 1列
[2026-08-21 21:32:02.880] [INFO] [ExcelBatchGenerator.RuleGenerator] 合并区域: 行12 列14 跨1行 4列
[2026-08-21 21:32:02.880] [INFO] [ExcelBatchGenerator.RuleGenerator] 合并区域: 行12 列18 跨1行 1列
[2026-08-21 21:32:02.880] [INFO] [ExcelBatchGenerator.RuleGenerator] 合并区域: 行12 列19 跨1行 1列
[2026-08-21 21:32:02.880] [INFO] [ExcelBatchGenerator.RuleGenerator] 合并区域: 行12 列20 跨1行 1列
[2026-08-21 21:32:02.880] [INFO] [ExcelBatchGenerator.RuleGenerator] 合并区域: 行12 列21 跨1行 1列
[2026-08-21 21:32:02.880] [INFO] [ExcelBatchGenerator.RuleGenerator] 合并区域: 行12 列22 跨1行 1列
[2026-08-21 21:32:02.880] [INFO] [ExcelBatchGenerator.RuleGenerator] 合并区域: 行12 列23 跨1行 1列
[2026-08-21 21:32:02.880] [INFO] [ExcelBatchGenerator.RuleGenerator] 合并区域: 行12 列24 跨1行 1列
[2026-08-21 21:32:02.880] [INFO] [ExcelBatchGenerator.RuleGenerator] 合并区域: 行12 列25 跨1行 1列
[2026-08-21 21:32:02.880] [INFO] [ExcelBatchGenerator.RuleGenerator] 合并区域: 行12 列26 跨1行 1列
[2026-08-21 21:32:02.880] [INFO] [ExcelBatchGenerator.RuleGenerator] 合并区域: 行12 列27 跨1行 1列
[2026-08-21 21:32:02.880] [INFO] [ExcelBatchGenerator.RuleGenerator] 合并区域: 行12 列28 跨1行 1列
[2026-08-21 21:32:02.880] [INFO] [ExcelBatchGenerator.RuleGenerator] 合并区域: 行12 列29 跨1行 1列
[2026-08-21 21:32:02.880] [INFO] [ExcelBatchGenerator.RuleGenerator] 合并区域: 行12 列30 跨1行 1列
[2026-08-21 21:32:02.880] [INFO] [ExcelBatchGenerator.RuleGenerator] 合并区域: 行13 列1 跨1行 1列
[2026-08-21 21:32:02.880] [INFO] [ExcelBatchGenerator.RuleGenerator] 合并区域: 行13 列2 跨1行 1列
[2026-08-21 21:32:02.880] [INFO] [ExcelBatchGenerator.RuleGenerator] 合并区域: 行13 列3 跨1行 1列
[2026-08-21 21:32:02.881] [INFO] [ExcelBatchGenerator.RuleGenerator] 合并区域: 行13 列4 跨1行 1列
[2026-08-21 21:32:02.881] [INFO] [ExcelBatchGenerator.RuleGenerator] 合并区域: 行13 列5 跨1行 1列
[2026-08-21 21:32:02.881] [INFO] [ExcelBatchGenerator.RuleGenerator] 合并区域: 行13 列6 跨1行 1列
[2026-08-21 21:32:02.881] [INFO] [ExcelBatchGenerator.RuleGenerator] 合并区域: 行13 列7 跨1行 1列
[2026-08-21 21:32:02.881] [INFO] [ExcelBatchGenerator.RuleGenerator] 合并区域: 行13 列8 跨1行 1列
[2026-08-21 21:32:02.881] [INFO] [ExcelBatchGenerator.RuleGenerator] 合并区域: 行13 列9 跨1行 1列
[2026-08-21 21:32:02.881] [INFO] [ExcelBatchGenerator.RuleGenerator] 合并区域: 行13 列10 跨1行 1列
[2026-08-21 21:32:02.881] [INFO] [ExcelBatchGenerator.RuleGenerator] 合并区域: 行13 列11 跨1行 1列
[2026-08-21 21:32:02.881] [INFO] [ExcelBatchGenerator.RuleGenerator] 合并区域: 行13 列12 跨1行 1列
[2026-08-21 21:32:02.881] [INFO] [ExcelBatchGenerator.RuleGenerator] 合并区域: 行13 列13 跨1行 1列
[2026-08-21 21:32:02.881] [INFO] [ExcelBatchGenerator.RuleGenerator] 合并区域: 行13 列14 跨1行 4列
[2026-08-21 21:32:02.881] [INFO] [ExcelBatchGenerator.RuleGenerator] 合并区域: 行13 列18 跨1行 1列
[2026-08-21 21:32:02.881] [INFO] [ExcelBatchGenerator.RuleGenerator] 合并区域: 行13 列19 跨1行 1列
[2026-08-21 21:32:02.881] [INFO] [ExcelBatchGenerator.RuleGenerator] 合并区域: 行13 列20 跨1行 1列
[2026-08-21 21:32:02.881] [INFO] [ExcelBatchGenerator.RuleGenerator] 合并区域: 行13 列21 跨1行 1列
[2026-08-21 21:32:02.881] [INFO] [ExcelBatchGenerator.RuleGenerator] 合并区域: 行13 列22 跨1行 1列
[2026-08-21 21:32:02.882] [INFO] [ExcelBatchGenerator.RuleGenerator] 合并区域: 行13 列23 跨1行 1列
[2026-08-21 21:32:02.882] [INFO] [ExcelBatchGenerator.RuleGenerator] 合并区域: 行13 列24 跨1行 1列
[2026-08-21 21:32:02.882] [INFO] [ExcelBatchGenerator.RuleGenerator] 合并区域: 行13 列25 跨1行 1列
[2026-08-21 21:32:02.882] [INFO] [ExcelBatchGenerator.RuleGenerator] 合并区域: 行13 列26 跨1行 1列
[2026-08-21 21:32:02.882] [INFO] [ExcelBatchGenerator.RuleGenerator] 合并区域: 行13 列27 跨1行 1列
[2026-08-21 21:32:02.882] [INFO] [ExcelBatchGenerator.RuleGenerator] 合并区域: 行13 列28 跨1行 1列
[2026-08-21 21:32:02.882] [INFO] [ExcelBatchGenerator.RuleGenerator] 合并区域: 行13 列29 跨1行 1列
[2026-08-21 21:32:02.882] [INFO] [ExcelBatchGenerator.RuleGenerator] 合并区域: 行13 列30 跨1行 1列
[2026-08-21 21:32:02.882] [INFO] [ExcelBatchGenerator.RuleGenerator] 合并区域: 行14 列1 跨1行 1列
[2026-08-21 21:32:02.882] [INFO] [ExcelBatchGenerator.RuleGenerator] 合并区域: 行14 列2 跨1行 1列
[2026-08-21 21:32:02.882] [INFO] [ExcelBatchGenerator.RuleGenerator] 合并区域: 行14 列3 跨1行 1列
[2026-08-21 21:32:02.882] [INFO] [ExcelBatchGenerator.RuleGenerator] 合并区域: 行14 列4 跨1行 1列
[2026-08-21 21:32:02.882] [INFO] [ExcelBatchGenerator.RuleGenerator] 合并区域: 行14 列5 跨1行 1列
[2026-08-21 21:32:02.882] [INFO] [ExcelBatchGenerator.RuleGenerator] 合并区域: 行14 列6 跨1行 1列
[2026-08-21 21:32:02.882] [INFO] [ExcelBatchGenerator.RuleGenerator] 合并区域: 行14 列7 跨1行 1列
[2026-08-21 21:32:02.882] [INFO] [ExcelBatchGenerator.RuleGenerator] 合并区域: 行14 列8 跨1行 1列
[2026-08-21 21:32:02.882] [INFO] [ExcelBatchGenerator.RuleGenerator] 合并区域: 行14 列9 跨1行 1列
[2026-08-21 21:32:02.883] [INFO] [ExcelBatchGenerator.RuleGenerator] 合并区域: 行14 列10 跨1行 1列
[2026-08-21 21:32:02.883] [INFO] [ExcelBatchGenerator.RuleGenerator] 合并区域: 行14 列11 跨1行 1列
[2026-08-21 21:32:02.883] [INFO] [ExcelBatchGenerator.RuleGenerator] 合并区域: 行14 列12 跨1行 1列
[2026-08-21 21:32:02.883] [INFO] [ExcelBatchGenerator.RuleGenerator] 合并区域: 行14 列13 跨1行 1列
[2026-08-21 21:32:02.883] [INFO] [ExcelBatchGenerator.RuleGenerator] 合并区域: 行14 列14 跨1行 4列
[2026-08-21 21:32:02.883] [INFO] [ExcelBatchGenerator.RuleGenerator] 合并区域: 行14 列18 跨1行 1列
[2026-08-21 21:32:02.883] [INFO] [ExcelBatchGenerator.RuleGenerator] 合并区域: 行14 列19 跨1行 1列
[2026-08-21 21:32:02.883] [INFO] [ExcelBatchGenerator.RuleGenerator] 合并区域: 行14 列20 跨1行 1列
[2026-08-21 21:32:02.883] [INFO] [ExcelBatchGenerator.RuleGenerator] 合并区域: 行14 列21 跨1行 1列
[2026-08-21 21:32:02.883] [INFO] [ExcelBatchGenerator.RuleGenerator] 合并区域: 行14 列22 跨1行 1列
[2026-08-21 21:32:02.883] [INFO] [ExcelBatchGenerator.RuleGenerator] 合并区域: 行14 列23 跨1行 1列
[2026-08-21 21:32:02.883] [INFO] [ExcelBatchGenerator.RuleGenerator] 合并区域: 行14 列24 跨1行 1列
[2026-08-21 21:32:02.883] [INFO] [ExcelBatchGenerator.RuleGenerator] 合并区域: 行14 列25 跨1行 1列
[2026-08-21 21:32:02.883] [INFO] [ExcelBatchGenerator.RuleGenerator] 合并区域: 行14 列26 跨1行 1列
[2026-08-21 21:32:02.883] [INFO] [ExcelBatchGenerator.RuleGenerator] 合并区域: 行14 列27 跨1行 1列
[2026-08-21 21:32:02.884] [INFO] [ExcelBatchGenerator.RuleGenerator] 合并区域: 行14 列28 跨1行 1列
[2026-08-21 21:32:02.884] [INFO] [ExcelBatchGenerator.RuleGenerator] 合并区域: 行14 列29 跨1行 1列
[2026-08-21 21:32:02.884] [INFO] [ExcelBatchGenerator.RuleGenerator] 合并区域: 行14 列30 跨1行 1列
[2026-08-21 21:32:02.884] [INFO] [ExcelBatchGenerator.RuleGenerator] 合并区域: 行15 列1 跨1行 1列
[2026-08-21 21:32:02.884] [INFO] [ExcelBatchGenerator.RuleGenerator] 合并区域: 行15 列2 跨1行 1列
[2026-08-21 21:32:02.884] [INFO] [ExcelBatchGenerator.RuleGenerator] 合并区域: 行15 列3 跨1行 1列
[2026-08-21 21:32:02.884] [INFO] [ExcelBatchGenerator.RuleGenerator] 合并区域: 行15 列4 跨1行 1列
[2026-08-21 21:32:02.884] [INFO] [ExcelBatchGenerator.RuleGenerator] 合并区域: 行15 列5 跨1行 1列
[2026-08-21 21:32:02.884] [INFO] [ExcelBatchGenerator.RuleGenerator] 合并区域: 行15 列6 跨1行 1列
[2026-08-21 21:32:02.884] [INFO] [ExcelBatchGenerator.RuleGenerator] 合并区域: 行15 列7 跨1行 1列
[2026-08-21 21:32:02.884] [INFO] [ExcelBatchGenerator.RuleGenerator] 合并区域: 行15 列8 跨1行 1列
[2026-08-21 21:32:02.884] [INFO] [ExcelBatchGenerator.RuleGenerator] 合并区域: 行15 列9 跨1行 1列
[2026-08-21 21:32:02.885] [INFO] [ExcelBatchGenerator.RuleGenerator] 合并区域: 行15 列10 跨1行 1列
[2026-08-21 21:32:02.885] [INFO] [ExcelBatchGenerator.RuleGenerator] 合并区域: 行15 列11 跨1行 1列
[2026-08-21 21:32:02.885] [INFO] [ExcelBatchGenerator.RuleGenerator] 合并区域: 行15 列12 跨1行 1列
[2026-08-21 21:32:02.885] [INFO] [ExcelBatchGenerator.RuleGenerator] 合并区域: 行15 列13 跨1行 1列
[2026-08-21 21:32:02.885] [INFO] [ExcelBatchGenerator.RuleGenerator] 合并区域: 行15 列14 跨1行 4列
[2026-08-21 21:32:02.885] [INFO] [ExcelBatchGenerator.RuleGenerator] 合并区域: 行15 列18 跨1行 1列
[2026-08-21 21:32:02.885] [INFO] [ExcelBatchGenerator.RuleGenerator] 合并区域: 行15 列19 跨1行 1列
[2026-08-21 21:32:02.885] [INFO] [ExcelBatchGenerator.RuleGenerator] 合并区域: 行15 列20 跨1行 1列
[2026-08-21 21:32:02.885] [INFO] [ExcelBatchGenerator.RuleGenerator] 合并区域: 行15 列21 跨1行 1列
[2026-08-21 21:32:02.885] [INFO] [ExcelBatchGenerator.RuleGenerator] 合并区域: 行15 列22 跨1行 1列
[2026-08-21 21:32:02.885] [INFO] [ExcelBatchGenerator.RuleGenerator] 合并区域: 行15 列23 跨1行 1列
[2026-08-21 21:32:02.885] [INFO] [ExcelBatchGenerator.RuleGenerator] 合并区域: 行15 列24 跨1行 1列
[2026-08-21 21:32:02.885] [INFO] [ExcelBatchGenerator.RuleGenerator] 合并区域: 行15 列25 跨1行 1列
[2026-08-21 21:32:02.885] [INFO] [ExcelBatchGenerator.RuleGenerator] 合并区域: 行15 列26 跨1行 1列
[2026-08-21 21:32:02.885] [INFO] [ExcelBatchGenerator.RuleGenerator] 合并区域: 行15 列27 跨1行 1列
[2026-08-21 21:32:02.886] [INFO] [ExcelBatchGenerator.RuleGenerator] 合并区域: 行15 列28 跨1行 1列
[2026-08-21 21:32:02.886] [INFO] [ExcelBatchGenerator.RuleGenerator] 合并区域: 行15 列29 跨1行 1列
[2026-08-21 21:32:02.886] [INFO] [ExcelBatchGenerator.RuleGenerator] 合并区域: 行15 列30 跨1行 1列
[2026-08-21 21:32:02.886] [INFO] [ExcelBatchGenerator.RuleGenerator] 合并区域: 行16 列1 跨1行 1列
[2026-08-21 21:32:02.886] [INFO] [ExcelBatchGenerator.RuleGenerator] 合并区域: 行16 列2 跨1行 1列
[2026-08-21 21:32:02.886] [INFO] [ExcelBatchGenerator.RuleGenerator] 合并区域: 行16 列3 跨1行 1列
[2026-08-21 21:32:02.886] [INFO] [ExcelBatchGenerator.RuleGenerator] 合并区域: 行16 列4 跨1行 1列
[2026-08-21 21:32:02.886] [INFO] [ExcelBatchGenerator.RuleGenerator] 合并区域: 行16 列5 跨1行 1列
[2026-08-21 21:32:02.886] [INFO] [ExcelBatchGenerator.RuleGenerator] 合并区域: 行16 列6 跨1行 1列
[2026-08-21 21:32:02.886] [INFO] [ExcelBatchGenerator.RuleGenerator] 合并区域: 行16 列7 跨1行 1列
[2026-08-21 21:32:02.886] [INFO] [ExcelBatchGenerator.RuleGenerator] 合并区域: 行16 列8 跨1行 1列
[2026-08-21 21:32:02.886] [INFO] [ExcelBatchGenerator.RuleGenerator] 合并区域: 行16 列9 跨1行 1列
[2026-08-21 21:32:02.886] [INFO] [ExcelBatchGenerator.RuleGenerator] 合并区域: 行16 列10 跨1行 1列
[2026-08-21 21:32:02.886] [INFO] [ExcelBatchGenerator.RuleGenerator] 合并区域: 行16 列11 跨1行 1列
[2026-08-21 21:32:02.886] [INFO] [ExcelBatchGenerator.RuleGenerator] 合并区域: 行16 列12 跨1行 1列
[2026-08-21 21:32:02.886] [INFO] [ExcelBatchGenerator.RuleGenerator] 合并区域: 行16 列13 跨1行 1列
[2026-08-21 21:32:02.886] [INFO] [ExcelBatchGenerator.RuleGenerator] 合并区域: 行16 列14 跨1行 1列
[2026-08-21 21:32:02.886] [INFO] [ExcelBatchGenerator.RuleGenerator] 合并区域: 行16 列15 跨1行 1列
[2026-08-21 21:32:02.887] [INFO] [ExcelBatchGenerator.RuleGenerator] 合并区域: 行16 列16 跨1行 1列
[2026-08-21 21:32:02.887] [INFO] [ExcelBatchGenerator.RuleGenerator] 合并区域: 行16 列17 跨1行 1列
[2026-08-21 21:32:02.887] [INFO] [ExcelBatchGenerator.RuleGenerator] 合并区域: 行16 列18 跨1行 1列
[2026-08-21 21:32:02.887] [INFO] [ExcelBatchGenerator.RuleGenerator] 合并区域: 行16 列19 跨1行 1列
[2026-08-21 21:32:02.887] [INFO] [ExcelBatchGenerator.RuleGenerator] 合并区域: 行16 列20 跨1行 1列
[2026-08-21 21:32:02.887] [INFO] [ExcelBatchGenerator.RuleGenerator] 合并区域: 行16 列21 跨1行 1列
[2026-08-21 21:32:02.887] [INFO] [ExcelBatchGenerator.RuleGenerator] 合并区域: 行16 列22 跨1行 1列
[2026-08-21 21:32:02.887] [INFO] [ExcelBatchGenerator.RuleGenerator] 合并区域: 行16 列23 跨1行 1列
[2026-08-21 21:32:02.887] [INFO] [ExcelBatchGenerator.RuleGenerator] 合并区域: 行16 列24 跨1行 1列
[2026-08-21 21:32:02.887] [INFO] [ExcelBatchGenerator.RuleGenerator] 合并区域: 行16 列25 跨1行 1列
[2026-08-21 21:32:02.887] [INFO] [ExcelBatchGenerator.RuleGenerator] 合并区域: 行16 列26 跨1行 1列
[2026-08-21 21:32:02.887] [INFO] [ExcelBatchGenerator.RuleGenerator] 合并区域: 行16 列27 跨1行 1列
[2026-08-21 21:32:02.887] [INFO] [ExcelBatchGenerator.RuleGenerator] 合并区域: 行16 列28 跨1行 1列
[2026-08-21 21:32:02.887] [INFO] [ExcelBatchGenerator.RuleGenerator] 合并区域: 行16 列29 跨1行 1列
[2026-08-21 21:32:02.887] [INFO] [ExcelBatchGenerator.RuleGenerator] 合并区域: 行16 列30 跨1行 1列
[2026-08-21 21:32:02.887] [INFO] [ExcelBatchGenerator.RuleGenerator] 合并区域: 行17 列1 跨1行 17列
[2026-08-21 21:32:02.887] [INFO] [ExcelBatchGenerator.RuleGenerator] 合并区域: 行17 列18 跨1行 1列
[2026-08-21 21:32:02.887] [INFO] [ExcelBatchGenerator.RuleGenerator] 合并区域: 行17 列19 跨1行 1列
[2026-08-21 21:32:02.888] [INFO] [ExcelBatchGenerator.RuleGenerator] 合并区域: 行17 列20 跨1行 1列
[2026-08-21 21:32:02.888] [INFO] [ExcelBatchGenerator.RuleGenerator] 合并区域: 行17 列21 跨1行 1列
[2026-08-21 21:32:02.888] [INFO] [ExcelBatchGenerator.RuleGenerator] 合并区域: 行17 列22 跨1行 1列
[2026-08-21 21:32:02.888] [INFO] [ExcelBatchGenerator.RuleGenerator] 合并区域: 行17 列23 跨1行 1列
[2026-08-21 21:32:02.888] [INFO] [ExcelBatchGenerator.RuleGenerator] 合并区域: 行17 列24 跨1行 1列
[2026-08-21 21:32:02.888] [INFO] [ExcelBatchGenerator.RuleGenerator] 合并区域: 行17 列25 跨1行 1列
[2026-08-21 21:32:02.888] [INFO] [ExcelBatchGenerator.RuleGenerator] 合并区域: 行17 列26 跨1行 1列
[2026-08-21 21:32:02.888] [INFO] [ExcelBatchGenerator.RuleGenerator] 合并区域: 行17 列27 跨1行 1列
[2026-08-21 21:32:02.888] [INFO] [ExcelBatchGenerator.RuleGenerator] 合并区域: 行17 列28 跨1行 1列
[2026-08-21 21:32:02.888] [INFO] [ExcelBatchGenerator.RuleGenerator] 合并区域: 行17 列29 跨1行 1列
[2026-08-21 21:32:02.888] [INFO] [ExcelBatchGenerator.RuleGenerator] 合并区域: 行17 列30 跨1行 1列
[2026-08-21 21:32:02.888] [INFO] [ExcelBatchGenerator.RuleGenerator] 合并区域: 行18 列1 跨1行 1列
[2026-08-21 21:32:02.888] [INFO] [ExcelBatchGenerator.RuleGenerator] 合并区域: 行18 列2 跨1行 1列
[2026-08-21 21:32:02.888] [INFO] [ExcelBatchGenerator.RuleGenerator] 合并区域: 行18 列3 跨1行 1列
[2026-08-21 21:32:02.888] [INFO] [ExcelBatchGenerator.RuleGenerator] 合并区域: 行18 列4 跨1行 1列
[2026-08-21 21:32:02.889] [INFO] [ExcelBatchGenerator.RuleGenerator] 合并区域: 行18 列5 跨1行 1列
[2026-08-21 21:32:02.889] [INFO] [ExcelBatchGenerator.RuleGenerator] 合并区域: 行18 列6 跨1行 1列
[2026-08-21 21:32:02.889] [INFO] [ExcelBatchGenerator.RuleGenerator] 合并区域: 行18 列7 跨1行 1列
[2026-08-21 21:32:02.889] [INFO] [ExcelBatchGenerator.RuleGenerator] 合并区域: 行18 列8 跨1行 1列
[2026-08-21 21:32:02.889] [INFO] [ExcelBatchGenerator.RuleGenerator] 合并区域: 行18 列9 跨1行 1列
[2026-08-21 21:32:02.889] [INFO] [ExcelBatchGenerator.RuleGenerator] 合并区域: 行18 列10 跨1行 1列
[2026-08-21 21:32:02.889] [INFO] [ExcelBatchGenerator.RuleGenerator] 合并区域: 行18 列11 跨1行 1列
[2026-08-21 21:32:02.889] [INFO] [ExcelBatchGenerator.RuleGenerator] 合并区域: 行18 列12 跨1行 1列
[2026-08-21 21:32:02.889] [INFO] [ExcelBatchGenerator.RuleGenerator] 合并区域: 行18 列13 跨1行 1列
[2026-08-21 21:32:02.889] [INFO] [ExcelBatchGenerator.RuleGenerator] 合并区域: 行18 列14 跨1行 1列
[2026-08-21 21:32:02.889] [INFO] [ExcelBatchGenerator.RuleGenerator] 合并区域: 行18 列15 跨1行 1列
[2026-08-21 21:32:02.889] [INFO] [ExcelBatchGenerator.RuleGenerator] 合并区域: 行18 列16 跨1行 1列
[2026-08-21 21:32:02.889] [INFO] [ExcelBatchGenerator.RuleGenerator] 合并区域: 行18 列17 跨1行 1列
[2026-08-21 21:32:02.889] [INFO] [ExcelBatchGenerator.RuleGenerator] 合并区域: 行18 列18 跨1行 1列
[2026-08-21 21:32:02.889] [INFO] [ExcelBatchGenerator.RuleGenerator] 合并区域: 行18 列19 跨1行 1列
[2026-08-21 21:32:02.889] [INFO] [ExcelBatchGenerator.RuleGenerator] 合并区域: 行18 列20 跨1行 1列
[2026-08-21 21:32:02.889] [INFO] [ExcelBatchGenerator.RuleGenerator] 合并区域: 行18 列21 跨1行 1列
[2026-08-21 21:32:02.890] [INFO] [ExcelBatchGenerator.RuleGenerator] 合并区域: 行18 列22 跨1行 1列
[2026-08-21 21:32:02.890] [INFO] [ExcelBatchGenerator.RuleGenerator] 合并区域: 行18 列23 跨1行 1列
[2026-08-21 21:32:02.890] [INFO] [ExcelBatchGenerator.RuleGenerator] 合并区域: 行18 列24 跨1行 1列
[2026-08-21 21:32:02.890] [INFO] [ExcelBatchGenerator.RuleGenerator] 合并区域: 行18 列25 跨1行 1列
[2026-08-21 21:32:02.890] [INFO] [ExcelBatchGenerator.RuleGenerator] 合并区域: 行18 列26 跨1行 1列
[2026-08-21 21:32:02.890] [INFO] [ExcelBatchGenerator.RuleGenerator] 合并区域: 行18 列27 跨1行 1列
[2026-08-21 21:32:02.890] [INFO] [ExcelBatchGenerator.RuleGenerator] 合并区域: 行18 列28 跨1行 1列
[2026-08-21 21:32:02.890] [INFO] [ExcelBatchGenerator.RuleGenerator] 合并区域: 行18 列29 跨1行 1列
[2026-08-21 21:32:02.890] [INFO] [ExcelBatchGenerator.RuleGenerator] 合并区域: 行18 列30 跨1行 1列
[2026-08-21 21:32:02.893] [INFO] [ExcelBatchGenerator.RuleGenerator] load_excel: 完成
[2026-08-21 21:32:06.416] [INFO] [ExcelBatchGenerator.RuleGenerator] _load_sheet_data: 加载工作表 过程尺寸检验记录
[2026-08-21 21:32:07.566] [INFO] [ExcelBatchGenerator.RuleGenerator] 通过遍历方式获取到 312 个合并区域
[2026-08-21 21:32:07.566] [INFO] [ExcelBatchGenerator.RuleGenerator] 检测到 312 个合并区域
[2026-08-21 21:32:08.810] [INFO] [ExcelBatchGenerator.RuleGenerator] 实际数据范围: 20 行, 20 列
[2026-08-21 21:32:08.810] [INFO] [ExcelBatchGenerator.RuleGenerator] max_row=20, max_col=20
[2026-08-21 21:32:08.811] [INFO] [ExcelBatchGenerator.RuleGenerator] _populate_table_from_win32: 开始填充 20x20
[2026-08-21 21:32:08.811] [INFO] [ExcelBatchGenerator.RuleGenerator] 读取单元格数据...
[2026-08-21 21:32:09.950] [INFO] [ExcelBatchGenerator.RuleGenerator] 单元格数据读取完成
[2026-08-21 21:32:09.950] [INFO] [ExcelBatchGenerator.RuleGenerator] 已应用 10 个合并区域
[2026-08-21 21:32:09.950] [INFO] [ExcelBatchGenerator.RuleGenerator] L5 item 存在，文本: '长柱扣高度5.15±0.05mm'
[2026-08-21 21:32:09.950] [INFO] [ExcelBatchGenerator.RuleGenerator] _populate_table_from_win32: 完成
[2026-08-21 21:32:09.952] [INFO] [ExcelBatchGenerator.RuleGenerator] 合并区域: 行1 列1 跨1行 19列
[2026-08-21 21:32:09.953] [INFO] [ExcelBatchGenerator.RuleGenerator] 合并区域: 行1 列20 跨1行 1列
[2026-08-21 21:32:09.953] [INFO] [ExcelBatchGenerator.RuleGenerator] 合并区域: 行2 列1 跨1行 19列
[2026-08-21 21:32:09.953] [INFO] [ExcelBatchGenerator.RuleGenerator] 合并区域: 行2 列20 跨1行 1列
[2026-08-21 21:32:09.953] [INFO] [ExcelBatchGenerator.RuleGenerator] 合并区域: 行3 列1 跨1行 1列
[2026-08-21 21:32:09.953] [INFO] [ExcelBatchGenerator.RuleGenerator] 合并区域: 行3 列2 跨1行 1列
[2026-08-21 21:32:09.953] [INFO] [ExcelBatchGenerator.RuleGenerator] 合并区域: 行3 列3 跨1行 1列
[2026-08-21 21:32:09.953] [INFO] [ExcelBatchGenerator.RuleGenerator] 合并区域: 行3 列4 跨1行 1列
[2026-08-21 21:32:09.953] [INFO] [ExcelBatchGenerator.RuleGenerator] 合并区域: 行3 列5 跨1行 1列
[2026-08-21 21:32:09.953] [INFO] [ExcelBatchGenerator.RuleGenerator] 合并区域: 行3 列6 跨1行 1列
[2026-08-21 21:32:09.953] [INFO] [ExcelBatchGenerator.RuleGenerator] 合并区域: 行3 列7 跨1行 1列
[2026-08-21 21:32:09.953] [INFO] [ExcelBatchGenerator.RuleGenerator] 合并区域: 行3 列8 跨1行 1列
[2026-08-21 21:32:09.953] [INFO] [ExcelBatchGenerator.RuleGenerator] 合并区域: 行3 列9 跨1行 1列
[2026-08-21 21:32:09.953] [INFO] [ExcelBatchGenerator.RuleGenerator] 合并区域: 行3 列10 跨1行 1列
[2026-08-21 21:32:09.953] [INFO] [ExcelBatchGenerator.RuleGenerator] 合并区域: 行3 列11 跨1行 1列
[2026-08-21 21:32:09.953] [INFO] [ExcelBatchGenerator.RuleGenerator] 合并区域: 行3 列12 跨1行 1列
[2026-08-21 21:32:09.953] [INFO] [ExcelBatchGenerator.RuleGenerator] 合并区域: 行3 列13 跨1行 1列
[2026-08-21 21:32:09.954] [INFO] [ExcelBatchGenerator.RuleGenerator] 合并区域: 行3 列14 跨1行 1列
[2026-08-21 21:32:09.954] [INFO] [ExcelBatchGenerator.RuleGenerator] 合并区域: 行3 列15 跨1行 1列
[2026-08-21 21:32:09.954] [INFO] [ExcelBatchGenerator.RuleGenerator] 合并区域: 行3 列16 跨1行 1列
[2026-08-21 21:32:09.954] [INFO] [ExcelBatchGenerator.RuleGenerator] 合并区域: 行3 列17 跨1行 1列
[2026-08-21 21:32:09.954] [INFO] [ExcelBatchGenerator.RuleGenerator] 合并区域: 行3 列18 跨1行 1列
[2026-08-21 21:32:09.954] [INFO] [ExcelBatchGenerator.RuleGenerator] 合并区域: 行3 列19 跨1行 1列
[2026-08-21 21:32:09.954] [INFO] [ExcelBatchGenerator.RuleGenerator] 合并区域: 行3 列20 跨1行 1列
[2026-08-21 21:32:09.954] [INFO] [ExcelBatchGenerator.RuleGenerator] 合并区域: 行4 列1 跨2行 1列
[2026-08-21 21:32:09.954] [INFO] [ExcelBatchGenerator.RuleGenerator] 合并区域: 行4 列2 跨2行 1列
[2026-08-21 21:32:09.954] [INFO] [ExcelBatchGenerator.RuleGenerator] 合并区域: 行4 列3 跨2行 1列
[2026-08-21 21:32:09.954] [INFO] [ExcelBatchGenerator.RuleGenerator] 合并区域: 行4 列4 跨1行 15列
[2026-08-21 21:32:09.954] [INFO] [ExcelBatchGenerator.RuleGenerator] 合并区域: 行4 列19 跨2行 1列
[2026-08-21 21:32:09.954] [INFO] [ExcelBatchGenerator.RuleGenerator] 合并区域: 行4 列20 跨1行 1列
[2026-08-21 21:32:09.954] [INFO] [ExcelBatchGenerator.RuleGenerator] 合并区域: 行5 列4 跨1行 1列
[2026-08-21 21:32:09.954] [INFO] [ExcelBatchGenerator.RuleGenerator] 合并区域: 行5 列5 跨1行 1列
[2026-08-21 21:32:09.954] [INFO] [ExcelBatchGenerator.RuleGenerator] 合并区域: 行5 列6 跨1行 1列
[2026-08-21 21:32:09.954] [INFO] [ExcelBatchGenerator.RuleGenerator] 合并区域: 行5 列7 跨1行 1列
[2026-08-21 21:32:09.955] [INFO] [ExcelBatchGenerator.RuleGenerator] 合并区域: 行5 列8 跨1行 1列
[2026-08-21 21:32:09.955] [INFO] [ExcelBatchGenerator.RuleGenerator] 合并区域: 行5 列9 跨1行 1列
[2026-08-21 21:32:09.955] [INFO] [ExcelBatchGenerator.RuleGenerator] 合并区域: 行5 列10 跨1行 1列
[2026-08-21 21:32:09.955] [INFO] [ExcelBatchGenerator.RuleGenerator] 合并区域: 行5 列11 跨1行 1列
[2026-08-21 21:32:09.955] [INFO] [ExcelBatchGenerator.RuleGenerator] 合并区域: 行5 列12 跨1行 1列
[2026-08-21 21:32:09.955] [INFO] [ExcelBatchGenerator.RuleGenerator] 合并区域: 行5 列13 跨1行 1列
[2026-08-21 21:32:09.955] [INFO] [ExcelBatchGenerator.RuleGenerator] 合并区域: 行5 列14 跨1行 1列
[2026-08-21 21:32:09.955] [INFO] [ExcelBatchGenerator.RuleGenerator] 合并区域: 行5 列15 跨1行 1列
[2026-08-21 21:32:09.955] [INFO] [ExcelBatchGenerator.RuleGenerator] 合并区域: 行5 列16 跨1行 1列
[2026-08-21 21:32:09.955] [INFO] [ExcelBatchGenerator.RuleGenerator] 合并区域: 行5 列17 跨1行 1列
[2026-08-21 21:32:09.956] [INFO] [ExcelBatchGenerator.RuleGenerator] 合并区域: 行5 列18 跨1行 1列
[2026-08-21 21:32:09.956] [INFO] [ExcelBatchGenerator.RuleGenerator] 合并区域: 行5 列20 跨1行 1列
[2026-08-21 21:32:09.956] [INFO] [ExcelBatchGenerator.RuleGenerator] 合并区域: 行6 列1 跨10行 1列
[2026-08-21 21:32:09.956] [INFO] [ExcelBatchGenerator.RuleGenerator] 合并区域: 行6 列2 跨1行 1列
[2026-08-21 21:32:09.956] [INFO] [ExcelBatchGenerator.RuleGenerator] 合并区域: 行6 列3 跨1行 1列
[2026-08-21 21:32:09.956] [INFO] [ExcelBatchGenerator.RuleGenerator] 合并区域: 行6 列4 跨1行 1列
[2026-08-21 21:32:09.956] [INFO] [ExcelBatchGenerator.RuleGenerator] 合并区域: 行6 列5 跨1行 1列
[2026-08-21 21:32:09.956] [INFO] [ExcelBatchGenerator.RuleGenerator] 合并区域: 行6 列6 跨1行 1列
[2026-08-21 21:32:09.956] [INFO] [ExcelBatchGenerator.RuleGenerator] 合并区域: 行6 列7 跨1行 1列
[2026-08-21 21:32:09.957] [INFO] [ExcelBatchGenerator.RuleGenerator] 合并区域: 行6 列8 跨1行 1列
[2026-08-21 21:32:09.957] [INFO] [ExcelBatchGenerator.RuleGenerator] 合并区域: 行6 列9 跨1行 1列
[2026-08-21 21:32:09.957] [INFO] [ExcelBatchGenerator.RuleGenerator] 合并区域: 行6 列10 跨1行 1列
[2026-08-21 21:32:09.957] [INFO] [ExcelBatchGenerator.RuleGenerator] 合并区域: 行6 列11 跨1行 1列
[2026-08-21 21:32:09.957] [INFO] [ExcelBatchGenerator.RuleGenerator] 合并区域: 行6 列12 跨1行 1列
[2026-08-21 21:32:09.957] [INFO] [ExcelBatchGenerator.RuleGenerator] 合并区域: 行6 列13 跨1行 1列
[2026-08-21 21:32:09.957] [INFO] [ExcelBatchGenerator.RuleGenerator] 合并区域: 行6 列14 跨1行 1列
[2026-08-21 21:32:09.957] [INFO] [ExcelBatchGenerator.RuleGenerator] 合并区域: 行6 列15 跨1行 1列
[2026-08-21 21:32:09.957] [INFO] [ExcelBatchGenerator.RuleGenerator] 合并区域: 行6 列16 跨1行 1列
[2026-08-21 21:32:09.957] [INFO] [ExcelBatchGenerator.RuleGenerator] 合并区域: 行6 列17 跨1行 1列
[2026-08-21 21:32:09.957] [INFO] [ExcelBatchGenerator.RuleGenerator] 合并区域: 行6 列18 跨1行 1列
[2026-08-21 21:32:09.957] [INFO] [ExcelBatchGenerator.RuleGenerator] 合并区域: 行6 列19 跨1行 1列
[2026-08-21 21:32:09.957] [INFO] [ExcelBatchGenerator.RuleGenerator] 合并区域: 行6 列20 跨1行 1列
[2026-08-21 21:32:09.957] [INFO] [ExcelBatchGenerator.RuleGenerator] 合并区域: 行7 列2 跨1行 1列
[2026-08-21 21:32:09.958] [INFO] [ExcelBatchGenerator.RuleGenerator] 合并区域: 行7 列3 跨1行 1列
[2026-08-21 21:32:09.958] [INFO] [ExcelBatchGenerator.RuleGenerator] 合并区域: 行7 列4 跨1行 1列
[2026-08-21 21:32:09.958] [INFO] [ExcelBatchGenerator.RuleGenerator] 合并区域: 行7 列5 跨1行 1列
[2026-08-21 21:32:09.958] [INFO] [ExcelBatchGenerator.RuleGenerator] 合并区域: 行7 列6 跨1行 1列
[2026-08-21 21:32:09.958] [INFO] [ExcelBatchGenerator.RuleGenerator] 合并区域: 行7 列7 跨1行 1列
[2026-08-21 21:32:09.958] [INFO] [ExcelBatchGenerator.RuleGenerator] 合并区域: 行7 列8 跨1行 1列
[2026-08-21 21:32:09.958] [INFO] [ExcelBatchGenerator.RuleGenerator] 合并区域: 行7 列9 跨1行 1列
[2026-08-21 21:32:09.958] [INFO] [ExcelBatchGenerator.RuleGenerator] 合并区域: 行7 列10 跨1行 1列
[2026-08-21 21:32:09.958] [INFO] [ExcelBatchGenerator.RuleGenerator] 合并区域: 行7 列11 跨1行 1列
[2026-08-21 21:32:09.958] [INFO] [ExcelBatchGenerator.RuleGenerator] 合并区域: 行7 列12 跨1行 1列
[2026-08-21 21:32:09.958] [INFO] [ExcelBatchGenerator.RuleGenerator] 合并区域: 行7 列13 跨1行 1列
[2026-08-21 21:32:09.958] [INFO] [ExcelBatchGenerator.RuleGenerator] 合并区域: 行7 列14 跨1行 1列
[2026-08-21 21:32:09.958] [INFO] [ExcelBatchGenerator.RuleGenerator] 合并区域: 行7 列15 跨1行 1列
[2026-08-21 21:32:09.958] [INFO] [ExcelBatchGenerator.RuleGenerator] 合并区域: 行7 列16 跨1行 1列
[2026-08-21 21:32:09.958] [INFO] [ExcelBatchGenerator.RuleGenerator] 合并区域: 行7 列17 跨1行 1列
[2026-08-21 21:32:09.958] [INFO] [ExcelBatchGenerator.RuleGenerator] 合并区域: 行7 列18 跨1行 1列
[2026-08-21 21:32:09.958] [INFO] [ExcelBatchGenerator.RuleGenerator] 合并区域: 行7 列19 跨1行 1列
[2026-08-21 21:32:09.959] [INFO] [ExcelBatchGenerator.RuleGenerator] 合并区域: 行7 列20 跨1行 1列
[2026-08-21 21:32:09.959] [INFO] [ExcelBatchGenerator.RuleGenerator] 合并区域: 行8 列2 跨1行 1列
[2026-08-21 21:32:09.959] [INFO] [ExcelBatchGenerator.RuleGenerator] 合并区域: 行8 列3 跨1行 1列
[2026-08-21 21:32:09.959] [INFO] [ExcelBatchGenerator.RuleGenerator] 合并区域: 行8 列4 跨1行 1列
[2026-08-21 21:32:09.959] [INFO] [ExcelBatchGenerator.RuleGenerator] 合并区域: 行8 列5 跨1行 1列
[2026-08-21 21:32:09.959] [INFO] [ExcelBatchGenerator.RuleGenerator] 合并区域: 行8 列6 跨1行 1列
[2026-08-21 21:32:09.959] [INFO] [ExcelBatchGenerator.RuleGenerator] 合并区域: 行8 列7 跨1行 1列
[2026-08-21 21:32:09.960] [INFO] [ExcelBatchGenerator.RuleGenerator] 合并区域: 行8 列8 跨1行 1列
[2026-08-21 21:32:09.960] [INFO] [ExcelBatchGenerator.RuleGenerator] 合并区域: 行8 列9 跨1行 1列
[2026-08-21 21:32:09.960] [INFO] [ExcelBatchGenerator.RuleGenerator] 合并区域: 行8 列10 跨1行 1列
[2026-08-21 21:32:09.960] [INFO] [ExcelBatchGenerator.RuleGenerator] 合并区域: 行8 列11 跨1行 1列
[2026-08-21 21:32:09.960] [INFO] [ExcelBatchGenerator.RuleGenerator] 合并区域: 行8 列12 跨1行 1列
[2026-08-21 21:32:09.960] [INFO] [ExcelBatchGenerator.RuleGenerator] 合并区域: 行8 列13 跨1行 1列
[2026-08-21 21:32:09.960] [INFO] [ExcelBatchGenerator.RuleGenerator] 合并区域: 行8 列14 跨1行 1列
[2026-08-21 21:32:09.960] [INFO] [ExcelBatchGenerator.RuleGenerator] 合并区域: 行8 列15 跨1行 1列
[2026-08-21 21:32:09.960] [INFO] [ExcelBatchGenerator.RuleGenerator] 合并区域: 行8 列16 跨1行 1列
[2026-08-21 21:32:09.960] [INFO] [ExcelBatchGenerator.RuleGenerator] 合并区域: 行8 列17 跨1行 1列
[2026-08-21 21:32:09.960] [INFO] [ExcelBatchGenerator.RuleGenerator] 合并区域: 行8 列18 跨1行 1列
[2026-08-21 21:32:09.960] [INFO] [ExcelBatchGenerator.RuleGenerator] 合并区域: 行8 列19 跨1行 1列
[2026-08-21 21:32:09.961] [INFO] [ExcelBatchGenerator.RuleGenerator] 合并区域: 行8 列20 跨1行 1列
[2026-08-21 21:32:09.961] [INFO] [ExcelBatchGenerator.RuleGenerator] 合并区域: 行9 列2 跨1行 1列
[2026-08-21 21:32:09.961] [INFO] [ExcelBatchGenerator.RuleGenerator] 合并区域: 行9 列3 跨1行 1列
[2026-08-21 21:32:09.961] [INFO] [ExcelBatchGenerator.RuleGenerator] 合并区域: 行9 列4 跨1行 1列
[2026-08-21 21:32:09.961] [INFO] [ExcelBatchGenerator.RuleGenerator] 合并区域: 行9 列5 跨1行 1列
[2026-08-21 21:32:09.961] [INFO] [ExcelBatchGenerator.RuleGenerator] 合并区域: 行9 列6 跨1行 1列
[2026-08-21 21:32:09.961] [INFO] [ExcelBatchGenerator.RuleGenerator] 合并区域: 行9 列7 跨1行 1列
[2026-08-21 21:32:09.961] [INFO] [ExcelBatchGenerator.RuleGenerator] 合并区域: 行9 列8 跨1行 1列
[2026-08-21 21:32:09.961] [INFO] [ExcelBatchGenerator.RuleGenerator] 合并区域: 行9 列9 跨1行 1列
[2026-08-21 21:32:09.961] [INFO] [ExcelBatchGenerator.RuleGenerator] 合并区域: 行9 列10 跨1行 1列
[2026-08-21 21:32:09.961] [INFO] [ExcelBatchGenerator.RuleGenerator] 合并区域: 行9 列11 跨1行 1列
[2026-08-21 21:32:09.961] [INFO] [ExcelBatchGenerator.RuleGenerator] 合并区域: 行9 列12 跨1行 1列
[2026-08-21 21:32:09.961] [INFO] [ExcelBatchGenerator.RuleGenerator] 合并区域: 行9 列13 跨1行 1列
[2026-08-21 21:32:09.962] [INFO] [ExcelBatchGenerator.RuleGenerator] 合并区域: 行9 列14 跨1行 1列
[2026-08-21 21:32:09.962] [INFO] [ExcelBatchGenerator.RuleGenerator] 合并区域: 行9 列15 跨1行 1列
[2026-08-21 21:32:09.962] [INFO] [ExcelBatchGenerator.RuleGenerator] 合并区域: 行9 列16 跨1行 1列
[2026-08-21 21:32:09.962] [INFO] [ExcelBatchGenerator.RuleGenerator] 合并区域: 行9 列17 跨1行 1列
[2026-08-21 21:32:09.962] [INFO] [ExcelBatchGenerator.RuleGenerator] 合并区域: 行9 列18 跨1行 1列
[2026-08-21 21:32:09.962] [INFO] [ExcelBatchGenerator.RuleGenerator] 合并区域: 行9 列19 跨1行 1列
[2026-08-21 21:32:09.962] [INFO] [ExcelBatchGenerator.RuleGenerator] 合并区域: 行9 列20 跨1行 1列
[2026-08-21 21:32:09.962] [INFO] [ExcelBatchGenerator.RuleGenerator] 合并区域: 行10 列2 跨1行 1列
[2026-08-21 21:32:09.962] [INFO] [ExcelBatchGenerator.RuleGenerator] 合并区域: 行10 列3 跨1行 1列
[2026-08-21 21:32:09.962] [INFO] [ExcelBatchGenerator.RuleGenerator] 合并区域: 行10 列4 跨1行 1列
[2026-08-21 21:32:09.962] [INFO] [ExcelBatchGenerator.RuleGenerator] 合并区域: 行10 列5 跨1行 1列
[2026-08-21 21:32:09.962] [INFO] [ExcelBatchGenerator.RuleGenerator] 合并区域: 行10 列6 跨1行 1列
[2026-08-21 21:32:09.962] [INFO] [ExcelBatchGenerator.RuleGenerator] 合并区域: 行10 列7 跨1行 1列
[2026-08-21 21:32:09.962] [INFO] [ExcelBatchGenerator.RuleGenerator] 合并区域: 行10 列8 跨1行 1列
[2026-08-21 21:32:09.962] [INFO] [ExcelBatchGenerator.RuleGenerator] 合并区域: 行10 列9 跨1行 1列
[2026-08-21 21:32:09.962] [INFO] [ExcelBatchGenerator.RuleGenerator] 合并区域: 行10 列10 跨1行 1列
[2026-08-21 21:32:09.962] [INFO] [ExcelBatchGenerator.RuleGenerator] 合并区域: 行10 列11 跨1行 1列
[2026-08-21 21:32:09.963] [INFO] [ExcelBatchGenerator.RuleGenerator] 合并区域: 行10 列12 跨1行 1列
[2026-08-21 21:32:09.963] [INFO] [ExcelBatchGenerator.RuleGenerator] 合并区域: 行10 列13 跨1行 1列
[2026-08-21 21:32:09.963] [INFO] [ExcelBatchGenerator.RuleGenerator] 合并区域: 行10 列14 跨1行 1列
[2026-08-21 21:32:09.963] [INFO] [ExcelBatchGenerator.RuleGenerator] 合并区域: 行10 列15 跨1行 1列
[2026-08-21 21:32:09.963] [INFO] [ExcelBatchGenerator.RuleGenerator] 合并区域: 行10 列16 跨1行 1列
[2026-08-21 21:32:09.963] [INFO] [ExcelBatchGenerator.RuleGenerator] 合并区域: 行10 列17 跨1行 1列
[2026-08-21 21:32:09.963] [INFO] [ExcelBatchGenerator.RuleGenerator] 合并区域: 行10 列18 跨1行 1列
[2026-08-21 21:32:09.963] [INFO] [ExcelBatchGenerator.RuleGenerator] 合并区域: 行10 列19 跨1行 1列
[2026-08-21 21:32:09.963] [INFO] [ExcelBatchGenerator.RuleGenerator] 合并区域: 行10 列20 跨1行 1列
[2026-08-21 21:32:09.963] [INFO] [ExcelBatchGenerator.RuleGenerator] 合并区域: 行11 列2 跨1行 1列
[2026-08-21 21:32:09.963] [INFO] [ExcelBatchGenerator.RuleGenerator] 合并区域: 行11 列3 跨1行 1列
[2026-08-21 21:32:09.963] [INFO] [ExcelBatchGenerator.RuleGenerator] 合并区域: 行11 列4 跨1行 1列
[2026-08-21 21:32:09.963] [INFO] [ExcelBatchGenerator.RuleGenerator] 合并区域: 行11 列5 跨1行 1列
[2026-08-21 21:32:09.963] [INFO] [ExcelBatchGenerator.RuleGenerator] 合并区域: 行11 列6 跨1行 1列
[2026-08-21 21:32:09.963] [INFO] [ExcelBatchGenerator.RuleGenerator] 合并区域: 行11 列7 跨1行 1列
[2026-08-21 21:32:09.963] [INFO] [ExcelBatchGenerator.RuleGenerator] 合并区域: 行11 列8 跨1行 1列
[2026-08-21 21:32:09.963] [INFO] [ExcelBatchGenerator.RuleGenerator] 合并区域: 行11 列9 跨1行 1列
[2026-08-21 21:32:09.963] [INFO] [ExcelBatchGenerator.RuleGenerator] 合并区域: 行11 列10 跨1行 1列
[2026-08-21 21:32:09.964] [INFO] [ExcelBatchGenerator.RuleGenerator] 合并区域: 行11 列11 跨1行 1列
[2026-08-21 21:32:09.964] [INFO] [ExcelBatchGenerator.RuleGenerator] 合并区域: 行11 列12 跨1行 1列
[2026-08-21 21:32:09.964] [INFO] [ExcelBatchGenerator.RuleGenerator] 合并区域: 行11 列13 跨1行 1列
[2026-08-21 21:32:09.964] [INFO] [ExcelBatchGenerator.RuleGenerator] 合并区域: 行11 列14 跨1行 1列
[2026-08-21 21:32:09.964] [INFO] [ExcelBatchGenerator.RuleGenerator] 合并区域: 行11 列15 跨1行 1列
[2026-08-21 21:32:09.964] [INFO] [ExcelBatchGenerator.RuleGenerator] 合并区域: 行11 列16 跨1行 1列
[2026-08-21 21:32:09.964] [INFO] [ExcelBatchGenerator.RuleGenerator] 合并区域: 行11 列17 跨1行 1列
[2026-08-21 21:32:09.964] [INFO] [ExcelBatchGenerator.RuleGenerator] 合并区域: 行11 列18 跨1行 1列
[2026-08-21 21:32:09.964] [INFO] [ExcelBatchGenerator.RuleGenerator] 合并区域: 行11 列19 跨1行 1列
[2026-08-21 21:32:09.964] [INFO] [ExcelBatchGenerator.RuleGenerator] 合并区域: 行11 列20 跨1行 1列
[2026-08-21 21:32:09.964] [INFO] [ExcelBatchGenerator.RuleGenerator] 合并区域: 行12 列2 跨1行 1列
[2026-08-21 21:32:09.964] [INFO] [ExcelBatchGenerator.RuleGenerator] 合并区域: 行12 列3 跨1行 1列
[2026-08-21 21:32:09.964] [INFO] [ExcelBatchGenerator.RuleGenerator] 合并区域: 行12 列4 跨1行 1列
[2026-08-21 21:32:09.964] [INFO] [ExcelBatchGenerator.RuleGenerator] 合并区域: 行12 列5 跨1行 1列
[2026-08-21 21:32:09.964] [INFO] [ExcelBatchGenerator.RuleGenerator] 合并区域: 行12 列6 跨1行 1列
[2026-08-21 21:32:09.965] [INFO] [ExcelBatchGenerator.RuleGenerator] 合并区域: 行12 列7 跨1行 1列
[2026-08-21 21:32:09.965] [INFO] [ExcelBatchGenerator.RuleGenerator] 合并区域: 行12 列8 跨1行 1列
[2026-08-21 21:32:09.965] [INFO] [ExcelBatchGenerator.RuleGenerator] 合并区域: 行12 列9 跨1行 1列
[2026-08-21 21:32:09.965] [INFO] [ExcelBatchGenerator.RuleGenerator] 合并区域: 行12 列10 跨1行 1列
[2026-08-21 21:32:09.965] [INFO] [ExcelBatchGenerator.RuleGenerator] 合并区域: 行12 列11 跨1行 1列
[2026-08-21 21:32:09.965] [INFO] [ExcelBatchGenerator.RuleGenerator] 合并区域: 行12 列12 跨1行 1列
[2026-08-21 21:32:09.966] [INFO] [ExcelBatchGenerator.RuleGenerator] 合并区域: 行12 列13 跨1行 1列
[2026-08-21 21:32:09.966] [INFO] [ExcelBatchGenerator.RuleGenerator] 合并区域: 行12 列14 跨1行 1列
[2026-08-21 21:32:09.966] [INFO] [ExcelBatchGenerator.RuleGenerator] 合并区域: 行12 列15 跨1行 1列
[2026-08-21 21:32:09.966] [INFO] [ExcelBatchGenerator.RuleGenerator] 合并区域: 行12 列16 跨1行 1列
[2026-08-21 21:32:09.966] [INFO] [ExcelBatchGenerator.RuleGenerator] 合并区域: 行12 列17 跨1行 1列
[2026-08-21 21:32:09.966] [INFO] [ExcelBatchGenerator.RuleGenerator] 合并区域: 行12 列18 跨1行 1列
[2026-08-21 21:32:09.966] [INFO] [ExcelBatchGenerator.RuleGenerator] 合并区域: 行12 列19 跨1行 1列
[2026-08-21 21:32:09.966] [INFO] [ExcelBatchGenerator.RuleGenerator] 合并区域: 行12 列20 跨1行 1列
[2026-08-21 21:32:09.966] [INFO] [ExcelBatchGenerator.RuleGenerator] 合并区域: 行13 列2 跨1行 1列
[2026-08-21 21:32:09.966] [INFO] [ExcelBatchGenerator.RuleGenerator] 合并区域: 行13 列3 跨1行 1列
[2026-08-21 21:32:09.966] [INFO] [ExcelBatchGenerator.RuleGenerator] 合并区域: 行13 列4 跨1行 1列
[2026-08-21 21:32:09.966] [INFO] [ExcelBatchGenerator.RuleGenerator] 合并区域: 行13 列5 跨1行 1列
[2026-08-21 21:32:09.966] [INFO] [ExcelBatchGenerator.RuleGenerator] 合并区域: 行13 列6 跨1行 1列
[2026-08-21 21:32:09.967] [INFO] [ExcelBatchGenerator.RuleGenerator] 合并区域: 行13 列7 跨1行 1列
[2026-08-21 21:32:09.967] [INFO] [ExcelBatchGenerator.RuleGenerator] 合并区域: 行13 列8 跨1行 1列
[2026-08-21 21:32:09.967] [INFO] [ExcelBatchGenerator.RuleGenerator] 合并区域: 行13 列9 跨1行 1列
[2026-08-21 21:32:09.967] [INFO] [ExcelBatchGenerator.RuleGenerator] 合并区域: 行13 列10 跨1行 1列
[2026-08-21 21:32:09.967] [INFO] [ExcelBatchGenerator.RuleGenerator] 合并区域: 行13 列11 跨1行 1列
[2026-08-21 21:32:09.967] [INFO] [ExcelBatchGenerator.RuleGenerator] 合并区域: 行13 列12 跨1行 1列
[2026-08-21 21:32:09.967] [INFO] [ExcelBatchGenerator.RuleGenerator] 合并区域: 行13 列13 跨1行 1列
[2026-08-21 21:32:09.967] [INFO] [ExcelBatchGenerator.RuleGenerator] 合并区域: 行13 列14 跨1行 1列
[2026-08-21 21:32:09.967] [INFO] [ExcelBatchGenerator.RuleGenerator] 合并区域: 行13 列15 跨1行 1列
[2026-08-21 21:32:09.967] [INFO] [ExcelBatchGenerator.RuleGenerator] 合并区域: 行13 列16 跨1行 1列
[2026-08-21 21:32:09.967] [INFO] [ExcelBatchGenerator.RuleGenerator] 合并区域: 行13 列17 跨1行 1列
[2026-08-21 21:32:09.967] [INFO] [ExcelBatchGenerator.RuleGenerator] 合并区域: 行13 列18 跨1行 1列
[2026-08-21 21:32:09.967] [INFO] [ExcelBatchGenerator.RuleGenerator] 合并区域: 行13 列19 跨1行 1列
[2026-08-21 21:32:09.967] [INFO] [ExcelBatchGenerator.RuleGenerator] 合并区域: 行13 列20 跨1行 1列
[2026-08-21 21:32:09.967] [INFO] [ExcelBatchGenerator.RuleGenerator] 合并区域: 行14 列2 跨1行 1列
[2026-08-21 21:32:09.968] [INFO] [ExcelBatchGenerator.RuleGenerator] 合并区域: 行14 列3 跨1行 1列
[2026-08-21 21:32:09.968] [INFO] [ExcelBatchGenerator.RuleGenerator] 合并区域: 行14 列4 跨1行 1列
[2026-08-21 21:32:09.968] [INFO] [ExcelBatchGenerator.RuleGenerator] 合并区域: 行14 列5 跨1行 1列
[2026-08-21 21:32:09.968] [INFO] [ExcelBatchGenerator.RuleGenerator] 合并区域: 行14 列6 跨1行 1列
[2026-08-21 21:32:09.968] [INFO] [ExcelBatchGenerator.RuleGenerator] 合并区域: 行14 列7 跨1行 1列
[2026-08-21 21:32:09.968] [INFO] [ExcelBatchGenerator.RuleGenerator] 合并区域: 行14 列8 跨1行 1列
[2026-08-21 21:32:09.968] [INFO] [ExcelBatchGenerator.RuleGenerator] 合并区域: 行14 列9 跨1行 1列
[2026-08-21 21:32:09.968] [INFO] [ExcelBatchGenerator.RuleGenerator] 合并区域: 行14 列10 跨1行 1列
[2026-08-21 21:32:09.968] [INFO] [ExcelBatchGenerator.RuleGenerator] 合并区域: 行14 列11 跨1行 1列
[2026-08-21 21:32:09.968] [INFO] [ExcelBatchGenerator.RuleGenerator] 合并区域: 行14 列12 跨1行 1列
[2026-08-21 21:32:09.968] [INFO] [ExcelBatchGenerator.RuleGenerator] 合并区域: 行14 列13 跨1行 1列
[2026-08-21 21:32:09.968] [INFO] [ExcelBatchGenerator.RuleGenerator] 合并区域: 行14 列14 跨1行 1列
[2026-08-21 21:32:09.968] [INFO] [ExcelBatchGenerator.RuleGenerator] 合并区域: 行14 列15 跨1行 1列
[2026-08-21 21:32:09.968] [INFO] [ExcelBatchGenerator.RuleGenerator] 合并区域: 行14 列16 跨1行 1列
[2026-08-21 21:32:09.968] [INFO] [ExcelBatchGenerator.RuleGenerator] 合并区域: 行14 列17 跨1行 1列
[2026-08-21 21:32:09.969] [INFO] [ExcelBatchGenerator.RuleGenerator] 合并区域: 行14 列18 跨1行 1列
[2026-08-21 21:32:09.969] [INFO] [ExcelBatchGenerator.RuleGenerator] 合并区域: 行14 列19 跨1行 1列
[2026-08-21 21:32:09.969] [INFO] [ExcelBatchGenerator.RuleGenerator] 合并区域: 行14 列20 跨1行 1列
[2026-08-21 21:32:09.969] [INFO] [ExcelBatchGenerator.RuleGenerator] 合并区域: 行15 列2 跨1行 1列
[2026-08-21 21:32:09.969] [INFO] [ExcelBatchGenerator.RuleGenerator] 合并区域: 行15 列3 跨1行 1列
[2026-08-21 21:32:09.969] [INFO] [ExcelBatchGenerator.RuleGenerator] 合并区域: 行15 列4 跨1行 1列
[2026-08-21 21:32:09.969] [INFO] [ExcelBatchGenerator.RuleGenerator] 合并区域: 行15 列5 跨1行 1列
[2026-08-21 21:32:09.969] [INFO] [ExcelBatchGenerator.RuleGenerator] 合并区域: 行15 列6 跨1行 1列
[2026-08-21 21:32:09.969] [INFO] [ExcelBatchGenerator.RuleGenerator] 合并区域: 行15 列7 跨1行 1列
[2026-08-21 21:32:09.969] [INFO] [ExcelBatchGenerator.RuleGenerator] 合并区域: 行15 列8 跨1行 1列
[2026-08-21 21:32:09.969] [INFO] [ExcelBatchGenerator.RuleGenerator] 合并区域: 行15 列9 跨1行 1列
[2026-08-21 21:32:09.969] [INFO] [ExcelBatchGenerator.RuleGenerator] 合并区域: 行15 列10 跨1行 1列
[2026-08-21 21:32:09.969] [INFO] [ExcelBatchGenerator.RuleGenerator] 合并区域: 行15 列11 跨1行 1列
[2026-08-21 21:32:09.969] [INFO] [ExcelBatchGenerator.RuleGenerator] 合并区域: 行15 列12 跨1行 1列
[2026-08-21 21:32:09.970] [INFO] [ExcelBatchGenerator.RuleGenerator] 合并区域: 行15 列13 跨1行 1列
[2026-08-21 21:32:09.970] [INFO] [ExcelBatchGenerator.RuleGenerator] 合并区域: 行15 列14 跨1行 1列
[2026-08-21 21:32:09.970] [INFO] [ExcelBatchGenerator.RuleGenerator] 合并区域: 行15 列15 跨1行 1列
[2026-08-21 21:32:09.970] [INFO] [ExcelBatchGenerator.RuleGenerator] 合并区域: 行15 列16 跨1行 1列
[2026-08-21 21:32:09.970] [INFO] [ExcelBatchGenerator.RuleGenerator] 合并区域: 行15 列17 跨1行 1列
[2026-08-21 21:32:09.970] [INFO] [ExcelBatchGenerator.RuleGenerator] 合并区域: 行15 列18 跨1行 1列
[2026-08-21 21:32:09.970] [INFO] [ExcelBatchGenerator.RuleGenerator] 合并区域: 行15 列19 跨1行 1列
[2026-08-21 21:32:09.970] [INFO] [ExcelBatchGenerator.RuleGenerator] 合并区域: 行15 列20 跨1行 1列
[2026-08-21 21:32:09.970] [INFO] [ExcelBatchGenerator.RuleGenerator] 合并区域: 行16 列1 跨1行 8列
[2026-08-21 21:32:09.971] [INFO] [ExcelBatchGenerator.RuleGenerator] 合并区域: 行16 列9 跨1行 1列
[2026-08-21 21:32:09.971] [INFO] [ExcelBatchGenerator.RuleGenerator] 合并区域: 行16 列10 跨1行 1列
[2026-08-21 21:32:09.971] [INFO] [ExcelBatchGenerator.RuleGenerator] 合并区域: 行16 列11 跨1行 1列
[2026-08-21 21:32:09.971] [INFO] [ExcelBatchGenerator.RuleGenerator] 合并区域: 行16 列12 跨1行 1列
[2026-08-21 21:32:09.971] [INFO] [ExcelBatchGenerator.RuleGenerator] 合并区域: 行16 列13 跨1行 1列
[2026-08-21 21:32:09.971] [INFO] [ExcelBatchGenerator.RuleGenerator] 合并区域: 行16 列14 跨1行 1列
[2026-08-21 21:32:09.971] [INFO] [ExcelBatchGenerator.RuleGenerator] 合并区域: 行16 列15 跨1行 1列
[2026-08-21 21:32:09.971] [INFO] [ExcelBatchGenerator.RuleGenerator] 合并区域: 行16 列16 跨1行 1列
[2026-08-21 21:32:09.971] [INFO] [ExcelBatchGenerator.RuleGenerator] 合并区域: 行16 列17 跨1行 1列
[2026-08-21 21:32:09.971] [INFO] [ExcelBatchGenerator.RuleGenerator] 合并区域: 行16 列18 跨1行 1列
[2026-08-21 21:32:09.972] [INFO] [ExcelBatchGenerator.RuleGenerator] 合并区域: 行16 列19 跨1行 1列
[2026-08-21 21:32:09.972] [INFO] [ExcelBatchGenerator.RuleGenerator] 合并区域: 行16 列20 跨1行 1列
[2026-08-21 21:32:09.972] [INFO] [ExcelBatchGenerator.RuleGenerator] 合并区域: 行17 列1 跨1行 1列
[2026-08-21 21:32:09.972] [INFO] [ExcelBatchGenerator.RuleGenerator] 合并区域: 行17 列2 跨1行 1列
[2026-08-21 21:32:09.972] [INFO] [ExcelBatchGenerator.RuleGenerator] 合并区域: 行17 列3 跨1行 1列
[2026-08-21 21:32:09.972] [INFO] [ExcelBatchGenerator.RuleGenerator] 合并区域: 行17 列4 跨1行 1列
[2026-08-21 21:32:09.972] [INFO] [ExcelBatchGenerator.RuleGenerator] 合并区域: 行17 列5 跨1行 1列
[2026-08-21 21:32:09.972] [INFO] [ExcelBatchGenerator.RuleGenerator] 合并区域: 行17 列6 跨1行 1列
[2026-08-21 21:32:09.972] [INFO] [ExcelBatchGenerator.RuleGenerator] 合并区域: 行17 列7 跨1行 1列
[2026-08-21 21:32:09.972] [INFO] [ExcelBatchGenerator.RuleGenerator] 合并区域: 行17 列8 跨1行 1列
[2026-08-21 21:32:09.972] [INFO] [ExcelBatchGenerator.RuleGenerator] 合并区域: 行17 列9 跨1行 1列
[2026-08-21 21:32:09.972] [INFO] [ExcelBatchGenerator.RuleGenerator] 合并区域: 行17 列10 跨1行 1列
[2026-08-21 21:32:09.972] [INFO] [ExcelBatchGenerator.RuleGenerator] 合并区域: 行17 列11 跨1行 1列
[2026-08-21 21:32:09.972] [INFO] [ExcelBatchGenerator.RuleGenerator] 合并区域: 行17 列12 跨1行 1列
[2026-08-21 21:32:09.972] [INFO] [ExcelBatchGenerator.RuleGenerator] 合并区域: 行17 列13 跨1行 1列
[2026-08-21 21:32:09.972] [INFO] [ExcelBatchGenerator.RuleGenerator] 合并区域: 行17 列14 跨1行 1列
[2026-08-21 21:32:09.973] [INFO] [ExcelBatchGenerator.RuleGenerator] 合并区域: 行17 列15 跨1行 1列
[2026-08-21 21:32:09.973] [INFO] [ExcelBatchGenerator.RuleGenerator] 合并区域: 行17 列16 跨1行 1列
[2026-08-21 21:32:09.973] [INFO] [ExcelBatchGenerator.RuleGenerator] 合并区域: 行17 列17 跨1行 1列
[2026-08-21 21:32:09.973] [INFO] [ExcelBatchGenerator.RuleGenerator] 合并区域: 行17 列18 跨1行 1列
[2026-08-21 21:32:09.973] [INFO] [ExcelBatchGenerator.RuleGenerator] 合并区域: 行17 列19 跨1行 1列
[2026-08-21 21:32:09.973] [INFO] [ExcelBatchGenerator.RuleGenerator] 合并区域: 行17 列20 跨1行 1列
[2026-08-21 21:32:09.973] [INFO] [ExcelBatchGenerator.RuleGenerator] 合并区域: 行18 列1 跨1行 19列
[2026-08-21 21:32:09.973] [INFO] [ExcelBatchGenerator.RuleGenerator] 合并区域: 行18 列20 跨1行 1列
[2026-08-21 21:32:09.973] [INFO] [ExcelBatchGenerator.RuleGenerator] 合并区域: 行19 列1 跨1行 1列
[2026-08-21 21:32:09.973] [INFO] [ExcelBatchGenerator.RuleGenerator] 合并区域: 行19 列2 跨1行 1列
[2026-08-21 21:32:09.973] [INFO] [ExcelBatchGenerator.RuleGenerator] 合并区域: 行19 列3 跨1行 1列
[2026-08-21 21:32:09.973] [INFO] [ExcelBatchGenerator.RuleGenerator] 合并区域: 行19 列4 跨1行 1列
[2026-08-21 21:32:09.973] [INFO] [ExcelBatchGenerator.RuleGenerator] 合并区域: 行19 列5 跨1行 1列
[2026-08-21 21:32:09.973] [INFO] [ExcelBatchGenerator.RuleGenerator] 合并区域: 行19 列6 跨1行 1列
[2026-08-21 21:32:09.973] [INFO] [ExcelBatchGenerator.RuleGenerator] 合并区域: 行19 列7 跨1行 1列
[2026-08-21 21:32:09.973] [INFO] [ExcelBatchGenerator.RuleGenerator] 合并区域: 行19 列8 跨1行 1列
[2026-08-21 21:32:09.973] [INFO] [ExcelBatchGenerator.RuleGenerator] 合并区域: 行19 列9 跨1行 1列
[2026-08-21 21:32:09.974] [INFO] [ExcelBatchGenerator.RuleGenerator] 合并区域: 行19 列10 跨1行 1列
[2026-08-21 21:32:09.974] [INFO] [ExcelBatchGenerator.RuleGenerator] 合并区域: 行19 列11 跨1行 1列
[2026-08-21 21:32:09.974] [INFO] [ExcelBatchGenerator.RuleGenerator] 合并区域: 行19 列12 跨1行 1列
[2026-08-21 21:32:09.974] [INFO] [ExcelBatchGenerator.RuleGenerator] 合并区域: 行19 列13 跨1行 1列
[2026-08-21 21:32:09.974] [INFO] [ExcelBatchGenerator.RuleGenerator] 合并区域: 行19 列14 跨1行 1列
[2026-08-21 21:32:09.974] [INFO] [ExcelBatchGenerator.RuleGenerator] 合并区域: 行19 列15 跨1行 1列
[2026-08-21 21:32:09.974] [INFO] [ExcelBatchGenerator.RuleGenerator] 合并区域: 行19 列16 跨1行 1列
[2026-08-21 21:32:09.974] [INFO] [ExcelBatchGenerator.RuleGenerator] 合并区域: 行19 列17 跨1行 1列
[2026-08-21 21:32:09.974] [INFO] [ExcelBatchGenerator.RuleGenerator] 合并区域: 行19 列18 跨1行 1列
[2026-08-21 21:32:09.974] [INFO] [ExcelBatchGenerator.RuleGenerator] 合并区域: 行19 列19 跨1行 1列
[2026-08-21 21:32:09.974] [INFO] [ExcelBatchGenerator.RuleGenerator] 合并区域: 行19 列20 跨1行 1列
[2026-08-21 21:32:09.974] [INFO] [ExcelBatchGenerator.RuleGenerator] 合并区域: 行20 列1 跨1行 1列
[2026-08-21 21:32:09.974] [INFO] [ExcelBatchGenerator.RuleGenerator] 合并区域: 行20 列2 跨1行 1列
[2026-08-21 21:32:09.974] [INFO] [ExcelBatchGenerator.RuleGenerator] 合并区域: 行20 列3 跨1行 1列
[2026-08-21 21:32:09.974] [INFO] [ExcelBatchGenerator.RuleGenerator] 合并区域: 行20 列4 跨1行 1列
[2026-08-21 21:32:09.974] [INFO] [ExcelBatchGenerator.RuleGenerator] 合并区域: 行20 列5 跨1行 1列
[2026-08-21 21:32:09.974] [INFO] [ExcelBatchGenerator.RuleGenerator] 合并区域: 行20 列6 跨1行 1列
[2026-08-21 21:32:09.974] [INFO] [ExcelBatchGenerator.RuleGenerator] 合并区域: 行20 列7 跨1行 1列
[2026-08-21 21:32:09.975] [INFO] [ExcelBatchGenerator.RuleGenerator] 合并区域: 行20 列8 跨1行 1列
[2026-08-21 21:32:09.975] [INFO] [ExcelBatchGenerator.RuleGenerator] 合并区域: 行20 列9 跨1行 1列
[2026-08-21 21:32:09.975] [INFO] [ExcelBatchGenerator.RuleGenerator] 合并区域: 行20 列10 跨1行 1列
[2026-08-21 21:32:09.975] [INFO] [ExcelBatchGenerator.RuleGenerator] 合并区域: 行20 列11 跨1行 1列
[2026-08-21 21:32:09.975] [INFO] [ExcelBatchGenerator.RuleGenerator] 合并区域: 行20 列12 跨1行 1列
[2026-08-21 21:32:09.975] [INFO] [ExcelBatchGenerator.RuleGenerator] 合并区域: 行20 列13 跨1行 1列
[2026-08-21 21:32:09.975] [INFO] [ExcelBatchGenerator.RuleGenerator] 合并区域: 行20 列14 跨1行 1列
[2026-08-21 21:32:09.975] [INFO] [ExcelBatchGenerator.RuleGenerator] 合并区域: 行20 列15 跨1行 1列
[2026-08-21 21:32:09.975] [INFO] [ExcelBatchGenerator.RuleGenerator] 合并区域: 行20 列16 跨1行 1列
[2026-08-21 21:32:09.975] [INFO] [ExcelBatchGenerator.RuleGenerator] 合并区域: 行20 列17 跨1行 1列
[2026-08-21 21:32:09.975] [INFO] [ExcelBatchGenerator.RuleGenerator] 合并区域: 行20 列18 跨1行 1列
[2026-08-21 21:32:09.976] [INFO] [ExcelBatchGenerator.RuleGenerator] 合并区域: 行20 列19 跨1行 1列
[2026-08-21 21:32:09.976] [INFO] [ExcelBatchGenerator.RuleGenerator] 合并区域: 行20 列20 跨1行 1列
[2026-08-21 21:32:09.976] [INFO] [ExcelBatchGenerator.RuleGenerator] 切换到工作表: 过程尺寸检验记录
[2026-08-21 21:32:18.271] [INFO] [ExcelBatchGenerator.RuleGenerator] 规则生成器关闭
[2026-08-21 21:33:13.622] [INFO] [ExcelBatchGenerator.MainWindow] 程序启动
[2026-08-21 21:33:16.090] [INFO] [ExcelBatchGenerator.MainWindow] 加载模板: 25040_W-97B配件过程检验表模板.xlsx
[2026-08-21 21:33:16.091] [INFO] [ExcelBatchGenerator.MainWindow] 加载配置: 25040_W-97B配件 - 过程
[2026-08-21 21:33:16.173] [INFO] [ExcelBatchGenerator.MainWindow] 加载配置: 25040_W-97B配件 - 过程
[2026-08-21 21:33:16.174] [INFO] [ExcelBatchGenerator.MainWindow] 模板路径已保存: E:/test-shenzhen/文档模板/97B/25040-97B配件/过程检验表/25040_W-97B配件过程检验表模板.xlsx
[2026-08-21 21:33:18.106] [INFO] [ExcelBatchGenerator.RuleGenerator] ==================================================
[2026-08-21 21:33:18.106] [INFO] [ExcelBatchGenerator.RuleGenerator] 规则生成器启动
[2026-08-21 21:33:18.106] [INFO] [ExcelBatchGenerator.RuleGenerator]   模板路径: E:/test-shenzhen/文档模板/97B/25040-97B配件/过程检验表/25040_W-97B配件过程检验表模板.xlsx
[2026-08-21 21:33:18.106] [INFO] [ExcelBatchGenerator.RuleGenerator]   产品名称: 25040_W-97B配件
[2026-08-21 21:33:18.106] [INFO] [ExcelBatchGenerator.RuleGenerator]   模板类型: 
[2026-08-21 21:33:18.107] [INFO] [ExcelBatchGenerator.RuleGenerator] ==================================================
[2026-08-21 21:33:18.107] [INFO] [ExcelBatchGenerator.RuleGenerator] 初始化 UI...
[2026-08-21 21:33:18.110] [INFO] [ExcelBatchGenerator.RuleGenerator] UI 初始化完成
[2026-08-21 21:33:18.110] [INFO] [ExcelBatchGenerator.RuleGenerator] 自动切换到按行匹配模式（首件/成品模板）
[2026-08-21 21:33:18.110] [INFO] [ExcelBatchGenerator.RuleGenerator] 开始加载 Excel...
[2026-08-21 21:33:18.110] [INFO] [ExcelBatchGenerator.RuleGenerator] load_excel: 开始
[2026-08-21 21:33:18.110] [INFO] [ExcelBatchGenerator.RuleGenerator] 使用 win32com 加载: E:/test-shenzhen/文档模板/97B/25040-97B配件/过程检验表/25040_W-97B配件过程检验表模板.xlsx
[2026-08-21 21:33:18.111] [INFO] [ExcelBatchGenerator.RuleGenerator] 启动 Excel 应用程序...
[2026-08-21 21:33:18.114] [INFO] [ExcelBatchGenerator.RuleGenerator] Excel 已启动
[2026-08-21 21:33:18.114] [INFO] [ExcelBatchGenerator.RuleGenerator] 打开工作簿: E:/test-shenzhen/文档模板/97B/25040-97B配件/过程检验表/25040_W-97B配件过程检验表模板.xlsx
[2026-08-21 21:33:18.146] [INFO] [ExcelBatchGenerator.RuleGenerator] 工作簿已打开
[2026-08-21 21:33:18.152] [INFO] [ExcelBatchGenerator.RuleGenerator] 共 2 个工作表: ['按时检验记录', '过程尺寸检验记录']
[2026-08-21 21:33:18.153] [INFO] [ExcelBatchGenerator.RuleGenerator] _load_sheet_data: 加载工作表 按时检验记录
[2026-08-21 21:33:19.653] [INFO] [ExcelBatchGenerator.RuleGenerator] 通过遍历方式获取到 445 个合并区域
[2026-08-21 21:33:19.653] [INFO] [ExcelBatchGenerator.RuleGenerator] 检测到 445 个合并区域
[2026-08-21 21:33:20.788] [INFO] [ExcelBatchGenerator.RuleGenerator] 实际数据范围: 18 行, 30 列
[2026-08-21 21:33:20.788] [INFO] [ExcelBatchGenerator.RuleGenerator] max_row=18, max_col=30
[2026-08-21 21:33:20.788] [INFO] [ExcelBatchGenerator.RuleGenerator] _populate_table_from_win32: 开始填充 18x30
[2026-08-21 21:33:20.791] [INFO] [ExcelBatchGenerator.RuleGenerator] 读取单元格数据...
[2026-08-21 21:33:22.259] [INFO] [ExcelBatchGenerator.RuleGenerator] 单元格数据读取完成
[2026-08-21 21:33:22.259] [INFO] [ExcelBatchGenerator.RuleGenerator] L5 item 存在，文本: ''
[2026-08-21 21:33:22.259] [INFO] [ExcelBatchGenerator.RuleGenerator] _populate_table_from_win32: 完成
[2026-08-21 21:33:22.264] [INFO] [ExcelBatchGenerator.RuleGenerator] 合并区域: 行1 列1 跨1行 17列
[2026-08-21 21:33:22.264] [INFO] [ExcelBatchGenerator.RuleGenerator] 合并区域: 行1 列18 跨1行 1列
[2026-08-21 21:33:22.264] [INFO] [ExcelBatchGenerator.RuleGenerator] 合并区域: 行1 列19 跨1行 1列
[2026-08-21 21:33:22.264] [INFO] [ExcelBatchGenerator.RuleGenerator] 合并区域: 行1 列20 跨1行 1列
[2026-08-21 21:33:22.264] [INFO] [ExcelBatchGenerator.RuleGenerator] 合并区域: 行1 列21 跨1行 1列
[2026-08-21 21:33:22.264] [INFO] [ExcelBatchGenerator.RuleGenerator] 合并区域: 行1 列22 跨1行 1列
[2026-08-21 21:33:22.264] [INFO] [ExcelBatchGenerator.RuleGenerator] 合并区域: 行1 列23 跨1行 1列
[2026-08-21 21:33:22.264] [INFO] [ExcelBatchGenerator.RuleGenerator] 合并区域: 行1 列24 跨1行 1列
[2026-08-21 21:33:22.264] [INFO] [ExcelBatchGenerator.RuleGenerator] 合并区域: 行1 列25 跨1行 1列
[2026-08-21 21:33:22.264] [INFO] [ExcelBatchGenerator.RuleGenerator] 合并区域: 行1 列26 跨1行 1列
[2026-08-21 21:33:22.264] [INFO] [ExcelBatchGenerator.RuleGenerator] 合并区域: 行1 列27 跨1行 1列
[2026-08-21 21:33:22.265] [INFO] [ExcelBatchGenerator.RuleGenerator] 合并区域: 行1 列28 跨1行 1列
[2026-08-21 21:33:22.265] [INFO] [ExcelBatchGenerator.RuleGenerator] 合并区域: 行1 列29 跨1行 1列
[2026-08-21 21:33:22.265] [INFO] [ExcelBatchGenerator.RuleGenerator] 合并区域: 行1 列30 跨1行 1列
[2026-08-21 21:33:22.265] [INFO] [ExcelBatchGenerator.RuleGenerator] 合并区域: 行2 列1 跨1行 17列
[2026-08-21 21:33:22.265] [INFO] [ExcelBatchGenerator.RuleGenerator] 合并区域: 行2 列18 跨1行 1列
[2026-08-21 21:33:22.265] [INFO] [ExcelBatchGenerator.RuleGenerator] 合并区域: 行2 列19 跨1行 1列
[2026-08-21 21:33:22.265] [INFO] [ExcelBatchGenerator.RuleGenerator] 合并区域: 行2 列20 跨1行 1列
[2026-08-21 21:33:22.265] [INFO] [ExcelBatchGenerator.RuleGenerator] 合并区域: 行2 列21 跨1行 1列
[2026-08-21 21:33:22.265] [INFO] [ExcelBatchGenerator.RuleGenerator] 合并区域: 行2 列22 跨1行 1列
[2026-08-21 21:33:22.265] [INFO] [ExcelBatchGenerator.RuleGenerator] 合并区域: 行2 列23 跨1行 1列
[2026-08-21 21:33:22.265] [INFO] [ExcelBatchGenerator.RuleGenerator] 合并区域: 行2 列24 跨1行 1列
[2026-08-21 21:33:22.265] [INFO] [ExcelBatchGenerator.RuleGenerator] 合并区域: 行2 列25 跨1行 1列
[2026-08-21 21:33:22.266] [INFO] [ExcelBatchGenerator.RuleGenerator] 合并区域: 行2 列26 跨1行 1列
[2026-08-21 21:33:22.266] [INFO] [ExcelBatchGenerator.RuleGenerator] 合并区域: 行2 列27 跨1行 1列
[2026-08-21 21:33:22.266] [INFO] [ExcelBatchGenerator.RuleGenerator] 合并区域: 行2 列28 跨1行 1列
[2026-08-21 21:33:22.266] [INFO] [ExcelBatchGenerator.RuleGenerator] 合并区域: 行2 列29 跨1行 1列
[2026-08-21 21:33:22.266] [INFO] [ExcelBatchGenerator.RuleGenerator] 合并区域: 行2 列30 跨1行 1列
[2026-08-21 21:33:22.266] [INFO] [ExcelBatchGenerator.RuleGenerator] 合并区域: 行3 列1 跨1行 1列
[2026-08-21 21:33:22.266] [INFO] [ExcelBatchGenerator.RuleGenerator] 合并区域: 行3 列2 跨1行 1列
[2026-08-21 21:33:22.266] [INFO] [ExcelBatchGenerator.RuleGenerator] 合并区域: 行3 列3 跨1行 1列
[2026-08-21 21:33:22.266] [INFO] [ExcelBatchGenerator.RuleGenerator] 合并区域: 行3 列4 跨1行 1列
[2026-08-21 21:33:22.266] [INFO] [ExcelBatchGenerator.RuleGenerator] 合并区域: 行3 列5 跨1行 1列
[2026-08-21 21:33:22.266] [INFO] [ExcelBatchGenerator.RuleGenerator] 合并区域: 行3 列6 跨1行 1列
[2026-08-21 21:33:22.266] [INFO] [ExcelBatchGenerator.RuleGenerator] 合并区域: 行3 列7 跨1行 1列
[2026-08-21 21:33:22.267] [INFO] [ExcelBatchGenerator.RuleGenerator] 合并区域: 行3 列8 跨1行 1列
[2026-08-21 21:33:22.267] [INFO] [ExcelBatchGenerator.RuleGenerator] 合并区域: 行3 列9 跨1行 1列
[2026-08-21 21:33:22.267] [INFO] [ExcelBatchGenerator.RuleGenerator] 合并区域: 行3 列10 跨1行 1列
[2026-08-21 21:33:22.267] [INFO] [ExcelBatchGenerator.RuleGenerator] 合并区域: 行3 列11 跨1行 1列
[2026-08-21 21:33:22.267] [INFO] [ExcelBatchGenerator.RuleGenerator] 合并区域: 行3 列12 跨1行 1列
[2026-08-21 21:33:22.267] [INFO] [ExcelBatchGenerator.RuleGenerator] 合并区域: 行3 列13 跨1行 5列
[2026-08-21 21:33:22.267] [INFO] [ExcelBatchGenerator.RuleGenerator] 合并区域: 行3 列18 跨1行 1列
[2026-08-21 21:33:22.267] [INFO] [ExcelBatchGenerator.RuleGenerator] 合并区域: 行3 列19 跨1行 1列
[2026-08-21 21:33:22.267] [INFO] [ExcelBatchGenerator.RuleGenerator] 合并区域: 行3 列20 跨1行 1列
[2026-08-21 21:33:22.267] [INFO] [ExcelBatchGenerator.RuleGenerator] 合并区域: 行3 列21 跨1行 1列
[2026-08-21 21:33:22.267] [INFO] [ExcelBatchGenerator.RuleGenerator] 合并区域: 行3 列22 跨1行 1列
[2026-08-21 21:33:22.267] [INFO] [ExcelBatchGenerator.RuleGenerator] 合并区域: 行3 列23 跨1行 1列
[2026-08-21 21:33:22.267] [INFO] [ExcelBatchGenerator.RuleGenerator] 合并区域: 行3 列24 跨1行 1列
[2026-08-21 21:33:22.267] [INFO] [ExcelBatchGenerator.RuleGenerator] 合并区域: 行3 列25 跨1行 1列
[2026-08-21 21:33:22.267] [INFO] [ExcelBatchGenerator.RuleGenerator] 合并区域: 行3 列26 跨1行 1列
[2026-08-21 21:33:22.267] [INFO] [ExcelBatchGenerator.RuleGenerator] 合并区域: 行3 列27 跨1行 1列
[2026-08-21 21:33:22.267] [INFO] [ExcelBatchGenerator.RuleGenerator] 合并区域: 行3 列28 跨1行 1列
[2026-08-21 21:33:22.267] [INFO] [ExcelBatchGenerator.RuleGenerator] 合并区域: 行3 列29 跨1行 1列
[2026-08-21 21:33:22.267] [INFO] [ExcelBatchGenerator.RuleGenerator] 合并区域: 行3 列30 跨1行 1列
[2026-08-21 21:33:22.267] [INFO] [ExcelBatchGenerator.RuleGenerator] 合并区域: 行4 列1 跨2行 1列
[2026-08-21 21:33:22.268] [INFO] [ExcelBatchGenerator.RuleGenerator] 合并区域: 行4 列2 跨2行 1列
[2026-08-21 21:33:22.268] [INFO] [ExcelBatchGenerator.RuleGenerator] 合并区域: 行4 列3 跨2行 1列
[2026-08-21 21:33:22.268] [INFO] [ExcelBatchGenerator.RuleGenerator] 合并区域: 行4 列4 跨2行 1列
[2026-08-21 21:33:22.268] [INFO] [ExcelBatchGenerator.RuleGenerator] 合并区域: 行4 列5 跨1行 1列
[2026-08-21 21:33:22.268] [INFO] [ExcelBatchGenerator.RuleGenerator] 合并区域: 行4 列6 跨1行 1列
[2026-08-21 21:33:22.268] [INFO] [ExcelBatchGenerator.RuleGenerator] 合并区域: 行4 列7 跨1行 1列
[2026-08-21 21:33:22.268] [INFO] [ExcelBatchGenerator.RuleGenerator] 合并区域: 行4 列8 跨1行 1列
[2026-08-21 21:33:22.268] [INFO] [ExcelBatchGenerator.RuleGenerator] 合并区域: 行4 列9 跨1行 1列
[2026-08-21 21:33:22.268] [INFO] [ExcelBatchGenerator.RuleGenerator] 合并区域: 行4 列10 跨1行 1列
[2026-08-21 21:33:22.268] [INFO] [ExcelBatchGenerator.RuleGenerator] 合并区域: 行4 列11 跨1行 1列
[2026-08-21 21:33:22.268] [INFO] [ExcelBatchGenerator.RuleGenerator] 合并区域: 行4 列12 跨2行 1列
[2026-08-21 21:33:22.268] [INFO] [ExcelBatchGenerator.RuleGenerator] 合并区域: 行4 列13 跨2行 1列
[2026-08-21 21:33:22.268] [INFO] [ExcelBatchGenerator.RuleGenerator] 合并区域: 行4 列14 跨2行 4列
[2026-08-21 21:33:22.268] [INFO] [ExcelBatchGenerator.RuleGenerator] 合并区域: 行4 列18 跨1行 1列
[2026-08-21 21:33:22.268] [INFO] [ExcelBatchGenerator.RuleGenerator] 合并区域: 行4 列19 跨1行 1列
[2026-08-21 21:33:22.268] [INFO] [ExcelBatchGenerator.RuleGenerator] 合并区域: 行4 列20 跨1行 1列
[2026-08-21 21:33:22.268] [INFO] [ExcelBatchGenerator.RuleGenerator] 合并区域: 行4 列21 跨1行 1列
[2026-08-21 21:33:22.268] [INFO] [ExcelBatchGenerator.RuleGenerator] 合并区域: 行4 列22 跨1行 1列
[2026-08-21 21:33:22.268] [INFO] [ExcelBatchGenerator.RuleGenerator] 合并区域: 行4 列23 跨1行 1列
[2026-08-21 21:33:22.269] [INFO] [ExcelBatchGenerator.RuleGenerator] 合并区域: 行4 列24 跨1行 1列
[2026-08-21 21:33:22.269] [INFO] [ExcelBatchGenerator.RuleGenerator] 合并区域: 行4 列25 跨1行 1列
[2026-08-21 21:33:22.269] [INFO] [ExcelBatchGenerator.RuleGenerator] 合并区域: 行4 列26 跨1行 1列
[2026-08-21 21:33:22.269] [INFO] [ExcelBatchGenerator.RuleGenerator] 合并区域: 行4 列27 跨1行 1列
[2026-08-21 21:33:22.269] [INFO] [ExcelBatchGenerator.RuleGenerator] 合并区域: 行4 列28 跨1行 1列
[2026-08-21 21:33:22.269] [INFO] [ExcelBatchGenerator.RuleGenerator] 合并区域: 行4 列29 跨1行 1列
[2026-08-21 21:33:22.269] [INFO] [ExcelBatchGenerator.RuleGenerator] 合并区域: 行4 列30 跨1行 1列
[2026-08-21 21:33:22.269] [INFO] [ExcelBatchGenerator.RuleGenerator] 合并区域: 行5 列5 跨1行 1列
[2026-08-21 21:33:22.269] [INFO] [ExcelBatchGenerator.RuleGenerator] 合并区域: 行5 列6 跨1行 1列
[2026-08-21 21:33:22.269] [INFO] [ExcelBatchGenerator.RuleGenerator] 合并区域: 行5 列7 跨1行 1列
[2026-08-21 21:33:22.269] [INFO] [ExcelBatchGenerator.RuleGenerator] 合并区域: 行5 列8 跨1行 1列
[2026-08-21 21:33:22.269] [INFO] [ExcelBatchGenerator.RuleGenerator] 合并区域: 行5 列9 跨1行 1列
[2026-08-21 21:33:22.269] [INFO] [ExcelBatchGenerator.RuleGenerator] 合并区域: 行5 列10 跨1行 1列
[2026-08-21 21:33:22.269] [INFO] [ExcelBatchGenerator.RuleGenerator] 合并区域: 行5 列11 跨1行 1列
[2026-08-21 21:33:22.269] [INFO] [ExcelBatchGenerator.RuleGenerator] 合并区域: 行5 列18 跨1行 1列
[2026-08-21 21:33:22.270] [INFO] [ExcelBatchGenerator.RuleGenerator] 合并区域: 行5 列19 跨1行 1列
[2026-08-21 21:33:22.270] [INFO] [ExcelBatchGenerator.RuleGenerator] 合并区域: 行5 列20 跨1行 1列
[2026-08-21 21:33:22.270] [INFO] [ExcelBatchGenerator.RuleGenerator] 合并区域: 行5 列21 跨1行 1列
[2026-08-21 21:33:22.270] [INFO] [ExcelBatchGenerator.RuleGenerator] 合并区域: 行5 列22 跨1行 1列
[2026-08-21 21:33:22.270] [INFO] [ExcelBatchGenerator.RuleGenerator] 合并区域: 行5 列23 跨1行 1列
[2026-08-21 21:33:22.270] [INFO] [ExcelBatchGenerator.RuleGenerator] 合并区域: 行5 列24 跨1行 1列
[2026-08-21 21:33:22.270] [INFO] [ExcelBatchGenerator.RuleGenerator] 合并区域: 行5 列25 跨1行 1列
[2026-08-21 21:33:22.270] [INFO] [ExcelBatchGenerator.RuleGenerator] 合并区域: 行5 列26 跨1行 1列
[2026-08-21 21:33:22.270] [INFO] [ExcelBatchGenerator.RuleGenerator] 合并区域: 行5 列27 跨1行 1列
[2026-08-21 21:33:22.270] [INFO] [ExcelBatchGenerator.RuleGenerator] 合并区域: 行5 列28 跨1行 1列
[2026-08-21 21:33:22.270] [INFO] [ExcelBatchGenerator.RuleGenerator] 合并区域: 行5 列29 跨1行 1列
[2026-08-21 21:33:22.270] [INFO] [ExcelBatchGenerator.RuleGenerator] 合并区域: 行5 列30 跨1行 1列
[2026-08-21 21:33:22.270] [INFO] [ExcelBatchGenerator.RuleGenerator] 合并区域: 行6 列1 跨1行 1列
[2026-08-21 21:33:22.270] [INFO] [ExcelBatchGenerator.RuleGenerator] 合并区域: 行6 列2 跨1行 1列
[2026-08-21 21:33:22.270] [INFO] [ExcelBatchGenerator.RuleGenerator] 合并区域: 行6 列3 跨1行 1列
[2026-08-21 21:33:22.270] [INFO] [ExcelBatchGenerator.RuleGenerator] 合并区域: 行6 列4 跨1行 1列
[2026-08-21 21:33:22.270] [INFO] [ExcelBatchGenerator.RuleGenerator] 合并区域: 行6 列5 跨1行 1列
[2026-08-21 21:33:22.270] [INFO] [ExcelBatchGenerator.RuleGenerator] 合并区域: 行6 列6 跨1行 1列
[2026-08-21 21:33:22.270] [INFO] [ExcelBatchGenerator.RuleGenerator] 合并区域: 行6 列7 跨1行 1列
[2026-08-21 21:33:22.270] [INFO] [ExcelBatchGenerator.RuleGenerator] 合并区域: 行6 列8 跨1行 1列
[2026-08-21 21:33:22.270] [INFO] [ExcelBatchGenerator.RuleGenerator] 合并区域: 行6 列9 跨1行 1列
[2026-08-21 21:33:22.270] [INFO] [ExcelBatchGenerator.RuleGenerator] 合并区域: 行6 列10 跨1行 1列
[2026-08-21 21:33:22.270] [INFO] [ExcelBatchGenerator.RuleGenerator] 合并区域: 行6 列11 跨1行 1列
[2026-08-21 21:33:22.271] [INFO] [ExcelBatchGenerator.RuleGenerator] 合并区域: 行6 列12 跨1行 1列
[2026-08-21 21:33:22.271] [INFO] [ExcelBatchGenerator.RuleGenerator] 合并区域: 行6 列13 跨1行 1列
[2026-08-21 21:33:22.271] [INFO] [ExcelBatchGenerator.RuleGenerator] 合并区域: 行6 列14 跨1行 4列
[2026-08-21 21:33:22.271] [INFO] [ExcelBatchGenerator.RuleGenerator] 合并区域: 行6 列18 跨1行 1列
[2026-08-21 21:33:22.271] [INFO] [ExcelBatchGenerator.RuleGenerator] 合并区域: 行6 列19 跨1行 1列
[2026-08-21 21:33:22.271] [INFO] [ExcelBatchGenerator.RuleGenerator] 合并区域: 行6 列20 跨1行 1列
[2026-08-21 21:33:22.271] [INFO] [ExcelBatchGenerator.RuleGenerator] 合并区域: 行6 列21 跨1行 1列
[2026-08-21 21:33:22.271] [INFO] [ExcelBatchGenerator.RuleGenerator] 合并区域: 行6 列22 跨1行 1列
[2026-08-21 21:33:22.271] [INFO] [ExcelBatchGenerator.RuleGenerator] 合并区域: 行6 列23 跨1行 1列
[2026-08-21 21:33:22.271] [INFO] [ExcelBatchGenerator.RuleGenerator] 合并区域: 行6 列24 跨1行 1列
[2026-08-21 21:33:22.271] [INFO] [ExcelBatchGenerator.RuleGenerator] 合并区域: 行6 列25 跨1行 1列
[2026-08-21 21:33:22.271] [INFO] [ExcelBatchGenerator.RuleGenerator] 合并区域: 行6 列26 跨1行 1列
[2026-08-21 21:33:22.271] [INFO] [ExcelBatchGenerator.RuleGenerator] 合并区域: 行6 列27 跨1行 1列
[2026-08-21 21:33:22.271] [INFO] [ExcelBatchGenerator.RuleGenerator] 合并区域: 行6 列28 跨1行 1列
[2026-08-21 21:33:22.271] [INFO] [ExcelBatchGenerator.RuleGenerator] 合并区域: 行6 列29 跨1行 1列
[2026-08-21 21:33:22.271] [INFO] [ExcelBatchGenerator.RuleGenerator] 合并区域: 行6 列30 跨1行 1列
[2026-08-21 21:33:22.271] [INFO] [ExcelBatchGenerator.RuleGenerator] 合并区域: 行7 列1 跨1行 1列
[2026-08-21 21:33:22.271] [INFO] [ExcelBatchGenerator.RuleGenerator] 合并区域: 行7 列2 跨1行 1列
[2026-08-21 21:33:22.271] [INFO] [ExcelBatchGenerator.RuleGenerator] 合并区域: 行7 列3 跨1行 1列
[2026-08-21 21:33:22.271] [INFO] [ExcelBatchGenerator.RuleGenerator] 合并区域: 行7 列4 跨1行 1列
[2026-08-21 21:33:22.271] [INFO] [ExcelBatchGenerator.RuleGenerator] 合并区域: 行7 列5 跨1行 1列
[2026-08-21 21:33:22.272] [INFO] [ExcelBatchGenerator.RuleGenerator] 合并区域: 行7 列6 跨1行 1列
[2026-08-21 21:33:22.272] [INFO] [ExcelBatchGenerator.RuleGenerator] 合并区域: 行7 列7 跨1行 1列
[2026-08-21 21:33:22.272] [INFO] [ExcelBatchGenerator.RuleGenerator] 合并区域: 行7 列8 跨1行 1列
[2026-08-21 21:33:22.272] [INFO] [ExcelBatchGenerator.RuleGenerator] 合并区域: 行7 列9 跨1行 1列
[2026-08-21 21:33:22.272] [INFO] [ExcelBatchGenerator.RuleGenerator] 合并区域: 行7 列10 跨1行 1列
[2026-08-21 21:33:22.272] [INFO] [ExcelBatchGenerator.RuleGenerator] 合并区域: 行7 列11 跨1行 1列
[2026-08-21 21:33:22.272] [INFO] [ExcelBatchGenerator.RuleGenerator] 合并区域: 行7 列12 跨1行 1列
[2026-08-21 21:33:22.272] [INFO] [ExcelBatchGenerator.RuleGenerator] 合并区域: 行7 列13 跨1行 1列
[2026-08-21 21:33:22.272] [INFO] [ExcelBatchGenerator.RuleGenerator] 合并区域: 行7 列14 跨1行 4列
[2026-08-21 21:33:22.272] [INFO] [ExcelBatchGenerator.RuleGenerator] 合并区域: 行7 列18 跨1行 1列
[2026-08-21 21:33:22.272] [INFO] [ExcelBatchGenerator.RuleGenerator] 合并区域: 行7 列19 跨1行 1列
[2026-08-21 21:33:22.272] [INFO] [ExcelBatchGenerator.RuleGenerator] 合并区域: 行7 列20 跨1行 1列
[2026-08-21 21:33:22.272] [INFO] [ExcelBatchGenerator.RuleGenerator] 合并区域: 行7 列21 跨1行 1列
[2026-08-21 21:33:22.272] [INFO] [ExcelBatchGenerator.RuleGenerator] 合并区域: 行7 列22 跨1行 1列
[2026-08-21 21:33:22.272] [INFO] [ExcelBatchGenerator.RuleGenerator] 合并区域: 行7 列23 跨1行 1列
[2026-08-21 21:33:22.272] [INFO] [ExcelBatchGenerator.RuleGenerator] 合并区域: 行7 列24 跨1行 1列
[2026-08-21 21:33:22.272] [INFO] [ExcelBatchGenerator.RuleGenerator] 合并区域: 行7 列25 跨1行 1列
[2026-08-21 21:33:22.273] [INFO] [ExcelBatchGenerator.RuleGenerator] 合并区域: 行7 列26 跨1行 1列
[2026-08-21 21:33:22.273] [INFO] [ExcelBatchGenerator.RuleGenerator] 合并区域: 行7 列27 跨1行 1列
[2026-08-21 21:33:22.273] [INFO] [ExcelBatchGenerator.RuleGenerator] 合并区域: 行7 列28 跨1行 1列
[2026-08-21 21:33:22.273] [INFO] [ExcelBatchGenerator.RuleGenerator] 合并区域: 行7 列29 跨1行 1列
[2026-08-21 21:33:22.273] [INFO] [ExcelBatchGenerator.RuleGenerator] 合并区域: 行7 列30 跨1行 1列
[2026-08-21 21:33:22.273] [INFO] [ExcelBatchGenerator.RuleGenerator] 合并区域: 行8 列1 跨1行 1列
[2026-08-21 21:33:22.273] [INFO] [ExcelBatchGenerator.RuleGenerator] 合并区域: 行8 列2 跨1行 1列
[2026-08-21 21:33:22.273] [INFO] [ExcelBatchGenerator.RuleGenerator] 合并区域: 行8 列3 跨1行 1列
[2026-08-21 21:33:22.273] [INFO] [ExcelBatchGenerator.RuleGenerator] 合并区域: 行8 列4 跨1行 1列
[2026-08-21 21:33:22.273] [INFO] [ExcelBatchGenerator.RuleGenerator] 合并区域: 行8 列5 跨1行 1列
[2026-08-21 21:33:22.273] [INFO] [ExcelBatchGenerator.RuleGenerator] 合并区域: 行8 列6 跨1行 1列
[2026-08-21 21:33:22.273] [INFO] [ExcelBatchGenerator.RuleGenerator] 合并区域: 行8 列7 跨1行 1列
[2026-08-21 21:33:22.273] [INFO] [ExcelBatchGenerator.RuleGenerator] 合并区域: 行8 列8 跨1行 1列
[2026-08-21 21:33:22.273] [INFO] [ExcelBatchGenerator.RuleGenerator] 合并区域: 行8 列9 跨1行 1列
[2026-08-21 21:33:22.273] [INFO] [ExcelBatchGenerator.RuleGenerator] 合并区域: 行8 列10 跨1行 1列
[2026-08-21 21:33:22.273] [INFO] [ExcelBatchGenerator.RuleGenerator] 合并区域: 行8 列11 跨1行 1列
[2026-08-21 21:33:22.273] [INFO] [ExcelBatchGenerator.RuleGenerator] 合并区域: 行8 列12 跨1行 1列
[2026-08-21 21:33:22.273] [INFO] [ExcelBatchGenerator.RuleGenerator] 合并区域: 行8 列13 跨1行 1列
[2026-08-21 21:33:22.273] [INFO] [ExcelBatchGenerator.RuleGenerator] 合并区域: 行8 列14 跨1行 4列
[2026-08-21 21:33:22.273] [INFO] [ExcelBatchGenerator.RuleGenerator] 合并区域: 行8 列18 跨1行 1列
[2026-08-21 21:33:22.274] [INFO] [ExcelBatchGenerator.RuleGenerator] 合并区域: 行8 列19 跨1行 1列
[2026-08-21 21:33:22.274] [INFO] [ExcelBatchGenerator.RuleGenerator] 合并区域: 行8 列20 跨1行 1列
[2026-08-21 21:33:22.274] [INFO] [ExcelBatchGenerator.RuleGenerator] 合并区域: 行8 列21 跨1行 1列
[2026-08-21 21:33:22.274] [INFO] [ExcelBatchGenerator.RuleGenerator] 合并区域: 行8 列22 跨1行 1列
[2026-08-21 21:33:22.274] [INFO] [ExcelBatchGenerator.RuleGenerator] 合并区域: 行8 列23 跨1行 1列
[2026-08-21 21:33:22.274] [INFO] [ExcelBatchGenerator.RuleGenerator] 合并区域: 行8 列24 跨1行 1列
[2026-08-21 21:33:22.274] [INFO] [ExcelBatchGenerator.RuleGenerator] 合并区域: 行8 列25 跨1行 1列
[2026-08-21 21:33:22.274] [INFO] [ExcelBatchGenerator.RuleGenerator] 合并区域: 行8 列26 跨1行 1列
[2026-08-21 21:33:22.274] [INFO] [ExcelBatchGenerator.RuleGenerator] 合并区域: 行8 列27 跨1行 1列
[2026-08-21 21:33:22.274] [INFO] [ExcelBatchGenerator.RuleGenerator] 合并区域: 行8 列28 跨1行 1列
[2026-08-21 21:33:22.274] [INFO] [ExcelBatchGenerator.RuleGenerator] 合并区域: 行8 列29 跨1行 1列
[2026-08-21 21:33:22.274] [INFO] [ExcelBatchGenerator.RuleGenerator] 合并区域: 行8 列30 跨1行 1列
[2026-08-21 21:33:22.274] [INFO] [ExcelBatchGenerator.RuleGenerator] 合并区域: 行9 列1 跨1行 1列
[2026-08-21 21:33:22.274] [INFO] [ExcelBatchGenerator.RuleGenerator] 合并区域: 行9 列2 跨1行 1列
[2026-08-21 21:33:22.275] [INFO] [ExcelBatchGenerator.RuleGenerator] 合并区域: 行9 列3 跨1行 1列
[2026-08-21 21:33:22.275] [INFO] [ExcelBatchGenerator.RuleGenerator] 合并区域: 行9 列4 跨1行 1列
[2026-08-21 21:33:22.275] [INFO] [ExcelBatchGenerator.RuleGenerator] 合并区域: 行9 列5 跨1行 1列
[2026-08-21 21:33:22.275] [INFO] [ExcelBatchGenerator.RuleGenerator] 合并区域: 行9 列6 跨1行 1列
[2026-08-21 21:33:22.275] [INFO] [ExcelBatchGenerator.RuleGenerator] 合并区域: 行9 列7 跨1行 1列
[2026-08-21 21:33:22.275] [INFO] [ExcelBatchGenerator.RuleGenerator] 合并区域: 行9 列8 跨1行 1列
[2026-08-21 21:33:22.275] [INFO] [ExcelBatchGenerator.RuleGenerator] 合并区域: 行9 列9 跨1行 1列
[2026-08-21 21:33:22.275] [INFO] [ExcelBatchGenerator.RuleGenerator] 合并区域: 行9 列10 跨1行 1列
[2026-08-21 21:33:22.275] [INFO] [ExcelBatchGenerator.RuleGenerator] 合并区域: 行9 列11 跨1行 1列
[2026-08-21 21:33:22.275] [INFO] [ExcelBatchGenerator.RuleGenerator] 合并区域: 行9 列12 跨1行 1列
[2026-08-21 21:33:22.275] [INFO] [ExcelBatchGenerator.RuleGenerator] 合并区域: 行9 列13 跨1行 1列
[2026-08-21 21:33:22.275] [INFO] [ExcelBatchGenerator.RuleGenerator] 合并区域: 行9 列14 跨1行 4列
[2026-08-21 21:33:22.275] [INFO] [ExcelBatchGenerator.RuleGenerator] 合并区域: 行9 列18 跨1行 1列
[2026-08-21 21:33:22.275] [INFO] [ExcelBatchGenerator.RuleGenerator] 合并区域: 行9 列19 跨1行 1列
[2026-08-21 21:33:22.275] [INFO] [ExcelBatchGenerator.RuleGenerator] 合并区域: 行9 列20 跨1行 1列
[2026-08-21 21:33:22.275] [INFO] [ExcelBatchGenerator.RuleGenerator] 合并区域: 行9 列21 跨1行 1列
[2026-08-21 21:33:22.275] [INFO] [ExcelBatchGenerator.RuleGenerator] 合并区域: 行9 列22 跨1行 1列
[2026-08-21 21:33:22.275] [INFO] [ExcelBatchGenerator.RuleGenerator] 合并区域: 行9 列23 跨1行 1列
[2026-08-21 21:33:22.275] [INFO] [ExcelBatchGenerator.RuleGenerator] 合并区域: 行9 列24 跨1行 1列
[2026-08-21 21:33:22.275] [INFO] [ExcelBatchGenerator.RuleGenerator] 合并区域: 行9 列25 跨1行 1列
[2026-08-21 21:33:22.275] [INFO] [ExcelBatchGenerator.RuleGenerator] 合并区域: 行9 列26 跨1行 1列
[2026-08-21 21:33:22.275] [INFO] [ExcelBatchGenerator.RuleGenerator] 合并区域: 行9 列27 跨1行 1列
[2026-08-21 21:33:22.276] [INFO] [ExcelBatchGenerator.RuleGenerator] 合并区域: 行9 列28 跨1行 1列
[2026-08-21 21:33:22.276] [INFO] [ExcelBatchGenerator.RuleGenerator] 合并区域: 行9 列29 跨1行 1列
[2026-08-21 21:33:22.276] [INFO] [ExcelBatchGenerator.RuleGenerator] 合并区域: 行9 列30 跨1行 1列
[2026-08-21 21:33:22.276] [INFO] [ExcelBatchGenerator.RuleGenerator] 合并区域: 行10 列1 跨1行 1列
[2026-08-21 21:33:22.276] [INFO] [ExcelBatchGenerator.RuleGenerator] 合并区域: 行10 列2 跨1行 1列
[2026-08-21 21:33:22.276] [INFO] [ExcelBatchGenerator.RuleGenerator] 合并区域: 行10 列3 跨1行 1列
[2026-08-21 21:33:22.276] [INFO] [ExcelBatchGenerator.RuleGenerator] 合并区域: 行10 列4 跨1行 1列
[2026-08-21 21:33:22.276] [INFO] [ExcelBatchGenerator.RuleGenerator] 合并区域: 行10 列5 跨1行 1列
[2026-08-21 21:33:22.276] [INFO] [ExcelBatchGenerator.RuleGenerator] 合并区域: 行10 列6 跨1行 1列
[2026-08-21 21:33:22.276] [INFO] [ExcelBatchGenerator.RuleGenerator] 合并区域: 行10 列7 跨1行 1列
[2026-08-21 21:33:22.276] [INFO] [ExcelBatchGenerator.RuleGenerator] 合并区域: 行10 列8 跨1行 1列
[2026-08-21 21:33:22.276] [INFO] [ExcelBatchGenerator.RuleGenerator] 合并区域: 行10 列9 跨1行 1列
[2026-08-21 21:33:22.276] [INFO] [ExcelBatchGenerator.RuleGenerator] 合并区域: 行10 列10 跨1行 1列
[2026-08-21 21:33:22.276] [INFO] [ExcelBatchGenerator.RuleGenerator] 合并区域: 行10 列11 跨1行 1列
[2026-08-21 21:33:22.276] [INFO] [ExcelBatchGenerator.RuleGenerator] 合并区域: 行10 列12 跨1行 1列
[2026-08-21 21:33:22.276] [INFO] [ExcelBatchGenerator.RuleGenerator] 合并区域: 行10 列13 跨1行 1列
[2026-08-21 21:33:22.276] [INFO] [ExcelBatchGenerator.RuleGenerator] 合并区域: 行10 列14 跨1行 4列
[2026-08-21 21:33:22.276] [INFO] [ExcelBatchGenerator.RuleGenerator] 合并区域: 行10 列18 跨1行 1列
[2026-08-21 21:33:22.276] [INFO] [ExcelBatchGenerator.RuleGenerator] 合并区域: 行10 列19 跨1行 1列
[2026-08-21 21:33:22.277] [INFO] [ExcelBatchGenerator.RuleGenerator] 合并区域: 行10 列20 跨1行 1列
[2026-08-21 21:33:22.277] [INFO] [ExcelBatchGenerator.RuleGenerator] 合并区域: 行10 列21 跨1行 1列
[2026-08-21 21:33:22.277] [INFO] [ExcelBatchGenerator.RuleGenerator] 合并区域: 行10 列22 跨1行 1列
[2026-08-21 21:33:22.277] [INFO] [ExcelBatchGenerator.RuleGenerator] 合并区域: 行10 列23 跨1行 1列
[2026-08-21 21:33:22.277] [INFO] [ExcelBatchGenerator.RuleGenerator] 合并区域: 行10 列24 跨1行 1列
[2026-08-21 21:33:22.278] [INFO] [ExcelBatchGenerator.RuleGenerator] 合并区域: 行10 列25 跨1行 1列
[2026-08-21 21:33:22.278] [INFO] [ExcelBatchGenerator.RuleGenerator] 合并区域: 行10 列26 跨1行 1列
[2026-08-21 21:33:22.278] [INFO] [ExcelBatchGenerator.RuleGenerator] 合并区域: 行10 列27 跨1行 1列
[2026-08-21 21:33:22.278] [INFO] [ExcelBatchGenerator.RuleGenerator] 合并区域: 行10 列28 跨1行 1列
[2026-08-21 21:33:22.278] [INFO] [ExcelBatchGenerator.RuleGenerator] 合并区域: 行10 列29 跨1行 1列
[2026-08-21 21:33:22.278] [INFO] [ExcelBatchGenerator.RuleGenerator] 合并区域: 行10 列30 跨1行 1列
[2026-08-21 21:33:22.278] [INFO] [ExcelBatchGenerator.RuleGenerator] 合并区域: 行11 列1 跨1行 1列
[2026-08-21 21:33:22.279] [INFO] [ExcelBatchGenerator.RuleGenerator] 合并区域: 行11 列2 跨1行 1列
[2026-08-21 21:33:22.279] [INFO] [ExcelBatchGenerator.RuleGenerator] 合并区域: 行11 列3 跨1行 1列
[2026-08-21 21:33:22.279] [INFO] [ExcelBatchGenerator.RuleGenerator] 合并区域: 行11 列4 跨1行 1列
[2026-08-21 21:33:22.279] [INFO] [ExcelBatchGenerator.RuleGenerator] 合并区域: 行11 列5 跨1行 1列
[2026-08-21 21:33:22.279] [INFO] [ExcelBatchGenerator.RuleGenerator] 合并区域: 行11 列6 跨1行 1列
[2026-08-21 21:33:22.279] [INFO] [ExcelBatchGenerator.RuleGenerator] 合并区域: 行11 列7 跨1行 1列
[2026-08-21 21:33:22.279] [INFO] [ExcelBatchGenerator.RuleGenerator] 合并区域: 行11 列8 跨1行 1列
[2026-08-21 21:33:22.279] [INFO] [ExcelBatchGenerator.RuleGenerator] 合并区域: 行11 列9 跨1行 1列
[2026-08-21 21:33:22.280] [INFO] [ExcelBatchGenerator.RuleGenerator] 合并区域: 行11 列10 跨1行 1列
[2026-08-21 21:33:22.280] [INFO] [ExcelBatchGenerator.RuleGenerator] 合并区域: 行11 列11 跨1行 1列
[2026-08-21 21:33:22.280] [INFO] [ExcelBatchGenerator.RuleGenerator] 合并区域: 行11 列12 跨1行 1列
[2026-08-21 21:33:22.280] [INFO] [ExcelBatchGenerator.RuleGenerator] 合并区域: 行11 列13 跨1行 1列
[2026-08-21 21:33:22.280] [INFO] [ExcelBatchGenerator.RuleGenerator] 合并区域: 行11 列14 跨1行 4列
[2026-08-21 21:33:22.280] [INFO] [ExcelBatchGenerator.RuleGenerator] 合并区域: 行11 列18 跨1行 1列
[2026-08-21 21:33:22.280] [INFO] [ExcelBatchGenerator.RuleGenerator] 合并区域: 行11 列19 跨1行 1列
[2026-08-21 21:33:22.280] [INFO] [ExcelBatchGenerator.RuleGenerator] 合并区域: 行11 列20 跨1行 1列
[2026-08-21 21:33:22.280] [INFO] [ExcelBatchGenerator.RuleGenerator] 合并区域: 行11 列21 跨1行 1列
[2026-08-21 21:33:22.280] [INFO] [ExcelBatchGenerator.RuleGenerator] 合并区域: 行11 列22 跨1行 1列
[2026-08-21 21:33:22.280] [INFO] [ExcelBatchGenerator.RuleGenerator] 合并区域: 行11 列23 跨1行 1列
[2026-08-21 21:33:22.280] [INFO] [ExcelBatchGenerator.RuleGenerator] 合并区域: 行11 列24 跨1行 1列
[2026-08-21 21:33:22.281] [INFO] [ExcelBatchGenerator.RuleGenerator] 合并区域: 行11 列25 跨1行 1列
[2026-08-21 21:33:22.281] [INFO] [ExcelBatchGenerator.RuleGenerator] 合并区域: 行11 列26 跨1行 1列
[2026-08-21 21:33:22.281] [INFO] [ExcelBatchGenerator.RuleGenerator] 合并区域: 行11 列27 跨1行 1列
[2026-08-21 21:33:22.281] [INFO] [ExcelBatchGenerator.RuleGenerator] 合并区域: 行11 列28 跨1行 1列
[2026-08-21 21:33:22.281] [INFO] [ExcelBatchGenerator.RuleGenerator] 合并区域: 行11 列29 跨1行 1列
[2026-08-21 21:33:22.281] [INFO] [ExcelBatchGenerator.RuleGenerator] 合并区域: 行11 列30 跨1行 1列
[2026-08-21 21:33:22.281] [INFO] [ExcelBatchGenerator.RuleGenerator] 合并区域: 行12 列1 跨1行 1列
[2026-08-21 21:33:22.281] [INFO] [ExcelBatchGenerator.RuleGenerator] 合并区域: 行12 列2 跨1行 1列
[2026-08-21 21:33:22.281] [INFO] [ExcelBatchGenerator.RuleGenerator] 合并区域: 行12 列3 跨1行 1列
[2026-08-21 21:33:22.281] [INFO] [ExcelBatchGenerator.RuleGenerator] 合并区域: 行12 列4 跨1行 1列
[2026-08-21 21:33:22.281] [INFO] [ExcelBatchGenerator.RuleGenerator] 合并区域: 行12 列5 跨1行 1列
[2026-08-21 21:33:22.281] [INFO] [ExcelBatchGenerator.RuleGenerator] 合并区域: 行12 列6 跨1行 1列
[2026-08-21 21:33:22.281] [INFO] [ExcelBatchGenerator.RuleGenerator] 合并区域: 行12 列7 跨1行 1列
[2026-08-21 21:33:22.281] [INFO] [ExcelBatchGenerator.RuleGenerator] 合并区域: 行12 列8 跨1行 1列
[2026-08-21 21:33:22.281] [INFO] [ExcelBatchGenerator.RuleGenerator] 合并区域: 行12 列9 跨1行 1列
[2026-08-21 21:33:22.281] [INFO] [ExcelBatchGenerator.RuleGenerator] 合并区域: 行12 列10 跨1行 1列
[2026-08-21 21:33:22.281] [INFO] [ExcelBatchGenerator.RuleGenerator] 合并区域: 行12 列11 跨1行 1列
[2026-08-21 21:33:22.281] [INFO] [ExcelBatchGenerator.RuleGenerator] 合并区域: 行12 列12 跨1行 1列
[2026-08-21 21:33:22.281] [INFO] [ExcelBatchGenerator.RuleGenerator] 合并区域: 行12 列13 跨1行 1列
[2026-08-21 21:33:22.281] [INFO] [ExcelBatchGenerator.RuleGenerator] 合并区域: 行12 列14 跨1行 4列
[2026-08-21 21:33:22.282] [INFO] [ExcelBatchGenerator.RuleGenerator] 合并区域: 行12 列18 跨1行 1列
[2026-08-21 21:33:22.282] [INFO] [ExcelBatchGenerator.RuleGenerator] 合并区域: 行12 列19 跨1行 1列
[2026-08-21 21:33:22.282] [INFO] [ExcelBatchGenerator.RuleGenerator] 合并区域: 行12 列20 跨1行 1列
[2026-08-21 21:33:22.282] [INFO] [ExcelBatchGenerator.RuleGenerator] 合并区域: 行12 列21 跨1行 1列
[2026-08-21 21:33:22.282] [INFO] [ExcelBatchGenerator.RuleGenerator] 合并区域: 行12 列22 跨1行 1列
[2026-08-21 21:33:22.282] [INFO] [ExcelBatchGenerator.RuleGenerator] 合并区域: 行12 列23 跨1行 1列
[2026-08-21 21:33:22.282] [INFO] [ExcelBatchGenerator.RuleGenerator] 合并区域: 行12 列24 跨1行 1列
[2026-08-21 21:33:22.282] [INFO] [ExcelBatchGenerator.RuleGenerator] 合并区域: 行12 列25 跨1行 1列
[2026-08-21 21:33:22.282] [INFO] [ExcelBatchGenerator.RuleGenerator] 合并区域: 行12 列26 跨1行 1列
[2026-08-21 21:33:22.282] [INFO] [ExcelBatchGenerator.RuleGenerator] 合并区域: 行12 列27 跨1行 1列
[2026-08-21 21:33:22.282] [INFO] [ExcelBatchGenerator.RuleGenerator] 合并区域: 行12 列28 跨1行 1列
[2026-08-21 21:33:22.282] [INFO] [ExcelBatchGenerator.RuleGenerator] 合并区域: 行12 列29 跨1行 1列
[2026-08-21 21:33:22.282] [INFO] [ExcelBatchGenerator.RuleGenerator] 合并区域: 行12 列30 跨1行 1列
[2026-08-21 21:33:22.282] [INFO] [ExcelBatchGenerator.RuleGenerator] 合并区域: 行13 列1 跨1行 1列
[2026-08-21 21:33:22.282] [INFO] [ExcelBatchGenerator.RuleGenerator] 合并区域: 行13 列2 跨1行 1列
[2026-08-21 21:33:22.282] [INFO] [ExcelBatchGenerator.RuleGenerator] 合并区域: 行13 列3 跨1行 1列
[2026-08-21 21:33:22.282] [INFO] [ExcelBatchGenerator.RuleGenerator] 合并区域: 行13 列4 跨1行 1列
[2026-08-21 21:33:22.282] [INFO] [ExcelBatchGenerator.RuleGenerator] 合并区域: 行13 列5 跨1行 1列
[2026-08-21 21:33:22.282] [INFO] [ExcelBatchGenerator.RuleGenerator] 合并区域: 行13 列6 跨1行 1列
[2026-08-21 21:33:22.283] [INFO] [ExcelBatchGenerator.RuleGenerator] 合并区域: 行13 列7 跨1行 1列
[2026-08-21 21:33:22.283] [INFO] [ExcelBatchGenerator.RuleGenerator] 合并区域: 行13 列8 跨1行 1列
[2026-08-21 21:33:22.283] [INFO] [ExcelBatchGenerator.RuleGenerator] 合并区域: 行13 列9 跨1行 1列
[2026-08-21 21:33:22.283] [INFO] [ExcelBatchGenerator.RuleGenerator] 合并区域: 行13 列10 跨1行 1列
[2026-08-21 21:33:22.283] [INFO] [ExcelBatchGenerator.RuleGenerator] 合并区域: 行13 列11 跨1行 1列
[2026-08-21 21:33:22.283] [INFO] [ExcelBatchGenerator.RuleGenerator] 合并区域: 行13 列12 跨1行 1列
[2026-08-21 21:33:22.283] [INFO] [ExcelBatchGenerator.RuleGenerator] 合并区域: 行13 列13 跨1行 1列
[2026-08-21 21:33:22.283] [INFO] [ExcelBatchGenerator.RuleGenerator] 合并区域: 行13 列14 跨1行 4列
[2026-08-21 21:33:22.283] [INFO] [ExcelBatchGenerator.RuleGenerator] 合并区域: 行13 列18 跨1行 1列
[2026-08-21 21:33:22.283] [INFO] [ExcelBatchGenerator.RuleGenerator] 合并区域: 行13 列19 跨1行 1列
[2026-08-21 21:33:22.283] [INFO] [ExcelBatchGenerator.RuleGenerator] 合并区域: 行13 列20 跨1行 1列
[2026-08-21 21:33:22.283] [INFO] [ExcelBatchGenerator.RuleGenerator] 合并区域: 行13 列21 跨1行 1列
[2026-08-21 21:33:22.283] [INFO] [ExcelBatchGenerator.RuleGenerator] 合并区域: 行13 列22 跨1行 1列
[2026-08-21 21:33:22.283] [INFO] [ExcelBatchGenerator.RuleGenerator] 合并区域: 行13 列23 跨1行 1列
[2026-08-21 21:33:22.283] [INFO] [ExcelBatchGenerator.RuleGenerator] 合并区域: 行13 列24 跨1行 1列
[2026-08-21 21:33:22.283] [INFO] [ExcelBatchGenerator.RuleGenerator] 合并区域: 行13 列25 跨1行 1列
[2026-08-21 21:33:22.283] [INFO] [ExcelBatchGenerator.RuleGenerator] 合并区域: 行13 列26 跨1行 1列
[2026-08-21 21:33:22.283] [INFO] [ExcelBatchGenerator.RuleGenerator] 合并区域: 行13 列27 跨1行 1列
[2026-08-21 21:33:22.284] [INFO] [ExcelBatchGenerator.RuleGenerator] 合并区域: 行13 列28 跨1行 1列
[2026-08-21 21:33:22.284] [INFO] [ExcelBatchGenerator.RuleGenerator] 合并区域: 行13 列29 跨1行 1列
[2026-08-21 21:33:22.284] [INFO] [ExcelBatchGenerator.RuleGenerator] 合并区域: 行13 列30 跨1行 1列
[2026-08-21 21:33:22.284] [INFO] [ExcelBatchGenerator.RuleGenerator] 合并区域: 行14 列1 跨1行 1列
[2026-08-21 21:33:22.284] [INFO] [ExcelBatchGenerator.RuleGenerator] 合并区域: 行14 列2 跨1行 1列
[2026-08-21 21:33:22.284] [INFO] [ExcelBatchGenerator.RuleGenerator] 合并区域: 行14 列3 跨1行 1列
[2026-08-21 21:33:22.284] [INFO] [ExcelBatchGenerator.RuleGenerator] 合并区域: 行14 列4 跨1行 1列
[2026-08-21 21:33:22.284] [INFO] [ExcelBatchGenerator.RuleGenerator] 合并区域: 行14 列5 跨1行 1列
[2026-08-21 21:33:22.284] [INFO] [ExcelBatchGenerator.RuleGenerator] 合并区域: 行14 列6 跨1行 1列
[2026-08-21 21:33:22.284] [INFO] [ExcelBatchGenerator.RuleGenerator] 合并区域: 行14 列7 跨1行 1列
[2026-08-21 21:33:22.284] [INFO] [ExcelBatchGenerator.RuleGenerator] 合并区域: 行14 列8 跨1行 1列
[2026-08-21 21:33:22.284] [INFO] [ExcelBatchGenerator.RuleGenerator] 合并区域: 行14 列9 跨1行 1列
[2026-08-21 21:33:22.284] [INFO] [ExcelBatchGenerator.RuleGenerator] 合并区域: 行14 列10 跨1行 1列
[2026-08-21 21:33:22.284] [INFO] [ExcelBatchGenerator.RuleGenerator] 合并区域: 行14 列11 跨1行 1列
[2026-08-21 21:33:22.285] [INFO] [ExcelBatchGenerator.RuleGenerator] 合并区域: 行14 列12 跨1行 1列
[2026-08-21 21:33:22.285] [INFO] [ExcelBatchGenerator.RuleGenerator] 合并区域: 行14 列13 跨1行 1列
[2026-08-21 21:33:22.285] [INFO] [ExcelBatchGenerator.RuleGenerator] 合并区域: 行14 列14 跨1行 4列
[2026-08-21 21:33:22.285] [INFO] [ExcelBatchGenerator.RuleGenerator] 合并区域: 行14 列18 跨1行 1列
[2026-08-21 21:33:22.285] [INFO] [ExcelBatchGenerator.RuleGenerator] 合并区域: 行14 列19 跨1行 1列
[2026-08-21 21:33:22.285] [INFO] [ExcelBatchGenerator.RuleGenerator] 合并区域: 行14 列20 跨1行 1列
[2026-08-21 21:33:22.285] [INFO] [ExcelBatchGenerator.RuleGenerator] 合并区域: 行14 列21 跨1行 1列
[2026-08-21 21:33:22.285] [INFO] [ExcelBatchGenerator.RuleGenerator] 合并区域: 行14 列22 跨1行 1列
[2026-08-21 21:33:22.285] [INFO] [ExcelBatchGenerator.RuleGenerator] 合并区域: 行14 列23 跨1行 1列
[2026-08-21 21:33:22.285] [INFO] [ExcelBatchGenerator.RuleGenerator] 合并区域: 行14 列24 跨1行 1列
[2026-08-21 21:33:22.285] [INFO] [ExcelBatchGenerator.RuleGenerator] 合并区域: 行14 列25 跨1行 1列
[2026-08-21 21:33:22.285] [INFO] [ExcelBatchGenerator.RuleGenerator] 合并区域: 行14 列26 跨1行 1列
[2026-08-21 21:33:22.285] [INFO] [ExcelBatchGenerator.RuleGenerator] 合并区域: 行14 列27 跨1行 1列
[2026-08-21 21:33:22.285] [INFO] [ExcelBatchGenerator.RuleGenerator] 合并区域: 行14 列28 跨1行 1列
[2026-08-21 21:33:22.285] [INFO] [ExcelBatchGenerator.RuleGenerator] 合并区域: 行14 列29 跨1行 1列
[2026-08-21 21:33:22.285] [INFO] [ExcelBatchGenerator.RuleGenerator] 合并区域: 行14 列30 跨1行 1列
[2026-08-21 21:33:22.285] [INFO] [ExcelBatchGenerator.RuleGenerator] 合并区域: 行15 列1 跨1行 1列
[2026-08-21 21:33:22.285] [INFO] [ExcelBatchGenerator.RuleGenerator] 合并区域: 行15 列2 跨1行 1列
[2026-08-21 21:33:22.285] [INFO] [ExcelBatchGenerator.RuleGenerator] 合并区域: 行15 列3 跨1行 1列
[2026-08-21 21:33:22.285] [INFO] [ExcelBatchGenerator.RuleGenerator] 合并区域: 行15 列4 跨1行 1列
[2026-08-21 21:33:22.285] [INFO] [ExcelBatchGenerator.RuleGenerator] 合并区域: 行15 列5 跨1行 1列
[2026-08-21 21:33:22.286] [INFO] [ExcelBatchGenerator.RuleGenerator] 合并区域: 行15 列6 跨1行 1列
[2026-08-21 21:33:22.286] [INFO] [ExcelBatchGenerator.RuleGenerator] 合并区域: 行15 列7 跨1行 1列
[2026-08-21 21:33:22.286] [INFO] [ExcelBatchGenerator.RuleGenerator] 合并区域: 行15 列8 跨1行 1列
[2026-08-21 21:33:22.286] [INFO] [ExcelBatchGenerator.RuleGenerator] 合并区域: 行15 列9 跨1行 1列
[2026-08-21 21:33:22.286] [INFO] [ExcelBatchGenerator.RuleGenerator] 合并区域: 行15 列10 跨1行 1列
[2026-08-21 21:33:22.286] [INFO] [ExcelBatchGenerator.RuleGenerator] 合并区域: 行15 列11 跨1行 1列
[2026-08-21 21:33:22.286] [INFO] [ExcelBatchGenerator.RuleGenerator] 合并区域: 行15 列12 跨1行 1列
[2026-08-21 21:33:22.286] [INFO] [ExcelBatchGenerator.RuleGenerator] 合并区域: 行15 列13 跨1行 1列
[2026-08-21 21:33:22.286] [INFO] [ExcelBatchGenerator.RuleGenerator] 合并区域: 行15 列14 跨1行 4列
[2026-08-21 21:33:22.286] [INFO] [ExcelBatchGenerator.RuleGenerator] 合并区域: 行15 列18 跨1行 1列
[2026-08-21 21:33:22.286] [INFO] [ExcelBatchGenerator.RuleGenerator] 合并区域: 行15 列19 跨1行 1列
[2026-08-21 21:33:22.286] [INFO] [ExcelBatchGenerator.RuleGenerator] 合并区域: 行15 列20 跨1行 1列
[2026-08-21 21:33:22.286] [INFO] [ExcelBatchGenerator.RuleGenerator] 合并区域: 行15 列21 跨1行 1列
[2026-08-21 21:33:22.286] [INFO] [ExcelBatchGenerator.RuleGenerator] 合并区域: 行15 列22 跨1行 1列
[2026-08-21 21:33:22.286] [INFO] [ExcelBatchGenerator.RuleGenerator] 合并区域: 行15 列23 跨1行 1列
[2026-08-21 21:33:22.286] [INFO] [ExcelBatchGenerator.RuleGenerator] 合并区域: 行15 列24 跨1行 1列
[2026-08-21 21:33:22.286] [INFO] [ExcelBatchGenerator.RuleGenerator] 合并区域: 行15 列25 跨1行 1列
[2026-08-21 21:33:22.286] [INFO] [ExcelBatchGenerator.RuleGenerator] 合并区域: 行15 列26 跨1行 1列
[2026-08-21 21:33:22.286] [INFO] [ExcelBatchGenerator.RuleGenerator] 合并区域: 行15 列27 跨1行 1列
[2026-08-21 21:33:22.286] [INFO] [ExcelBatchGenerator.RuleGenerator] 合并区域: 行15 列28 跨1行 1列
[2026-08-21 21:33:22.287] [INFO] [ExcelBatchGenerator.RuleGenerator] 合并区域: 行15 列29 跨1行 1列
[2026-08-21 21:33:22.287] [INFO] [ExcelBatchGenerator.RuleGenerator] 合并区域: 行15 列30 跨1行 1列
[2026-08-21 21:33:22.287] [INFO] [ExcelBatchGenerator.RuleGenerator] 合并区域: 行16 列1 跨1行 1列
[2026-08-21 21:33:22.287] [INFO] [ExcelBatchGenerator.RuleGenerator] 合并区域: 行16 列2 跨1行 1列
[2026-08-21 21:33:22.287] [INFO] [ExcelBatchGenerator.RuleGenerator] 合并区域: 行16 列3 跨1行 1列
[2026-08-21 21:33:22.287] [INFO] [ExcelBatchGenerator.RuleGenerator] 合并区域: 行16 列4 跨1行 1列
[2026-08-21 21:33:22.287] [INFO] [ExcelBatchGenerator.RuleGenerator] 合并区域: 行16 列5 跨1行 1列
[2026-08-21 21:33:22.287] [INFO] [ExcelBatchGenerator.RuleGenerator] 合并区域: 行16 列6 跨1行 1列
[2026-08-21 21:33:22.287] [INFO] [ExcelBatchGenerator.RuleGenerator] 合并区域: 行16 列7 跨1行 1列
[2026-08-21 21:33:22.287] [INFO] [ExcelBatchGenerator.RuleGenerator] 合并区域: 行16 列8 跨1行 1列
[2026-08-21 21:33:22.287] [INFO] [ExcelBatchGenerator.RuleGenerator] 合并区域: 行16 列9 跨1行 1列
[2026-08-21 21:33:22.287] [INFO] [ExcelBatchGenerator.RuleGenerator] 合并区域: 行16 列10 跨1行 1列
[2026-08-21 21:33:22.287] [INFO] [ExcelBatchGenerator.RuleGenerator] 合并区域: 行16 列11 跨1行 1列
[2026-08-21 21:33:22.287] [INFO] [ExcelBatchGenerator.RuleGenerator] 合并区域: 行16 列12 跨1行 1列
[2026-08-21 21:33:22.287] [INFO] [ExcelBatchGenerator.RuleGenerator] 合并区域: 行16 列13 跨1行 1列
[2026-08-21 21:33:22.287] [INFO] [ExcelBatchGenerator.RuleGenerator] 合并区域: 行16 列14 跨1行 1列
[2026-08-21 21:33:22.287] [INFO] [ExcelBatchGenerator.RuleGenerator] 合并区域: 行16 列15 跨1行 1列
[2026-08-21 21:33:22.287] [INFO] [ExcelBatchGenerator.RuleGenerator] 合并区域: 行16 列16 跨1行 1列
[2026-08-21 21:33:22.287] [INFO] [ExcelBatchGenerator.RuleGenerator] 合并区域: 行16 列17 跨1行 1列
[2026-08-21 21:33:22.287] [INFO] [ExcelBatchGenerator.RuleGenerator] 合并区域: 行16 列18 跨1行 1列
[2026-08-21 21:33:22.287] [INFO] [ExcelBatchGenerator.RuleGenerator] 合并区域: 行16 列19 跨1行 1列
[2026-08-21 21:33:22.288] [INFO] [ExcelBatchGenerator.RuleGenerator] 合并区域: 行16 列20 跨1行 1列
[2026-08-21 21:33:22.288] [INFO] [ExcelBatchGenerator.RuleGenerator] 合并区域: 行16 列21 跨1行 1列
[2026-08-21 21:33:22.288] [INFO] [ExcelBatchGenerator.RuleGenerator] 合并区域: 行16 列22 跨1行 1列
[2026-08-21 21:33:22.288] [INFO] [ExcelBatchGenerator.RuleGenerator] 合并区域: 行16 列23 跨1行 1列
[2026-08-21 21:33:22.288] [INFO] [ExcelBatchGenerator.RuleGenerator] 合并区域: 行16 列24 跨1行 1列
[2026-08-21 21:33:22.288] [INFO] [ExcelBatchGenerator.RuleGenerator] 合并区域: 行16 列25 跨1行 1列
[2026-08-21 21:33:22.288] [INFO] [ExcelBatchGenerator.RuleGenerator] 合并区域: 行16 列26 跨1行 1列
[2026-08-21 21:33:22.288] [INFO] [ExcelBatchGenerator.RuleGenerator] 合并区域: 行16 列27 跨1行 1列
[2026-08-21 21:33:22.288] [INFO] [ExcelBatchGenerator.RuleGenerator] 合并区域: 行16 列28 跨1行 1列
[2026-08-21 21:33:22.288] [INFO] [ExcelBatchGenerator.RuleGenerator] 合并区域: 行16 列29 跨1行 1列
[2026-08-21 21:33:22.288] [INFO] [ExcelBatchGenerator.RuleGenerator] 合并区域: 行16 列30 跨1行 1列
[2026-08-21 21:33:22.288] [INFO] [ExcelBatchGenerator.RuleGenerator] 合并区域: 行17 列1 跨1行 17列
[2026-08-21 21:33:22.288] [INFO] [ExcelBatchGenerator.RuleGenerator] 合并区域: 行17 列18 跨1行 1列
[2026-08-21 21:33:22.288] [INFO] [ExcelBatchGenerator.RuleGenerator] 合并区域: 行17 列19 跨1行 1列
[2026-08-21 21:33:22.288] [INFO] [ExcelBatchGenerator.RuleGenerator] 合并区域: 行17 列20 跨1行 1列
[2026-08-21 21:33:22.288] [INFO] [ExcelBatchGenerator.RuleGenerator] 合并区域: 行17 列21 跨1行 1列
[2026-08-21 21:33:22.288] [INFO] [ExcelBatchGenerator.RuleGenerator] 合并区域: 行17 列22 跨1行 1列
[2026-08-21 21:33:22.288] [INFO] [ExcelBatchGenerator.RuleGenerator] 合并区域: 行17 列23 跨1行 1列
[2026-08-21 21:33:22.288] [INFO] [ExcelBatchGenerator.RuleGenerator] 合并区域: 行17 列24 跨1行 1列
[2026-08-21 21:33:22.289] [INFO] [ExcelBatchGenerator.RuleGenerator] 合并区域: 行17 列25 跨1行 1列
[2026-08-21 21:33:22.289] [INFO] [ExcelBatchGenerator.RuleGenerator] 合并区域: 行17 列26 跨1行 1列
[2026-08-21 21:33:22.289] [INFO] [ExcelBatchGenerator.RuleGenerator] 合并区域: 行17 列27 跨1行 1列
[2026-08-21 21:33:22.289] [INFO] [ExcelBatchGenerator.RuleGenerator] 合并区域: 行17 列28 跨1行 1列
[2026-08-21 21:33:22.289] [INFO] [ExcelBatchGenerator.RuleGenerator] 合并区域: 行17 列29 跨1行 1列
[2026-08-21 21:33:22.289] [INFO] [ExcelBatchGenerator.RuleGenerator] 合并区域: 行17 列30 跨1行 1列
[2026-08-21 21:33:22.289] [INFO] [ExcelBatchGenerator.RuleGenerator] 合并区域: 行18 列1 跨1行 1列
[2026-08-21 21:33:22.289] [INFO] [ExcelBatchGenerator.RuleGenerator] 合并区域: 行18 列2 跨1行 1列
[2026-08-21 21:33:22.289] [INFO] [ExcelBatchGenerator.RuleGenerator] 合并区域: 行18 列3 跨1行 1列
[2026-08-21 21:33:22.289] [INFO] [ExcelBatchGenerator.RuleGenerator] 合并区域: 行18 列4 跨1行 1列
[2026-08-21 21:33:22.289] [INFO] [ExcelBatchGenerator.RuleGenerator] 合并区域: 行18 列5 跨1行 1列
[2026-08-21 21:33:22.289] [INFO] [ExcelBatchGenerator.RuleGenerator] 合并区域: 行18 列6 跨1行 1列
[2026-08-21 21:33:22.289] [INFO] [ExcelBatchGenerator.RuleGenerator] 合并区域: 行18 列7 跨1行 1列
[2026-08-21 21:33:22.289] [INFO] [ExcelBatchGenerator.RuleGenerator] 合并区域: 行18 列8 跨1行 1列
[2026-08-21 21:33:22.289] [INFO] [ExcelBatchGenerator.RuleGenerator] 合并区域: 行18 列9 跨1行 1列
[2026-08-21 21:33:22.290] [INFO] [ExcelBatchGenerator.RuleGenerator] 合并区域: 行18 列10 跨1行 1列
[2026-08-21 21:33:22.290] [INFO] [ExcelBatchGenerator.RuleGenerator] 合并区域: 行18 列11 跨1行 1列
[2026-08-21 21:33:22.290] [INFO] [ExcelBatchGenerator.RuleGenerator] 合并区域: 行18 列12 跨1行 1列
[2026-08-21 21:33:22.290] [INFO] [ExcelBatchGenerator.RuleGenerator] 合并区域: 行18 列13 跨1行 1列
[2026-08-21 21:33:22.290] [INFO] [ExcelBatchGenerator.RuleGenerator] 合并区域: 行18 列14 跨1行 1列
[2026-08-21 21:33:22.290] [INFO] [ExcelBatchGenerator.RuleGenerator] 合并区域: 行18 列15 跨1行 1列
[2026-08-21 21:33:22.290] [INFO] [ExcelBatchGenerator.RuleGenerator] 合并区域: 行18 列16 跨1行 1列
[2026-08-21 21:33:22.290] [INFO] [ExcelBatchGenerator.RuleGenerator] 合并区域: 行18 列17 跨1行 1列
[2026-08-21 21:33:22.290] [INFO] [ExcelBatchGenerator.RuleGenerator] 合并区域: 行18 列18 跨1行 1列
[2026-08-21 21:33:22.290] [INFO] [ExcelBatchGenerator.RuleGenerator] 合并区域: 行18 列19 跨1行 1列
[2026-08-21 21:33:22.290] [INFO] [ExcelBatchGenerator.RuleGenerator] 合并区域: 行18 列20 跨1行 1列
[2026-08-21 21:33:22.290] [INFO] [ExcelBatchGenerator.RuleGenerator] 合并区域: 行18 列21 跨1行 1列
[2026-08-21 21:33:22.290] [INFO] [ExcelBatchGenerator.RuleGenerator] 合并区域: 行18 列22 跨1行 1列
[2026-08-21 21:33:22.290] [INFO] [ExcelBatchGenerator.RuleGenerator] 合并区域: 行18 列23 跨1行 1列
[2026-08-21 21:33:22.290] [INFO] [ExcelBatchGenerator.RuleGenerator] 合并区域: 行18 列24 跨1行 1列
[2026-08-21 21:33:22.290] [INFO] [ExcelBatchGenerator.RuleGenerator] 合并区域: 行18 列25 跨1行 1列
[2026-08-21 21:33:22.290] [INFO] [ExcelBatchGenerator.RuleGenerator] 合并区域: 行18 列26 跨1行 1列
[2026-08-21 21:33:22.290] [INFO] [ExcelBatchGenerator.RuleGenerator] 合并区域: 行18 列27 跨1行 1列
[2026-08-21 21:33:22.291] [INFO] [ExcelBatchGenerator.RuleGenerator] 合并区域: 行18 列28 跨1行 1列
[2026-08-21 21:33:22.291] [INFO] [ExcelBatchGenerator.RuleGenerator] 合并区域: 行18 列29 跨1行 1列
[2026-08-21 21:33:22.291] [INFO] [ExcelBatchGenerator.RuleGenerator] 合并区域: 行18 列30 跨1行 1列
[2026-08-21 21:33:22.293] [INFO] [ExcelBatchGenerator.RuleGenerator] load_excel: 完成
[2026-08-21 21:33:25.856] [INFO] [ExcelBatchGenerator.RuleGenerator] _load_sheet_data: 加载工作表 过程尺寸检验记录
[2026-08-21 21:33:26.880] [INFO] [ExcelBatchGenerator.RuleGenerator] 通过遍历方式获取到 312 个合并区域
[2026-08-21 21:33:26.881] [INFO] [ExcelBatchGenerator.RuleGenerator] 检测到 312 个合并区域
[2026-08-21 21:33:27.944] [INFO] [ExcelBatchGenerator.RuleGenerator] 实际数据范围: 20 行, 20 列
[2026-08-21 21:33:27.944] [INFO] [ExcelBatchGenerator.RuleGenerator] max_row=20, max_col=20
[2026-08-21 21:33:27.945] [INFO] [ExcelBatchGenerator.RuleGenerator] _populate_table_from_win32: 开始填充 20x20
[2026-08-21 21:33:27.945] [INFO] [ExcelBatchGenerator.RuleGenerator] 读取单元格数据...
[2026-08-21 21:33:29.079] [INFO] [ExcelBatchGenerator.RuleGenerator] 单元格数据读取完成
[2026-08-21 21:33:29.079] [INFO] [ExcelBatchGenerator.RuleGenerator] L5 item 存在，文本: '长柱扣高度5.15±0.05mm'
[2026-08-21 21:33:29.079] [INFO] [ExcelBatchGenerator.RuleGenerator] _populate_table_from_win32: 完成
[2026-08-21 21:33:29.081] [INFO] [ExcelBatchGenerator.RuleGenerator] 合并区域: 行1 列1 跨1行 19列
[2026-08-21 21:33:29.082] [INFO] [ExcelBatchGenerator.RuleGenerator] 合并区域: 行1 列20 跨1行 1列
[2026-08-21 21:33:29.082] [INFO] [ExcelBatchGenerator.RuleGenerator] 合并区域: 行2 列1 跨1行 19列
[2026-08-21 21:33:29.082] [INFO] [ExcelBatchGenerator.RuleGenerator] 合并区域: 行2 列20 跨1行 1列
[2026-08-21 21:33:29.082] [INFO] [ExcelBatchGenerator.RuleGenerator] 合并区域: 行3 列1 跨1行 1列
[2026-08-21 21:33:29.082] [INFO] [ExcelBatchGenerator.RuleGenerator] 合并区域: 行3 列2 跨1行 1列
[2026-08-21 21:33:29.082] [INFO] [ExcelBatchGenerator.RuleGenerator] 合并区域: 行3 列3 跨1行 1列
[2026-08-21 21:33:29.082] [INFO] [ExcelBatchGenerator.RuleGenerator] 合并区域: 行3 列4 跨1行 1列
[2026-08-21 21:33:29.082] [INFO] [ExcelBatchGenerator.RuleGenerator] 合并区域: 行3 列5 跨1行 1列
[2026-08-21 21:33:29.082] [INFO] [ExcelBatchGenerator.RuleGenerator] 合并区域: 行3 列6 跨1行 1列
[2026-08-21 21:33:29.082] [INFO] [ExcelBatchGenerator.RuleGenerator] 合并区域: 行3 列7 跨1行 1列
[2026-08-21 21:33:29.082] [INFO] [ExcelBatchGenerator.RuleGenerator] 合并区域: 行3 列8 跨1行 1列
[2026-08-21 21:33:29.082] [INFO] [ExcelBatchGenerator.RuleGenerator] 合并区域: 行3 列9 跨1行 1列
[2026-08-21 21:33:29.082] [INFO] [ExcelBatchGenerator.RuleGenerator] 合并区域: 行3 列10 跨1行 1列
[2026-08-21 21:33:29.082] [INFO] [ExcelBatchGenerator.RuleGenerator] 合并区域: 行3 列11 跨1行 1列
[2026-08-21 21:33:29.082] [INFO] [ExcelBatchGenerator.RuleGenerator] 合并区域: 行3 列12 跨1行 1列
[2026-08-21 21:33:29.082] [INFO] [ExcelBatchGenerator.RuleGenerator] 合并区域: 行3 列13 跨1行 1列
[2026-08-21 21:33:29.083] [INFO] [ExcelBatchGenerator.RuleGenerator] 合并区域: 行3 列14 跨1行 1列
[2026-08-21 21:33:29.083] [INFO] [ExcelBatchGenerator.RuleGenerator] 合并区域: 行3 列15 跨1行 1列
[2026-08-21 21:33:29.083] [INFO] [ExcelBatchGenerator.RuleGenerator] 合并区域: 行3 列16 跨1行 1列
[2026-08-21 21:33:29.083] [INFO] [ExcelBatchGenerator.RuleGenerator] 合并区域: 行3 列17 跨1行 1列
[2026-08-21 21:33:29.083] [INFO] [ExcelBatchGenerator.RuleGenerator] 合并区域: 行3 列18 跨1行 1列
[2026-08-21 21:33:29.083] [INFO] [ExcelBatchGenerator.RuleGenerator] 合并区域: 行3 列19 跨1行 1列
[2026-08-21 21:33:29.083] [INFO] [ExcelBatchGenerator.RuleGenerator] 合并区域: 行3 列20 跨1行 1列
[2026-08-21 21:33:29.083] [INFO] [ExcelBatchGenerator.RuleGenerator] 合并区域: 行4 列1 跨2行 1列
[2026-08-21 21:33:29.083] [INFO] [ExcelBatchGenerator.RuleGenerator] 合并区域: 行4 列2 跨2行 1列
[2026-08-21 21:33:29.083] [INFO] [ExcelBatchGenerator.RuleGenerator] 合并区域: 行4 列3 跨2行 1列
[2026-08-21 21:33:29.083] [INFO] [ExcelBatchGenerator.RuleGenerator] 合并区域: 行4 列4 跨1行 15列
[2026-08-21 21:33:29.083] [INFO] [ExcelBatchGenerator.RuleGenerator] 合并区域: 行4 列19 跨2行 1列
[2026-08-21 21:33:29.083] [INFO] [ExcelBatchGenerator.RuleGenerator] 合并区域: 行4 列20 跨1行 1列
[2026-08-21 21:33:29.083] [INFO] [ExcelBatchGenerator.RuleGenerator] 合并区域: 行5 列4 跨1行 1列
[2026-08-21 21:33:29.083] [INFO] [ExcelBatchGenerator.RuleGenerator] 合并区域: 行5 列5 跨1行 1列
[2026-08-21 21:33:29.083] [INFO] [ExcelBatchGenerator.RuleGenerator] 合并区域: 行5 列6 跨1行 1列
[2026-08-21 21:33:29.084] [INFO] [ExcelBatchGenerator.RuleGenerator] 合并区域: 行5 列7 跨1行 1列
[2026-08-21 21:33:29.084] [INFO] [ExcelBatchGenerator.RuleGenerator] 合并区域: 行5 列8 跨1行 1列
[2026-08-21 21:33:29.084] [INFO] [ExcelBatchGenerator.RuleGenerator] 合并区域: 行5 列9 跨1行 1列
[2026-08-21 21:33:29.084] [INFO] [ExcelBatchGenerator.RuleGenerator] 合并区域: 行5 列10 跨1行 1列
[2026-08-21 21:33:29.084] [INFO] [ExcelBatchGenerator.RuleGenerator] 合并区域: 行5 列11 跨1行 1列
[2026-08-21 21:33:29.084] [INFO] [ExcelBatchGenerator.RuleGenerator] 合并区域: 行5 列12 跨1行 1列
[2026-08-21 21:33:29.084] [INFO] [ExcelBatchGenerator.RuleGenerator] 合并区域: 行5 列13 跨1行 1列
[2026-08-21 21:33:29.084] [INFO] [ExcelBatchGenerator.RuleGenerator] 合并区域: 行5 列14 跨1行 1列
[2026-08-21 21:33:29.084] [INFO] [ExcelBatchGenerator.RuleGenerator] 合并区域: 行5 列15 跨1行 1列
[2026-08-21 21:33:29.085] [INFO] [ExcelBatchGenerator.RuleGenerator] 合并区域: 行5 列16 跨1行 1列
[2026-08-21 21:33:29.085] [INFO] [ExcelBatchGenerator.RuleGenerator] 合并区域: 行5 列17 跨1行 1列
[2026-08-21 21:33:29.085] [INFO] [ExcelBatchGenerator.RuleGenerator] 合并区域: 行5 列18 跨1行 1列
[2026-08-21 21:33:29.085] [INFO] [ExcelBatchGenerator.RuleGenerator] 合并区域: 行5 列20 跨1行 1列
[2026-08-21 21:33:29.085] [INFO] [ExcelBatchGenerator.RuleGenerator] 合并区域: 行6 列1 跨10行 1列
[2026-08-21 21:33:29.085] [INFO] [ExcelBatchGenerator.RuleGenerator] 合并区域: 行6 列2 跨1行 1列
[2026-08-21 21:33:29.085] [INFO] [ExcelBatchGenerator.RuleGenerator] 合并区域: 行6 列3 跨1行 1列
[2026-08-21 21:33:29.085] [INFO] [ExcelBatchGenerator.RuleGenerator] 合并区域: 行6 列4 跨1行 1列
[2026-08-21 21:33:29.085] [INFO] [ExcelBatchGenerator.RuleGenerator] 合并区域: 行6 列5 跨1行 1列
[2026-08-21 21:33:29.086] [INFO] [ExcelBatchGenerator.RuleGenerator] 合并区域: 行6 列6 跨1行 1列
[2026-08-21 21:33:29.086] [INFO] [ExcelBatchGenerator.RuleGenerator] 合并区域: 行6 列7 跨1行 1列
[2026-08-21 21:33:29.086] [INFO] [ExcelBatchGenerator.RuleGenerator] 合并区域: 行6 列8 跨1行 1列
[2026-08-21 21:33:29.086] [INFO] [ExcelBatchGenerator.RuleGenerator] 合并区域: 行6 列9 跨1行 1列
[2026-08-21 21:33:29.086] [INFO] [ExcelBatchGenerator.RuleGenerator] 合并区域: 行6 列10 跨1行 1列
[2026-08-21 21:33:29.086] [INFO] [ExcelBatchGenerator.RuleGenerator] 合并区域: 行6 列11 跨1行 1列
[2026-08-21 21:33:29.086] [INFO] [ExcelBatchGenerator.RuleGenerator] 合并区域: 行6 列12 跨1行 1列
[2026-08-21 21:33:29.086] [INFO] [ExcelBatchGenerator.RuleGenerator] 合并区域: 行6 列13 跨1行 1列
[2026-08-21 21:33:29.086] [INFO] [ExcelBatchGenerator.RuleGenerator] 合并区域: 行6 列14 跨1行 1列
[2026-08-21 21:33:29.087] [INFO] [ExcelBatchGenerator.RuleGenerator] 合并区域: 行6 列15 跨1行 1列
[2026-08-21 21:33:29.087] [INFO] [ExcelBatchGenerator.RuleGenerator] 合并区域: 行6 列16 跨1行 1列
[2026-08-21 21:33:29.087] [INFO] [ExcelBatchGenerator.RuleGenerator] 合并区域: 行6 列17 跨1行 1列
[2026-08-21 21:33:29.087] [INFO] [ExcelBatchGenerator.RuleGenerator] 合并区域: 行6 列18 跨1行 1列
[2026-08-21 21:33:29.087] [INFO] [ExcelBatchGenerator.RuleGenerator] 合并区域: 行6 列19 跨1行 1列
[2026-08-21 21:33:29.087] [INFO] [ExcelBatchGenerator.RuleGenerator] 合并区域: 行6 列20 跨1行 1列
[2026-08-21 21:33:29.087] [INFO] [ExcelBatchGenerator.RuleGenerator] 合并区域: 行7 列2 跨1行 1列
[2026-08-21 21:33:29.087] [INFO] [ExcelBatchGenerator.RuleGenerator] 合并区域: 行7 列3 跨1行 1列
[2026-08-21 21:33:29.087] [INFO] [ExcelBatchGenerator.RuleGenerator] 合并区域: 行7 列4 跨1行 1列
[2026-08-21 21:33:29.087] [INFO] [ExcelBatchGenerator.RuleGenerator] 合并区域: 行7 列5 跨1行 1列
[2026-08-21 21:33:29.087] [INFO] [ExcelBatchGenerator.RuleGenerator] 合并区域: 行7 列6 跨1行 1列
[2026-08-21 21:33:29.087] [INFO] [ExcelBatchGenerator.RuleGenerator] 合并区域: 行7 列7 跨1行 1列
[2026-08-21 21:33:29.087] [INFO] [ExcelBatchGenerator.RuleGenerator] 合并区域: 行7 列8 跨1行 1列
[2026-08-21 21:33:29.088] [INFO] [ExcelBatchGenerator.RuleGenerator] 合并区域: 行7 列9 跨1行 1列
[2026-08-21 21:33:29.088] [INFO] [ExcelBatchGenerator.RuleGenerator] 合并区域: 行7 列10 跨1行 1列
[2026-08-21 21:33:29.088] [INFO] [ExcelBatchGenerator.RuleGenerator] 合并区域: 行7 列11 跨1行 1列
[2026-08-21 21:33:29.088] [INFO] [ExcelBatchGenerator.RuleGenerator] 合并区域: 行7 列12 跨1行 1列
[2026-08-21 21:33:29.088] [INFO] [ExcelBatchGenerator.RuleGenerator] 合并区域: 行7 列13 跨1行 1列
[2026-08-21 21:33:29.088] [INFO] [ExcelBatchGenerator.RuleGenerator] 合并区域: 行7 列14 跨1行 1列
[2026-08-21 21:33:29.088] [INFO] [ExcelBatchGenerator.RuleGenerator] 合并区域: 行7 列15 跨1行 1列
[2026-08-21 21:33:29.088] [INFO] [ExcelBatchGenerator.RuleGenerator] 合并区域: 行7 列16 跨1行 1列
[2026-08-21 21:33:29.088] [INFO] [ExcelBatchGenerator.RuleGenerator] 合并区域: 行7 列17 跨1行 1列
[2026-08-21 21:33:29.088] [INFO] [ExcelBatchGenerator.RuleGenerator] 合并区域: 行7 列18 跨1行 1列
[2026-08-21 21:33:29.088] [INFO] [ExcelBatchGenerator.RuleGenerator] 合并区域: 行7 列19 跨1行 1列
[2026-08-21 21:33:29.088] [INFO] [ExcelBatchGenerator.RuleGenerator] 合并区域: 行7 列20 跨1行 1列
[2026-08-21 21:33:29.088] [INFO] [ExcelBatchGenerator.RuleGenerator] 合并区域: 行8 列2 跨1行 1列
[2026-08-21 21:33:29.088] [INFO] [ExcelBatchGenerator.RuleGenerator] 合并区域: 行8 列3 跨1行 1列
[2026-08-21 21:33:29.088] [INFO] [ExcelBatchGenerator.RuleGenerator] 合并区域: 行8 列4 跨1行 1列
[2026-08-21 21:33:29.088] [INFO] [ExcelBatchGenerator.RuleGenerator] 合并区域: 行8 列5 跨1行 1列
[2026-08-21 21:33:29.089] [INFO] [ExcelBatchGenerator.RuleGenerator] 合并区域: 行8 列6 跨1行 1列
[2026-08-21 21:33:29.089] [INFO] [ExcelBatchGenerator.RuleGenerator] 合并区域: 行8 列7 跨1行 1列
[2026-08-21 21:33:29.089] [INFO] [ExcelBatchGenerator.RuleGenerator] 合并区域: 行8 列8 跨1行 1列
[2026-08-21 21:33:29.089] [INFO] [ExcelBatchGenerator.RuleGenerator] 合并区域: 行8 列9 跨1行 1列
[2026-08-21 21:33:29.089] [INFO] [ExcelBatchGenerator.RuleGenerator] 合并区域: 行8 列10 跨1行 1列
[2026-08-21 21:33:29.089] [INFO] [ExcelBatchGenerator.RuleGenerator] 合并区域: 行8 列11 跨1行 1列
[2026-08-21 21:33:29.089] [INFO] [ExcelBatchGenerator.RuleGenerator] 合并区域: 行8 列12 跨1行 1列
[2026-08-21 21:33:29.089] [INFO] [ExcelBatchGenerator.RuleGenerator] 合并区域: 行8 列13 跨1行 1列
[2026-08-21 21:33:29.089] [INFO] [ExcelBatchGenerator.RuleGenerator] 合并区域: 行8 列14 跨1行 1列
[2026-08-21 21:33:29.089] [INFO] [ExcelBatchGenerator.RuleGenerator] 合并区域: 行8 列15 跨1行 1列
[2026-08-21 21:33:29.089] [INFO] [ExcelBatchGenerator.RuleGenerator] 合并区域: 行8 列16 跨1行 1列
[2026-08-21 21:33:29.089] [INFO] [ExcelBatchGenerator.RuleGenerator] 合并区域: 行8 列17 跨1行 1列
[2026-08-21 21:33:29.090] [INFO] [ExcelBatchGenerator.RuleGenerator] 合并区域: 行8 列18 跨1行 1列
[2026-08-21 21:33:29.090] [INFO] [ExcelBatchGenerator.RuleGenerator] 合并区域: 行8 列19 跨1行 1列
[2026-08-21 21:33:29.090] [INFO] [ExcelBatchGenerator.RuleGenerator] 合并区域: 行8 列20 跨1行 1列
[2026-08-21 21:33:29.090] [INFO] [ExcelBatchGenerator.RuleGenerator] 合并区域: 行9 列2 跨1行 1列
[2026-08-21 21:33:29.090] [INFO] [ExcelBatchGenerator.RuleGenerator] 合并区域: 行9 列3 跨1行 1列
[2026-08-21 21:33:29.090] [INFO] [ExcelBatchGenerator.RuleGenerator] 合并区域: 行9 列4 跨1行 1列
[2026-08-21 21:33:29.090] [INFO] [ExcelBatchGenerator.RuleGenerator] 合并区域: 行9 列5 跨1行 1列
[2026-08-21 21:33:29.090] [INFO] [ExcelBatchGenerator.RuleGenerator] 合并区域: 行9 列6 跨1行 1列
[2026-08-21 21:33:29.090] [INFO] [ExcelBatchGenerator.RuleGenerator] 合并区域: 行9 列7 跨1行 1列
[2026-08-21 21:33:29.090] [INFO] [ExcelBatchGenerator.RuleGenerator] 合并区域: 行9 列8 跨1行 1列
[2026-08-21 21:33:29.090] [INFO] [ExcelBatchGenerator.RuleGenerator] 合并区域: 行9 列9 跨1行 1列
[2026-08-21 21:33:29.090] [INFO] [ExcelBatchGenerator.RuleGenerator] 合并区域: 行9 列10 跨1行 1列
[2026-08-21 21:33:29.090] [INFO] [ExcelBatchGenerator.RuleGenerator] 合并区域: 行9 列11 跨1行 1列
[2026-08-21 21:33:29.090] [INFO] [ExcelBatchGenerator.RuleGenerator] 合并区域: 行9 列12 跨1行 1列
[2026-08-21 21:33:29.090] [INFO] [ExcelBatchGenerator.RuleGenerator] 合并区域: 行9 列13 跨1行 1列
[2026-08-21 21:33:29.090] [INFO] [ExcelBatchGenerator.RuleGenerator] 合并区域: 行9 列14 跨1行 1列
[2026-08-21 21:33:29.091] [INFO] [ExcelBatchGenerator.RuleGenerator] 合并区域: 行9 列15 跨1行 1列
[2026-08-21 21:33:29.091] [INFO] [ExcelBatchGenerator.RuleGenerator] 合并区域: 行9 列16 跨1行 1列
[2026-08-21 21:33:29.091] [INFO] [ExcelBatchGenerator.RuleGenerator] 合并区域: 行9 列17 跨1行 1列
[2026-08-21 21:33:29.091] [INFO] [ExcelBatchGenerator.RuleGenerator] 合并区域: 行9 列18 跨1行 1列
[2026-08-21 21:33:29.091] [INFO] [ExcelBatchGenerator.RuleGenerator] 合并区域: 行9 列19 跨1行 1列
[2026-08-21 21:33:29.091] [INFO] [ExcelBatchGenerator.RuleGenerator] 合并区域: 行9 列20 跨1行 1列
[2026-08-21 21:33:29.091] [INFO] [ExcelBatchGenerator.RuleGenerator] 合并区域: 行10 列2 跨1行 1列
[2026-08-21 21:33:29.091] [INFO] [ExcelBatchGenerator.RuleGenerator] 合并区域: 行10 列3 跨1行 1列
[2026-08-21 21:33:29.091] [INFO] [ExcelBatchGenerator.RuleGenerator] 合并区域: 行10 列4 跨1行 1列
[2026-08-21 21:33:29.091] [INFO] [ExcelBatchGenerator.RuleGenerator] 合并区域: 行10 列5 跨1行 1列
[2026-08-21 21:33:29.091] [INFO] [ExcelBatchGenerator.RuleGenerator] 合并区域: 行10 列6 跨1行 1列
[2026-08-21 21:33:29.091] [INFO] [ExcelBatchGenerator.RuleGenerator] 合并区域: 行10 列7 跨1行 1列
[2026-08-21 21:33:29.091] [INFO] [ExcelBatchGenerator.RuleGenerator] 合并区域: 行10 列8 跨1行 1列
[2026-08-21 21:33:29.091] [INFO] [ExcelBatchGenerator.RuleGenerator] 合并区域: 行10 列9 跨1行 1列
[2026-08-21 21:33:29.091] [INFO] [ExcelBatchGenerator.RuleGenerator] 合并区域: 行10 列10 跨1行 1列
[2026-08-21 21:33:29.091] [INFO] [ExcelBatchGenerator.RuleGenerator] 合并区域: 行10 列11 跨1行 1列
[2026-08-21 21:33:29.091] [INFO] [ExcelBatchGenerator.RuleGenerator] 合并区域: 行10 列12 跨1行 1列
[2026-08-21 21:33:29.092] [INFO] [ExcelBatchGenerator.RuleGenerator] 合并区域: 行10 列13 跨1行 1列
[2026-08-21 21:33:29.092] [INFO] [ExcelBatchGenerator.RuleGenerator] 合并区域: 行10 列14 跨1行 1列
[2026-08-21 21:33:29.092] [INFO] [ExcelBatchGenerator.RuleGenerator] 合并区域: 行10 列15 跨1行 1列
[2026-08-21 21:33:29.092] [INFO] [ExcelBatchGenerator.RuleGenerator] 合并区域: 行10 列16 跨1行 1列
[2026-08-21 21:33:29.092] [INFO] [ExcelBatchGenerator.RuleGenerator] 合并区域: 行10 列17 跨1行 1列
[2026-08-21 21:33:29.092] [INFO] [ExcelBatchGenerator.RuleGenerator] 合并区域: 行10 列18 跨1行 1列
[2026-08-21 21:33:29.092] [INFO] [ExcelBatchGenerator.RuleGenerator] 合并区域: 行10 列19 跨1行 1列
[2026-08-21 21:33:29.092] [INFO] [ExcelBatchGenerator.RuleGenerator] 合并区域: 行10 列20 跨1行 1列
[2026-08-21 21:33:29.092] [INFO] [ExcelBatchGenerator.RuleGenerator] 合并区域: 行11 列2 跨1行 1列
[2026-08-21 21:33:29.092] [INFO] [ExcelBatchGenerator.RuleGenerator] 合并区域: 行11 列3 跨1行 1列
[2026-08-21 21:33:29.092] [INFO] [ExcelBatchGenerator.RuleGenerator] 合并区域: 行11 列4 跨1行 1列
[2026-08-21 21:33:29.092] [INFO] [ExcelBatchGenerator.RuleGenerator] 合并区域: 行11 列5 跨1行 1列
[2026-08-21 21:33:29.092] [INFO] [ExcelBatchGenerator.RuleGenerator] 合并区域: 行11 列6 跨1行 1列
[2026-08-21 21:33:29.092] [INFO] [ExcelBatchGenerator.RuleGenerator] 合并区域: 行11 列7 跨1行 1列
[2026-08-21 21:33:29.092] [INFO] [ExcelBatchGenerator.RuleGenerator] 合并区域: 行11 列8 跨1行 1列
[2026-08-21 21:33:29.092] [INFO] [ExcelBatchGenerator.RuleGenerator] 合并区域: 行11 列9 跨1行 1列
[2026-08-21 21:33:29.092] [INFO] [ExcelBatchGenerator.RuleGenerator] 合并区域: 行11 列10 跨1行 1列
[2026-08-21 21:33:29.092] [INFO] [ExcelBatchGenerator.RuleGenerator] 合并区域: 行11 列11 跨1行 1列
[2026-08-21 21:33:29.093] [INFO] [ExcelBatchGenerator.RuleGenerator] 合并区域: 行11 列12 跨1行 1列
[2026-08-21 21:33:29.093] [INFO] [ExcelBatchGenerator.RuleGenerator] 合并区域: 行11 列13 跨1行 1列
[2026-08-21 21:33:29.093] [INFO] [ExcelBatchGenerator.RuleGenerator] 合并区域: 行11 列14 跨1行 1列
[2026-08-21 21:33:29.093] [INFO] [ExcelBatchGenerator.RuleGenerator] 合并区域: 行11 列15 跨1行 1列
[2026-08-21 21:33:29.093] [INFO] [ExcelBatchGenerator.RuleGenerator] 合并区域: 行11 列16 跨1行 1列
[2026-08-21 21:33:29.093] [INFO] [ExcelBatchGenerator.RuleGenerator] 合并区域: 行11 列17 跨1行 1列
[2026-08-21 21:33:29.093] [INFO] [ExcelBatchGenerator.RuleGenerator] 合并区域: 行11 列18 跨1行 1列
[2026-08-21 21:33:29.093] [INFO] [ExcelBatchGenerator.RuleGenerator] 合并区域: 行11 列19 跨1行 1列
[2026-08-21 21:33:29.093] [INFO] [ExcelBatchGenerator.RuleGenerator] 合并区域: 行11 列20 跨1行 1列
[2026-08-21 21:33:29.093] [INFO] [ExcelBatchGenerator.RuleGenerator] 合并区域: 行12 列2 跨1行 1列
[2026-08-21 21:33:29.093] [INFO] [ExcelBatchGenerator.RuleGenerator] 合并区域: 行12 列3 跨1行 1列
[2026-08-21 21:33:29.093] [INFO] [ExcelBatchGenerator.RuleGenerator] 合并区域: 行12 列4 跨1行 1列
[2026-08-21 21:33:29.093] [INFO] [ExcelBatchGenerator.RuleGenerator] 合并区域: 行12 列5 跨1行 1列
[2026-08-21 21:33:29.093] [INFO] [ExcelBatchGenerator.RuleGenerator] 合并区域: 行12 列6 跨1行 1列
[2026-08-21 21:33:29.093] [INFO] [ExcelBatchGenerator.RuleGenerator] 合并区域: 行12 列7 跨1行 1列
[2026-08-21 21:33:29.093] [INFO] [ExcelBatchGenerator.RuleGenerator] 合并区域: 行12 列8 跨1行 1列
[2026-08-21 21:33:29.094] [INFO] [ExcelBatchGenerator.RuleGenerator] 合并区域: 行12 列9 跨1行 1列
[2026-08-21 21:33:29.094] [INFO] [ExcelBatchGenerator.RuleGenerator] 合并区域: 行12 列10 跨1行 1列
[2026-08-21 21:33:29.094] [INFO] [ExcelBatchGenerator.RuleGenerator] 合并区域: 行12 列11 跨1行 1列
[2026-08-21 21:33:29.094] [INFO] [ExcelBatchGenerator.RuleGenerator] 合并区域: 行12 列12 跨1行 1列
[2026-08-21 21:33:29.094] [INFO] [ExcelBatchGenerator.RuleGenerator] 合并区域: 行12 列13 跨1行 1列
[2026-08-21 21:33:29.094] [INFO] [ExcelBatchGenerator.RuleGenerator] 合并区域: 行12 列14 跨1行 1列
[2026-08-21 21:33:29.094] [INFO] [ExcelBatchGenerator.RuleGenerator] 合并区域: 行12 列15 跨1行 1列
[2026-08-21 21:33:29.095] [INFO] [ExcelBatchGenerator.RuleGenerator] 合并区域: 行12 列16 跨1行 1列
[2026-08-21 21:33:29.095] [INFO] [ExcelBatchGenerator.RuleGenerator] 合并区域: 行12 列17 跨1行 1列
[2026-08-21 21:33:29.095] [INFO] [ExcelBatchGenerator.RuleGenerator] 合并区域: 行12 列18 跨1行 1列
[2026-08-21 21:33:29.095] [INFO] [ExcelBatchGenerator.RuleGenerator] 合并区域: 行12 列19 跨1行 1列
[2026-08-21 21:33:29.095] [INFO] [ExcelBatchGenerator.RuleGenerator] 合并区域: 行12 列20 跨1行 1列
[2026-08-21 21:33:29.095] [INFO] [ExcelBatchGenerator.RuleGenerator] 合并区域: 行13 列2 跨1行 1列
[2026-08-21 21:33:29.095] [INFO] [ExcelBatchGenerator.RuleGenerator] 合并区域: 行13 列3 跨1行 1列
[2026-08-21 21:33:29.095] [INFO] [ExcelBatchGenerator.RuleGenerator] 合并区域: 行13 列4 跨1行 1列
[2026-08-21 21:33:29.096] [INFO] [ExcelBatchGenerator.RuleGenerator] 合并区域: 行13 列5 跨1行 1列
[2026-08-21 21:33:29.096] [INFO] [ExcelBatchGenerator.RuleGenerator] 合并区域: 行13 列6 跨1行 1列
[2026-08-21 21:33:29.096] [INFO] [ExcelBatchGenerator.RuleGenerator] 合并区域: 行13 列7 跨1行 1列
[2026-08-21 21:33:29.096] [INFO] [ExcelBatchGenerator.RuleGenerator] 合并区域: 行13 列8 跨1行 1列
[2026-08-21 21:33:29.096] [INFO] [ExcelBatchGenerator.RuleGenerator] 合并区域: 行13 列9 跨1行 1列
[2026-08-21 21:33:29.096] [INFO] [ExcelBatchGenerator.RuleGenerator] 合并区域: 行13 列10 跨1行 1列
[2026-08-21 21:33:29.096] [INFO] [ExcelBatchGenerator.RuleGenerator] 合并区域: 行13 列11 跨1行 1列
[2026-08-21 21:33:29.096] [INFO] [ExcelBatchGenerator.RuleGenerator] 合并区域: 行13 列12 跨1行 1列
[2026-08-21 21:33:29.096] [INFO] [ExcelBatchGenerator.RuleGenerator] 合并区域: 行13 列13 跨1行 1列
[2026-08-21 21:33:29.096] [INFO] [ExcelBatchGenerator.RuleGenerator] 合并区域: 行13 列14 跨1行 1列
[2026-08-21 21:33:29.096] [INFO] [ExcelBatchGenerator.RuleGenerator] 合并区域: 行13 列15 跨1行 1列
[2026-08-21 21:33:29.096] [INFO] [ExcelBatchGenerator.RuleGenerator] 合并区域: 行13 列16 跨1行 1列
[2026-08-21 21:33:29.096] [INFO] [ExcelBatchGenerator.RuleGenerator] 合并区域: 行13 列17 跨1行 1列
[2026-08-21 21:33:29.096] [INFO] [ExcelBatchGenerator.RuleGenerator] 合并区域: 行13 列18 跨1行 1列
[2026-08-21 21:33:29.096] [INFO] [ExcelBatchGenerator.RuleGenerator] 合并区域: 行13 列19 跨1行 1列
[2026-08-21 21:33:29.097] [INFO] [ExcelBatchGenerator.RuleGenerator] 合并区域: 行13 列20 跨1行 1列
[2026-08-21 21:33:29.097] [INFO] [ExcelBatchGenerator.RuleGenerator] 合并区域: 行14 列2 跨1行 1列
[2026-08-21 21:33:29.097] [INFO] [ExcelBatchGenerator.RuleGenerator] 合并区域: 行14 列3 跨1行 1列
[2026-08-21 21:33:29.097] [INFO] [ExcelBatchGenerator.RuleGenerator] 合并区域: 行14 列4 跨1行 1列
[2026-08-21 21:33:29.097] [INFO] [ExcelBatchGenerator.RuleGenerator] 合并区域: 行14 列5 跨1行 1列
[2026-08-21 21:33:29.097] [INFO] [ExcelBatchGenerator.RuleGenerator] 合并区域: 行14 列6 跨1行 1列
[2026-08-21 21:33:29.097] [INFO] [ExcelBatchGenerator.RuleGenerator] 合并区域: 行14 列7 跨1行 1列
[2026-08-21 21:33:29.097] [INFO] [ExcelBatchGenerator.RuleGenerator] 合并区域: 行14 列8 跨1行 1列
[2026-08-21 21:33:29.097] [INFO] [ExcelBatchGenerator.RuleGenerator] 合并区域: 行14 列9 跨1行 1列
[2026-08-21 21:33:29.097] [INFO] [ExcelBatchGenerator.RuleGenerator] 合并区域: 行14 列10 跨1行 1列
[2026-08-21 21:33:29.097] [INFO] [ExcelBatchGenerator.RuleGenerator] 合并区域: 行14 列11 跨1行 1列
[2026-08-21 21:33:29.097] [INFO] [ExcelBatchGenerator.RuleGenerator] 合并区域: 行14 列12 跨1行 1列
[2026-08-21 21:33:29.097] [INFO] [ExcelBatchGenerator.RuleGenerator] 合并区域: 行14 列13 跨1行 1列
[2026-08-21 21:33:29.097] [INFO] [ExcelBatchGenerator.RuleGenerator] 合并区域: 行14 列14 跨1行 1列
[2026-08-21 21:33:29.097] [INFO] [ExcelBatchGenerator.RuleGenerator] 合并区域: 行14 列15 跨1行 1列
[2026-08-21 21:33:29.098] [INFO] [ExcelBatchGenerator.RuleGenerator] 合并区域: 行14 列16 跨1行 1列
[2026-08-21 21:33:29.098] [INFO] [ExcelBatchGenerator.RuleGenerator] 合并区域: 行14 列17 跨1行 1列
[2026-08-21 21:33:29.098] [INFO] [ExcelBatchGenerator.RuleGenerator] 合并区域: 行14 列18 跨1行 1列
[2026-08-21 21:33:29.098] [INFO] [ExcelBatchGenerator.RuleGenerator] 合并区域: 行14 列19 跨1行 1列
[2026-08-21 21:33:29.098] [INFO] [ExcelBatchGenerator.RuleGenerator] 合并区域: 行14 列20 跨1行 1列
[2026-08-21 21:33:29.098] [INFO] [ExcelBatchGenerator.RuleGenerator] 合并区域: 行15 列2 跨1行 1列
[2026-08-21 21:33:29.098] [INFO] [ExcelBatchGenerator.RuleGenerator] 合并区域: 行15 列3 跨1行 1列
[2026-08-21 21:33:29.098] [INFO] [ExcelBatchGenerator.RuleGenerator] 合并区域: 行15 列4 跨1行 1列
[2026-08-21 21:33:29.098] [INFO] [ExcelBatchGenerator.RuleGenerator] 合并区域: 行15 列5 跨1行 1列
[2026-08-21 21:33:29.098] [INFO] [ExcelBatchGenerator.RuleGenerator] 合并区域: 行15 列6 跨1行 1列
[2026-08-21 21:33:29.098] [INFO] [ExcelBatchGenerator.RuleGenerator] 合并区域: 行15 列7 跨1行 1列
[2026-08-21 21:33:29.098] [INFO] [ExcelBatchGenerator.RuleGenerator] 合并区域: 行15 列8 跨1行 1列
[2026-08-21 21:33:29.098] [INFO] [ExcelBatchGenerator.RuleGenerator] 合并区域: 行15 列9 跨1行 1列
[2026-08-21 21:33:29.098] [INFO] [ExcelBatchGenerator.RuleGenerator] 合并区域: 行15 列10 跨1行 1列
[2026-08-21 21:33:29.098] [INFO] [ExcelBatchGenerator.RuleGenerator] 合并区域: 行15 列11 跨1行 1列
[2026-08-21 21:33:29.098] [INFO] [ExcelBatchGenerator.RuleGenerator] 合并区域: 行15 列12 跨1行 1列
[2026-08-21 21:33:29.099] [INFO] [ExcelBatchGenerator.RuleGenerator] 合并区域: 行15 列13 跨1行 1列
[2026-08-21 21:33:29.099] [INFO] [ExcelBatchGenerator.RuleGenerator] 合并区域: 行15 列14 跨1行 1列
[2026-08-21 21:33:29.099] [INFO] [ExcelBatchGenerator.RuleGenerator] 合并区域: 行15 列15 跨1行 1列
[2026-08-21 21:33:29.099] [INFO] [ExcelBatchGenerator.RuleGenerator] 合并区域: 行15 列16 跨1行 1列
[2026-08-21 21:33:29.099] [INFO] [ExcelBatchGenerator.RuleGenerator] 合并区域: 行15 列17 跨1行 1列
[2026-08-21 21:33:29.099] [INFO] [ExcelBatchGenerator.RuleGenerator] 合并区域: 行15 列18 跨1行 1列
[2026-08-21 21:33:29.099] [INFO] [ExcelBatchGenerator.RuleGenerator] 合并区域: 行15 列19 跨1行 1列
[2026-08-21 21:33:29.099] [INFO] [ExcelBatchGenerator.RuleGenerator] 合并区域: 行15 列20 跨1行 1列
[2026-08-21 21:33:29.099] [INFO] [ExcelBatchGenerator.RuleGenerator] 合并区域: 行16 列1 跨1行 8列
[2026-08-21 21:33:29.099] [INFO] [ExcelBatchGenerator.RuleGenerator] 合并区域: 行16 列9 跨1行 1列
[2026-08-21 21:33:29.099] [INFO] [ExcelBatchGenerator.RuleGenerator] 合并区域: 行16 列10 跨1行 1列
[2026-08-21 21:33:29.099] [INFO] [ExcelBatchGenerator.RuleGenerator] 合并区域: 行16 列11 跨1行 1列
[2026-08-21 21:33:29.100] [INFO] [ExcelBatchGenerator.RuleGenerator] 合并区域: 行16 列12 跨1行 1列
[2026-08-21 21:33:29.100] [INFO] [ExcelBatchGenerator.RuleGenerator] 合并区域: 行16 列13 跨1行 1列
[2026-08-21 21:33:29.100] [INFO] [ExcelBatchGenerator.RuleGenerator] 合并区域: 行16 列14 跨1行 1列
[2026-08-21 21:33:29.100] [INFO] [ExcelBatchGenerator.RuleGenerator] 合并区域: 行16 列15 跨1行 1列
[2026-08-21 21:33:29.100] [INFO] [ExcelBatchGenerator.RuleGenerator] 合并区域: 行16 列16 跨1行 1列
[2026-08-21 21:33:29.100] [INFO] [ExcelBatchGenerator.RuleGenerator] 合并区域: 行16 列17 跨1行 1列
[2026-08-21 21:33:29.101] [INFO] [ExcelBatchGenerator.RuleGenerator] 合并区域: 行16 列18 跨1行 1列
[2026-08-21 21:33:29.101] [INFO] [ExcelBatchGenerator.RuleGenerator] 合并区域: 行16 列19 跨1行 1列
[2026-08-21 21:33:29.101] [INFO] [ExcelBatchGenerator.RuleGenerator] 合并区域: 行16 列20 跨1行 1列
[2026-08-21 21:33:29.101] [INFO] [ExcelBatchGenerator.RuleGenerator] 合并区域: 行17 列1 跨1行 1列
[2026-08-21 21:33:29.101] [INFO] [ExcelBatchGenerator.RuleGenerator] 合并区域: 行17 列2 跨1行 1列
[2026-08-21 21:33:29.101] [INFO] [ExcelBatchGenerator.RuleGenerator] 合并区域: 行17 列3 跨1行 1列
[2026-08-21 21:33:29.101] [INFO] [ExcelBatchGenerator.RuleGenerator] 合并区域: 行17 列4 跨1行 1列
[2026-08-21 21:33:29.101] [INFO] [ExcelBatchGenerator.RuleGenerator] 合并区域: 行17 列5 跨1行 1列
[2026-08-21 21:33:29.101] [INFO] [ExcelBatchGenerator.RuleGenerator] 合并区域: 行17 列6 跨1行 1列
[2026-08-21 21:33:29.101] [INFO] [ExcelBatchGenerator.RuleGenerator] 合并区域: 行17 列7 跨1行 1列
[2026-08-21 21:33:29.101] [INFO] [ExcelBatchGenerator.RuleGenerator] 合并区域: 行17 列8 跨1行 1列
[2026-08-21 21:33:29.101] [INFO] [ExcelBatchGenerator.RuleGenerator] 合并区域: 行17 列9 跨1行 1列
[2026-08-21 21:33:29.102] [INFO] [ExcelBatchGenerator.RuleGenerator] 合并区域: 行17 列10 跨1行 1列
[2026-08-21 21:33:29.102] [INFO] [ExcelBatchGenerator.RuleGenerator] 合并区域: 行17 列11 跨1行 1列
[2026-08-21 21:33:29.102] [INFO] [ExcelBatchGenerator.RuleGenerator] 合并区域: 行17 列12 跨1行 1列
[2026-08-21 21:33:29.102] [INFO] [ExcelBatchGenerator.RuleGenerator] 合并区域: 行17 列13 跨1行 1列
[2026-08-21 21:33:29.102] [INFO] [ExcelBatchGenerator.RuleGenerator] 合并区域: 行17 列14 跨1行 1列
[2026-08-21 21:33:29.102] [INFO] [ExcelBatchGenerator.RuleGenerator] 合并区域: 行17 列15 跨1行 1列
[2026-08-21 21:33:29.102] [INFO] [ExcelBatchGenerator.RuleGenerator] 合并区域: 行17 列16 跨1行 1列
[2026-08-21 21:33:29.102] [INFO] [ExcelBatchGenerator.RuleGenerator] 合并区域: 行17 列17 跨1行 1列
[2026-08-21 21:33:29.102] [INFO] [ExcelBatchGenerator.RuleGenerator] 合并区域: 行17 列18 跨1行 1列
[2026-08-21 21:33:29.102] [INFO] [ExcelBatchGenerator.RuleGenerator] 合并区域: 行17 列19 跨1行 1列
[2026-08-21 21:33:29.102] [INFO] [ExcelBatchGenerator.RuleGenerator] 合并区域: 行17 列20 跨1行 1列
[2026-08-21 21:33:29.102] [INFO] [ExcelBatchGenerator.RuleGenerator] 合并区域: 行18 列1 跨1行 19列
[2026-08-21 21:33:29.102] [INFO] [ExcelBatchGenerator.RuleGenerator] 合并区域: 行18 列20 跨1行 1列
[2026-08-21 21:33:29.102] [INFO] [ExcelBatchGenerator.RuleGenerator] 合并区域: 行19 列1 跨1行 1列
[2026-08-21 21:33:29.102] [INFO] [ExcelBatchGenerator.RuleGenerator] 合并区域: 行19 列2 跨1行 1列
[2026-08-21 21:33:29.102] [INFO] [ExcelBatchGenerator.RuleGenerator] 合并区域: 行19 列3 跨1行 1列
[2026-08-21 21:33:29.102] [INFO] [ExcelBatchGenerator.RuleGenerator] 合并区域: 行19 列4 跨1行 1列
[2026-08-21 21:33:29.102] [INFO] [ExcelBatchGenerator.RuleGenerator] 合并区域: 行19 列5 跨1行 1列
[2026-08-21 21:33:29.103] [INFO] [ExcelBatchGenerator.RuleGenerator] 合并区域: 行19 列6 跨1行 1列
[2026-08-21 21:33:29.103] [INFO] [ExcelBatchGenerator.RuleGenerator] 合并区域: 行19 列7 跨1行 1列
[2026-08-21 21:33:29.103] [INFO] [ExcelBatchGenerator.RuleGenerator] 合并区域: 行19 列8 跨1行 1列
[2026-08-21 21:33:29.103] [INFO] [ExcelBatchGenerator.RuleGenerator] 合并区域: 行19 列9 跨1行 1列
[2026-08-21 21:33:29.103] [INFO] [ExcelBatchGenerator.RuleGenerator] 合并区域: 行19 列10 跨1行 1列
[2026-08-21 21:33:29.103] [INFO] [ExcelBatchGenerator.RuleGenerator] 合并区域: 行19 列11 跨1行 1列
[2026-08-21 21:33:29.103] [INFO] [ExcelBatchGenerator.RuleGenerator] 合并区域: 行19 列12 跨1行 1列
[2026-08-21 21:33:29.103] [INFO] [ExcelBatchGenerator.RuleGenerator] 合并区域: 行19 列13 跨1行 1列
[2026-08-21 21:33:29.103] [INFO] [ExcelBatchGenerator.RuleGenerator] 合并区域: 行19 列14 跨1行 1列
[2026-08-21 21:33:29.103] [INFO] [ExcelBatchGenerator.RuleGenerator] 合并区域: 行19 列15 跨1行 1列
[2026-08-21 21:33:29.103] [INFO] [ExcelBatchGenerator.RuleGenerator] 合并区域: 行19 列16 跨1行 1列
[2026-08-21 21:33:29.103] [INFO] [ExcelBatchGenerator.RuleGenerator] 合并区域: 行19 列17 跨1行 1列
[2026-08-21 21:33:29.103] [INFO] [ExcelBatchGenerator.RuleGenerator] 合并区域: 行19 列18 跨1行 1列
[2026-08-21 21:33:29.103] [INFO] [ExcelBatchGenerator.RuleGenerator] 合并区域: 行19 列19 跨1行 1列
[2026-08-21 21:33:29.104] [INFO] [ExcelBatchGenerator.RuleGenerator] 合并区域: 行19 列20 跨1行 1列
[2026-08-21 21:33:29.104] [INFO] [ExcelBatchGenerator.RuleGenerator] 合并区域: 行20 列1 跨1行 1列
[2026-08-21 21:33:29.104] [INFO] [ExcelBatchGenerator.RuleGenerator] 合并区域: 行20 列2 跨1行 1列
[2026-08-21 21:33:29.104] [INFO] [ExcelBatchGenerator.RuleGenerator] 合并区域: 行20 列3 跨1行 1列
[2026-08-21 21:33:29.104] [INFO] [ExcelBatchGenerator.RuleGenerator] 合并区域: 行20 列4 跨1行 1列
[2026-08-21 21:33:29.104] [INFO] [ExcelBatchGenerator.RuleGenerator] 合并区域: 行20 列5 跨1行 1列
[2026-08-21 21:33:29.104] [INFO] [ExcelBatchGenerator.RuleGenerator] 合并区域: 行20 列6 跨1行 1列
[2026-08-21 21:33:29.104] [INFO] [ExcelBatchGenerator.RuleGenerator] 合并区域: 行20 列7 跨1行 1列
[2026-08-21 21:33:29.104] [INFO] [ExcelBatchGenerator.RuleGenerator] 合并区域: 行20 列8 跨1行 1列
[2026-08-21 21:33:29.104] [INFO] [ExcelBatchGenerator.RuleGenerator] 合并区域: 行20 列9 跨1行 1列
[2026-08-21 21:33:29.104] [INFO] [ExcelBatchGenerator.RuleGenerator] 合并区域: 行20 列10 跨1行 1列
[2026-08-21 21:33:29.104] [INFO] [ExcelBatchGenerator.RuleGenerator] 合并区域: 行20 列11 跨1行 1列
[2026-08-21 21:33:29.105] [INFO] [ExcelBatchGenerator.RuleGenerator] 合并区域: 行20 列12 跨1行 1列
[2026-08-21 21:33:29.105] [INFO] [ExcelBatchGenerator.RuleGenerator] 合并区域: 行20 列13 跨1行 1列
[2026-08-21 21:33:29.105] [INFO] [ExcelBatchGenerator.RuleGenerator] 合并区域: 行20 列14 跨1行 1列
[2026-08-21 21:33:29.105] [INFO] [ExcelBatchGenerator.RuleGenerator] 合并区域: 行20 列15 跨1行 1列
[2026-08-21 21:33:29.105] [INFO] [ExcelBatchGenerator.RuleGenerator] 合并区域: 行20 列16 跨1行 1列
[2026-08-21 21:33:29.105] [INFO] [ExcelBatchGenerator.RuleGenerator] 合并区域: 行20 列17 跨1行 1列
[2026-08-21 21:33:29.105] [INFO] [ExcelBatchGenerator.RuleGenerator] 合并区域: 行20 列18 跨1行 1列
[2026-08-21 21:33:29.105] [INFO] [ExcelBatchGenerator.RuleGenerator] 合并区域: 行20 列19 跨1行 1列
[2026-08-21 21:33:29.105] [INFO] [ExcelBatchGenerator.RuleGenerator] 合并区域: 行20 列20 跨1行 1列
[2026-08-21 21:33:29.105] [INFO] [ExcelBatchGenerator.RuleGenerator] 切换到工作表: 过程尺寸检验记录
[2026-08-21 21:33:35.214] [INFO] [ExcelBatchGenerator.RuleGenerator] 规则生成器关闭
